date,shares,gross,costs,pnl,aum,ret
2020-08-18,0,0.0,0.0,0.0,100000.0,0.0
2020-08-19,0,0.0,0.0,0.0,100000.0,0.0
2020-08-20,0,0.0,0.0,0.0,100000.0,0.0
2020-08-24,0,0.0,0.0,0.0,100000.0,0.0
2020-08-25,0,0.0,0.0,0.0,100000.0,0.0
2020-08-26,977,1582.7400000000043,8.793000000000001,1573.9470000000044,101573.947,0.015739470000000044
2020-08-27,950,-968.9999999999827,8.55,-977.5499999999827,100596.39700000001,-0.009624022979041887
2020-08-28,0,0.0,0.0,0.0,100596.39700000001,0.0
2020-08-31,932,149.1200000000233,8.388000000000002,140.7320000000233,100737.12900000003,0.0013989765458500795
2020-09-01,899,1083.2949999999857,8.091000000000001,1075.2039999999859,101812.33300000001,0.010673363542055933
2020-09-02,875,1863.749999999996,7.875000000000001,1855.874999999996,103668.20800000001,0.018228390857127255
2020-09-03,815,5835.399999999974,7.335000000000001,5828.064999999974,109496.27299999999,0.0562184406621553
2020-09-04,513,441.180000000007,4.617000000000001,436.563000000007,109932.836,0.003987012416395278
2020-09-08,533,564.9800000000012,4.797000000000001,560.1830000000011,110493.019,0.005095684059310552
2020-09-09,454,771.7999999999948,4.086,767.7139999999948,111260.733,0.0069480769640296895
2020-09-10,423,1569.3299999999913,3.8070000000000004,1565.5229999999913,112826.25599999998,0.014070759357661174
2020-09-11,418,-982.2999999999857,3.7620000000000005,-986.0619999999858,111840.19399999999,-0.008739650104138756
2020-09-14,412,-263.6799999999944,3.7080000000000006,-267.3879999999944,111572.806,-0.0023908041504290883
2020-09-15,0,0.0,0.0,0.0,111572.806,0.0
2020-09-16,0,0.0,0.0,0.0,111572.806,0.0
2020-09-17,0,0.0,0.0,0.0,111572.806,0.0
2020-09-18,421,1427.1899999999941,3.7890000000000006,1423.4009999999942,112996.207,0.012757597940128835
2020-09-21,434,-1900.919999999998,3.9060000000000006,-1904.825999999998,111091.381,-0.016857433099502165
2020-09-22,0,0.0,0.0,0.0,111091.381,0.0
2020-09-23,417,1955.729999999999,3.7530000000000006,1951.9769999999992,113043.358,0.01757091308460734
2020-09-24,445,-1259.350000000018,4.005000000000001,-1263.3550000000182,111780.00299999997,-0.011175844581687128
2020-09-25,498,1210.1400000000035,4.482,1205.6580000000035,112985.66099999998,0.010785990048685218
2020-09-28,0,0.0,0.0,0.0,112985.66099999998,0.0
2020-09-29,485,-96.99999999999449,4.365,-101.36499999999448,112884.29599999999,-0.0008971492409111498
2020-09-30,530,-100.6999999999988,4.7700000000000005,-105.46999999999879,112778.82599999999,-0.0009343195088889848
2020-10-01,0,0.0,0.0,0.0,112778.82599999999,0.0
2020-10-02,0,0.0,0.0,0.0,112778.82599999999,0.0
2020-10-06,0,0.0,0.0,0.0,112778.82599999999,0.0
2020-10-12,542,336.04000000000246,4.878000000000001,331.1620000000025,113109.98799999998,0.0029363845301954333
2020-10-13,0,0.0,0.0,0.0,113109.98799999998,0.0
2020-10-14,351,101.79000000000718,3.1590000000000003,98.63100000000718,113208.61899999999,0.0008719919588357413
2020-10-15,0,0.0,0.0,0.0,113208.61899999999,0.0
2020-10-16,373,-1242.089999999994,3.357,-1245.446999999994,111963.17199999999,-0.011001344341105283
2020-10-19,370,66.60000000000252,3.3300000000000005,63.270000000002526,112026.442,0.0005650965301340563
2020-10-20,395,-521.3999999999974,3.5550000000000006,-524.9549999999973,111501.487,-0.00468599190180473
2020-10-21,393,-1065.029999999992,3.5370000000000004,-1068.566999999992,110432.92,-0.009583432730363427
2020-10-22,0,0.0,0.0,0.0,110432.92,0.0
2020-10-23,0,0.0,0.0,0.0,110432.92,0.0
2020-10-26,412,45.32000000000562,3.7080000000000006,41.61200000000562,110474.532,0.0003768079300991554
2020-10-27,0,0.0,0.0,0.0,110474.532,0.0
2020-10-28,403,838.2399999999936,3.6270000000000002,834.6129999999937,111309.145,0.007554800051110365
2020-10-29,362,767.4400000000016,3.2580000000000005,764.1820000000016,112073.327,0.00686540176011595
2020-10-30,359,-581.5799999999813,3.2310000000000003,-584.8109999999813,111488.51600000002,-0.0052181104608412425
2020-11-02,593,-794.6199999999851,5.337000000000001,-799.9569999999851,110688.55900000004,-0.007175241259826124
2020-11-03,547,339.1400000000025,4.923000000000001,334.2170000000025,111022.77600000004,0.003019435820824105
2020-11-04,486,449.5499999999779,4.3740000000000006,445.1759999999779,111467.95200000002,0.004009771832763196
2020-11-05,427,-591.3949999999961,3.8430000000000004,-595.2379999999961,110872.71400000002,-0.005339992251763951
2020-11-06,397,-661.0050000000081,3.5730000000000004,-664.578000000008,110208.13600000001,-0.005994062705094492
2020-11-09,0,0.0,0.0,0.0,110208.13600000001,0.0
2020-11-10,0,0.0,0.0,0.0,110208.13600000001,0.0
2020-11-11,0,0.0,0.0,0.0,110208.13600000001,0.0
2020-11-12,399,-11.970000000011794,3.5910000000000006,-15.561000000011795,110192.575,-0.00014119647210086007
2020-11-13,0,0.0,0.0,0.0,110192.575,0.0
2020-11-16,0,0.0,0.0,0.0,110192.575,0.0
2020-11-17,405,-917.3250000000176,3.6450000000000005,-920.9700000000175,109271.60499999998,-0.008357822657289002
2020-11-18,0,0.0,0.0,0.0,109271.60499999998,0.0
2020-11-19,0,0.0,0.0,0.0,109271.60499999998,0.0
2020-11-20,0,0.0,0.0,0.0,109271.60499999998,0.0
2020-11-23,0,0.0,0.0,0.0,109271.60499999998,0.0
2020-11-24,558,446.40000000000634,5.022,441.37800000000635,109712.983,0.004039274429985781
2020-11-25,594,-350.45999999998514,5.346000000000001,-355.80599999998515,109357.17700000001,-0.0032430619446377207
2020-11-30,658,-802.7599999999806,5.922000000000001,-808.6819999999806,108548.49500000002,-0.007394869017147183
2020-12-01,648,-667.4400000000192,5.832000000000001,-673.2720000000191,107875.223,-0.006202499629313322
2020-12-07,0,0.0,0.0,0.0,107875.223,0.0
2020-12-08,648,90.71999999999116,5.832000000000001,84.88799999999117,107960.11099999999,0.0007869091496570178
2020-12-09,649,976.744999999997,5.841000000000001,970.903999999997,108931.01499999998,0.008993173413836127
2020-12-10,0,0.0,0.0,0.0,108931.01499999998,0.0
2020-12-11,717,-1874.9550000000065,6.453000000000001,-1881.4080000000065,107049.60699999997,-0.01727155484597299
2020-12-14,750,-3652.5000000000036,6.750000000000001,-3659.2500000000036,103390.35699999997,-0.03418275043270364
2020-12-15,729,346.27499999997514,6.561000000000001,339.71399999997516,103730.07099999995,0.003285741628689562
2020-12-16,0,0.0,0.0,0.0,103730.07099999995,0.0
2020-12-17,0,0.0,0.0,0.0,103730.07099999995,0.0
2020-12-18,808,420.1599999999853,7.272000000000001,412.8879999999853,104142.95899999994,0.003980407957110002
2020-12-21,759,-4182.089999999993,6.831,-4188.920999999993,99954.03799999996,-0.04022279605095526
2020-12-22,0,0.0,0.0,0.0,99954.03799999996,0.0
2020-12-29,0,0.0,0.0,0.0,99954.03799999996,0.0
2020-12-30,0,0.0,0.0,0.0,99954.03799999996,0.0
2020-12-31,0,0.0,0.0,0.0,99954.03799999996,0.0
2021-01-04,816,2970.239999999989,7.344000000000001,2962.895999999989,102916.93399999995,0.029642584324607178
2021-01-05,743,891.5999999999915,6.687000000000001,884.9129999999915,103801.84699999994,0.008598322604519018
2021-01-06,766,1049.4200000000035,6.894000000000001,1042.5260000000035,104844.37299999993,0.010043424371822634
2021-01-07,749,651.6300000000034,6.7410000000000005,644.8890000000034,105489.26199999994,0.006150916654344471
2021-01-08,0,0.0,0.0,0.0,105489.26199999994,0.0
2021-01-11,0,0.0,0.0,0.0,105489.26199999994,0.0
2021-01-12,0,0.0,0.0,0.0,105489.26199999994,0.0
2021-01-13,0,0.0,0.0,0.0,105489.26199999994,0.0
2021-01-15,727,-814.2400000000033,6.543000000000001,-820.7830000000033,104668.47899999993,-0.007780725587027083
2021-01-19,0,0.0,0.0,0.0,104668.47899999993,0.0
2021-01-20,683,720.5649999999658,6.147000000000001,714.4179999999658,105382.8969999999,0.006825531495494133
2021-01-21,0,0.0,0.0,0.0,105382.8969999999,0.0
2021-01-22,0,0.0,0.0,0.0,105382.8969999999,0.0
2021-01-25,661,-2508.4950000000104,5.949000000000001,-2514.4440000000104,102868.45299999989,-0.023860076649819307
2021-01-26,0,0.0,0.0,0.0,102868.45299999989,0.0
2021-01-27,758,2402.860000000012,6.822000000000001,2396.038000000012,105264.4909999999,0.02329225267925449
2021-01-28,556,-61.160000000007585,5.0040000000000004,-66.16400000000759,105198.3269999999,-0.0006285500397280945
2021-01-29,551,1457.39499999999,4.9590000000000005,1452.43599999999,106650.76299999989,0.013806645423172854
2021-02-01,530,-5.29999999999518,4.7700000000000005,-10.06999999999518,106640.6929999999,-9.442032777576274e-05
2021-02-02,481,189.99499999999125,4.329000000000001,185.66599999999124,106826.3589999999,0.0017410426993379668
2021-02-03,0,0.0,0.0,0.0,106826.3589999999,0.0
2021-02-04,457,1021.3950000000062,4.113,1017.2820000000062,107843.6409999999,0.009522762074105766
2021-02-05,0,0.0,0.0,0.0,107843.6409999999,0.0
2021-02-08,0,0.0,0.0,0.0,107843.6409999999,0.0
2021-02-09,0,0.0,0.0,0.0,107843.6409999999,0.0
2021-02-10,0,0.0,0.0,0.0,107843.6409999999,0.0
2021-02-11,0,0.0,0.0,0.0,107843.6409999999,0.0
2021-02-12,0,0.0,0.0,0.0,107843.6409999999,0.0
2021-02-16,0,0.0,0.0,0.0,107843.6409999999,0.0
2021-02-17,0,0.0,0.0,0.0,107843.6409999999,0.0
2021-02-18,633,-1433.7449999999913,5.697000000000001,-1439.4419999999911,106404.1989999999,-0.01334749074356635
2021-02-19,0,0.0,0.0,0.0,106404.1989999999,0.0
2021-02-22,0,0.0,0.0,0.0,106404.1989999999,0.0
2021-02-23,959,-7911.75,17.262,-7929.012,98475.1869999999,-0.07451784868001315
2021-02-24,1019,3454.409999999986,9.171000000000001,3445.2389999999864,101920.42599999989,0.03498585892505073
2021-02-25,964,6786.5600000000195,8.676,6777.884000000019,108698.30999999991,0.06650172360935802
2021-02-26,689,-1226.4200000000203,6.2010000000000005,-1232.6210000000203,107465.6889999999,-0.011339835918332321
2021-03-01,681,1736.5500000000077,6.1290000000000004,1730.4210000000078,109196.1099999999,0.016102078869098483
2021-03-02,535,551.0499999999854,4.815,546.2349999999853,109742.34499999988,0.005002330211213438
2021-03-03,533,1694.9400000000037,4.797000000000001,1690.1430000000037,111432.4879999999,0.015401010430385878
2021-03-04,523,125.52000000000476,4.707000000000001,120.81300000000476,111553.3009999999,0.00108418112319277
2021-03-05,510,-3937.199999999985,9.180000000000001,-3946.3799999999846,107606.92099999991,-0.03537663130201757
2021-03-08,442,-2333.760000000013,3.9780000000000006,-2337.738000000013,105269.1829999999,-0.02172479221852296
2021-03-09,430,-174.14999999998827,3.8700000000000006,-178.01999999998827,105091.16299999991,-0.0016910932043615124
2021-03-10,0,0.0,0.0,0.0,105091.16299999991,0.0
2021-03-11,397,-206.43999999999278,3.5730000000000004,-210.0129999999928,104881.14999999992,-0.001998388770328795
2021-03-12,0,0.0,0.0,0.0,104881.14999999992,0.0
2021-03-15,0,0.0,0.0,0.0,104881.14999999992,0.0
2021-03-16,0,0.0,0.0,0.0,104881.14999999992,0.0
2021-03-17,0,0.0,0.0,0.0,104881.14999999992,0.0
2021-03-18,0,0.0,0.0,0.0,104881.14999999992,0.0
2021-03-19,447,-429.12000000001626,4.023000000000001,-433.1430000000163,104448.00699999991,-0.004129846020948632
2021-03-22,518,613.8300000000012,4.662000000000001,609.1680000000011,105057.17499999992,0.0058322606385395334
2021-03-23,522,-125.28000000000475,4.698,-129.97800000000476,104927.19699999991,-0.0012372120228818723
2021-03-24,0,0.0,0.0,0.0,104927.19699999991,0.0
2021-03-25,593,112.66999999999865,5.337000000000001,107.33299999999865,105034.52999999991,0.001022928307138508
2021-03-26,672,1259.9999999999618,18.144000000000002,1241.8559999999618,106276.38599999987,0.011823311819455591
2021-03-29,620,-557.9999999999859,5.580000000000001,-563.579999999986,105712.80599999988,-0.005302965420747245
2021-03-30,0,0.0,0.0,0.0,105712.80599999988,0.0
2021-03-31,669,-535.2000000000075,12.042000000000002,-547.2420000000076,105165.56399999987,-0.005176685973126172
2021-04-01,698,-90.73999999999683,18.846000000000004,-109.58599999999683,105055.97799999987,-0.0010420331126641128
2021-04-05,644,1088.3599999999985,5.796,1082.5639999999985,106138.54199999987,0.010304639684568923
2021-04-06,0,0.0,0.0,0.0,106138.54199999987,0.0
2021-04-07,0,0.0,0.0,0.0,106138.54199999987,0.0
2021-04-08,0,0.0,0.0,0.0,106138.54199999987,0.0
2021-04-09,706,504.78999999998234,12.708000000000002,492.0819999999823,106630.62399999985,0.004636223474786217
2021-04-12,0,0.0,0.0,0.0,106630.62399999985,0.0
2021-04-14,738,-350.5500000000168,6.642,-357.1920000000168,106273.43199999984,-0.003349806899751588
2021-04-15,805,317.9750000000311,7.245000000000001,310.7300000000311,106584.16199999987,0.0029238728264655233
2021-04-16,0,0.0,0.0,0.0,106584.16199999987,0.0
2021-04-19,848,-1238.0800000000309,22.896000000000004,-1260.9760000000308,105323.18599999984,-0.011830800902671003
2021-04-20,903,45.150000000010266,8.127,37.02300000001026,105360.20899999986,0.00035151804086149007
2021-04-21,813,2113.7999999999724,7.317000000000001,2106.4829999999724,107466.69199999984,0.019993155100897487
2021-04-22,816,-620.1599999999926,7.344000000000001,-627.5039999999926,106839.18799999985,-0.005839055695507903
2021-04-23,720,1800.0,6.48,1793.52,108632.70799999985,0.016787098756310303
2021-04-26,0,0.0,0.0,0.0,108632.70799999985,0.0
2021-04-27,0,0.0,0.0,0.0,108632.70799999985,0.0
2021-04-28,0,0.0,0.0,0.0,108632.70799999985,0.0
2021-04-29,0,0.0,0.0,0.0,108632.70799999985,0.0
2021-04-30,0,0.0,0.0,0.0,108632.70799999985,0.0
2021-05-03,0,0.0,0.0,0.0,108632.70799999985,0.0
2021-05-04,791,63.28000000003237,7.119000000000001,56.161000000032374,108688.86899999989,0.0005169805764211682
2021-05-05,0,0.0,0.0,0.0,108688.86899999989,0.0
2021-05-06,838,-934.3700000000076,15.084000000000001,-949.4540000000076,107739.41499999988,-0.008735521941993974
2021-05-07,788,701.3199999999892,14.184000000000001,687.1359999999893,108426.55099999986,0.006377758780294009
2021-05-10,778,1330.3800000000283,7.002000000000001,1323.3780000000284,109749.92899999989,0.01220529462382355
2021-05-11,777,-1592.8500000000088,6.993000000000001,-1599.8430000000087,108150.08599999988,-0.014577166605729743
2021-05-12,767,2945.2799999999806,6.9030000000000005,2938.376999999981,111088.46299999986,0.02716943747968896
2021-05-13,635,76.19999999996679,5.715000000000001,70.48499999996679,111158.94799999983,0.0006344943308826487
2021-05-14,617,925.5,5.553000000000001,919.947,112078.89499999983,0.008275959934417529
2021-05-17,0,0.0,0.0,0.0,112078.89499999983,0.0
2021-05-18,0,0.0,0.0,0.0,112078.89499999983,0.0
2021-05-19,0,0.0,0.0,0.0,112078.89499999983,0.0
2021-05-20,559,1109.6150000000075,5.031000000000001,1104.5840000000076,113183.47899999983,0.009855414795087062
2021-05-21,539,-1719.4099999999987,4.851000000000001,-1724.2609999999988,111459.21799999983,-0.015234210992931234
2021-05-24,531,39.82499999999396,4.779000000000001,35.04599999999396,111494.26399999982,0.0003144289061851664
2021-05-25,0,0.0,0.0,0.0,111494.26399999982,0.0
2021-05-26,0,0.0,0.0,0.0,111494.26399999982,0.0
2021-05-27,0,0.0,0.0,0.0,111494.26399999982,0.0
2021-05-28,0,0.0,0.0,0.0,111494.26399999982,0.0
2021-06-01,0,0.0,0.0,0.0,111494.26399999982,0.0
2021-06-02,0,0.0,0.0,0.0,111494.26399999982,0.0
2021-06-03,0,0.0,0.0,0.0,111494.26399999982,0.0
2021-06-04,855,98.32500000000778,15.390000000000002,82.93500000000778,111577.19899999983,0.0007438499257684495
2021-06-07,983,167.11000000001565,8.847000000000001,158.26300000001564,111735.46199999985,0.001418417036979176
2021-06-08,993,-1112.1600000000044,8.937000000000001,-1121.0970000000043,110614.36499999985,-0.01003349321632559
2021-06-09,0,0.0,0.0,0.0,110614.36499999985,0.0
2021-06-10,1046,-517.7700000000048,9.414000000000001,-527.1840000000047,110087.18099999984,-0.004765963263451411
2021-06-11,0,0.0,0.0,0.0,110087.18099999984,0.0
2021-06-14,1037,-632.5700000000141,27.999000000000002,-660.5690000000142,109426.61199999982,-0.00600041706944985
2021-06-15,1028,-627.080000000014,18.504,-645.584000000014,108781.0279999998,-0.00589969832932427
2021-06-16,1024,512.0,9.216000000000001,502.784,109283.8119999998,0.004621982428774261
2021-06-17,1036,-1864.8000000000118,9.324000000000002,-1874.1240000000118,107409.68799999979,-0.017149145566042436
2021-06-18,1030,-1957.0000000000352,18.540000000000003,-1975.5400000000352,105434.14799999975,-0.0183925680893891
2021-06-21,868,2491.160000000004,7.812000000000001,2483.348000000004,107917.49599999975,0.02355354547940208
2021-06-22,728,829.9199999999901,6.5520000000000005,823.36799999999,108740.86399999974,0.007629606231782768
2021-06-23,0,0.0,0.0,0.0,108740.86399999974,0.0
2021-06-24,0,0.0,0.0,0.0,108740.86399999974,0.0
2021-06-25,0,0.0,0.0,0.0,108740.86399999974,0.0
2021-06-28,0,0.0,0.0,0.0,108740.86399999974,0.0
2021-06-29,0,0.0,0.0,0.0,108740.86399999974,0.0
2021-06-30,0,0.0,0.0,0.0,108740.86399999974,0.0
2021-07-01,750,502.50000000001194,13.500000000000002,489.00000000001194,109229.86399999975,0.004496929507567763
2021-07-02,736,390.0799999999799,6.6240000000000006,383.4559999999799,109613.31999999973,0.00351054176905302
2021-07-06,711,895.8599999999935,6.399000000000001,889.4609999999935,110502.78099999973,0.00811453389058917
2021-07-07,0,0.0,0.0,0.0,110502.78099999973,0.0
2021-07-08,0,0.0,0.0,0.0,110502.78099999973,0.0
2021-07-09,694,1388.0,6.246,1381.754,111884.53499999973,0.012504246386342108
2021-07-12,922,-202.84000000002516,24.894000000000002,-227.73400000002516,111656.8009999997,-0.00203543769476296
2021-07-13,0,0.0,0.0,0.0,111656.8009999997,0.0
2021-07-14,0,0.0,0.0,0.0,111656.8009999997,0.0
2021-07-15,1027,-1211.860000000007,9.243,-1221.103000000007,110435.6979999997,-0.010936216952875178
2021-07-16,1013,1332.0950000000553,18.234,1313.8610000000554,111749.55899999975,0.01189706792091864
2021-07-19,954,-1879.380000000026,17.172,-1896.552000000026,109853.00699999972,-0.016971449524915177
2021-07-20,734,2077.2199999999884,6.606000000000001,2070.613999999988,111923.62099999971,0.018848951490239983
2021-07-21,633,-373.47000000002015,5.697000000000001,-379.16700000002015,111544.45399999969,-0.003387729923427166
2021-07-22,0,0.0,0.0,0.0,111544.45399999969,0.0
2021-07-23,612,-428.39999999999304,11.016000000000002,-439.41599999999306,111105.0379999997,-0.00393938007890553
2021-07-26,0,0.0,0.0,0.0,111105.0379999997,0.0
2021-07-27,599,386.35500000002315,5.391000000000001,380.96400000002313,111486.00199999972,0.0034288634148167446
2021-07-28,0,0.0,0.0,0.0,111486.00199999972,0.0
2021-07-29,622,52.86999999998727,11.196000000000002,41.673999999987274,111527.6759999997,0.00037380477595732047
2021-07-30,0,0.0,0.0,0.0,111527.6759999997,0.0
2021-08-02,0,0.0,0.0,0.0,111527.6759999997,0.0
2021-08-03,652,-381.4200000000237,11.736,-393.1560000000237,111134.51999999968,-0.0035251877749162886
2021-08-04,0,0.0,0.0,0.0,111134.51999999968,0.0
2021-08-05,0,0.0,0.0,0.0,111134.51999999968,0.0
2021-08-06,0,0.0,0.0,0.0,111134.51999999968,0.0
2021-08-09,825,-37.124999999966235,7.425000000000001,-44.54999999996623,111089.96999999972,-0.0004008655456465404
2021-08-10,999,-874.125,8.991000000000001,-883.116,110206.85399999973,-0.007949556562127095
2021-08-11,0,0.0,0.0,0.0,110206.85399999973,0.0
2021-08-12,993,228.38999999996162,8.937000000000001,219.4529999999616,110426.3069999997,0.00199128268374272
2021-08-13,0,0.0,0.0,0.0,110426.3069999997,0.0
2021-08-16,993,-382.30499999999097,8.937000000000001,-391.241999999991,110035.06499999971,-0.0035430144376737333
2021-08-17,990,-34.65000000002476,8.910000000000002,-43.560000000024765,109991.50499999968,-0.0003958738062273592
2021-08-18,993,2209.424999999966,8.937000000000001,2200.487999999966,112191.99299999965,0.02000598137101563
2021-08-19,995,-1004.9500000000476,8.955000000000002,-1013.9050000000476,111178.08799999961,-0.009037231382457487
2021-08-20,1010,1565.5000000000114,9.090000000000002,1556.4100000000115,112734.49799999963,0.013999251363272382
2021-08-23,950,874.0000000000151,8.55,865.4500000000152,113599.94799999964,0.007676886980948973
2021-08-24,0,0.0,0.0,0.0,113599.94799999964,0.0
2021-08-25,994,-198.7999999999887,17.892000000000003,-216.6919999999887,113383.25599999964,-0.0019075008731517147
2021-08-26,1010,671.6500000000207,18.180000000000003,653.4700000000207,114036.72599999966,0.005763373032787335
2021-08-27,971,737.9600000000464,8.739,729.2210000000464,114765.94699999971,0.006394615362773994
2021-08-30,901,72.08000000003688,8.109000000000002,63.971000000036874,114829.91799999974,0.0005574040181103288
2021-08-31,889,-431.1650000000121,8.001000000000001,-439.1660000000121,114390.75199999973,-0.0038244911051840435
2021-09-01,0,0.0,0.0,0.0,114390.75199999973,0.0
2021-09-02,0,0.0,0.0,0.0,114390.75199999973,0.0
2021-09-03,0,0.0,0.0,0.0,114390.75199999973,0.0
2021-09-07,875,-1211.8750000000418,15.750000000000002,-1227.6250000000418,113163.12699999969,-0.01073185531641618
2021-09-08,913,-1638.8350000000146,16.434,-1655.2690000000146,111507.85799999967,-0.014627282259529813
2021-09-09,989,-425.2700000000067,17.802000000000003,-443.0720000000067,111064.78599999967,-0.003973459879392608
2021-09-10,984,993.840000000047,17.712000000000003,976.128000000047,112040.91399999971,0.008788816286019314
2021-09-13,0,0.0,0.0,0.0,112040.91399999971,0.0
2021-09-14,999,84.91500000003634,17.982000000000003,66.93300000003634,112107.84699999975,0.0005973978398644313
2021-09-15,1008,1869.8400000000183,9.072000000000001,1860.7680000000184,113968.61499999977,0.016598017442971878
2021-09-16,1004,436.7400000000023,9.036000000000001,427.7040000000023,114396.31899999977,0.003752822652095958
2021-09-17,1029,2155.7550000000283,9.261000000000001,2146.4940000000283,116542.8129999998,0.01876366319094614
2021-09-20,1004,-1119.4600000000091,9.036000000000001,-1128.4960000000092,115414.31699999979,-0.009683102466387275
2021-09-21,0,0.0,0.0,0.0,115414.31699999979,0.0
2021-09-22,822,238.38000000001682,7.398000000000001,230.98200000001682,115645.29899999981,0.002001328829940719
2021-09-23,726,551.7600000000347,6.534000000000001,545.2260000000347,116190.52499999985,0.004714640410934781
2021-09-24,0,0.0,0.0,0.0,116190.52499999985,0.0
2021-09-27,0,0.0,0.0,0.0,116190.52499999985,0.0
2021-09-28,652,2001.6399999999956,11.736,1989.9039999999954,118180.42899999984,0.01712621575640525
2021-09-29,0,0.0,0.0,0.0,118180.42899999984,0.0
2021-09-30,563,731.9000000000065,5.067,726.8330000000065,118907.26199999986,0.006150197677823689
2021-10-01,557,111.39999999999367,5.013000000000001,106.38699999999366,119013.64899999984,0.0008947056572540859
2021-10-04,519,716.2199999999976,4.671,711.5489999999976,119725.19799999984,0.005978717617506194
2021-10-05,506,845.020000000008,4.554,840.4660000000081,120565.66399999986,0.007019959156801805
2021-10-06,0,0.0,0.0,0.0,120565.66399999986,0.0
2021-10-07,486,-1064.3400000000265,4.3740000000000006,-1068.7140000000265,119496.94999999984,-0.00886416550569512
2021-10-08,0,0.0,0.0,0.0,119496.94999999984,0.0
2021-10-11,540,91.7999999999779,4.86,86.9399999999779,119583.88999999981,0.0007275499500194609
2021-10-12,0,0.0,0.0,0.0,119583.88999999981,0.0
2021-10-13,0,0.0,0.0,0.0,119583.88999999981,0.0
2021-10-14,580,777.1999999999855,5.220000000000001,771.9799999999855,120355.86999999979,0.00645555183060182
2021-10-15,0,0.0,0.0,0.0,120355.86999999979,0.0
2021-10-18,0,0.0,0.0,0.0,120355.86999999979,0.0
2021-10-19,0,0.0,0.0,0.0,120355.86999999979,0.0
2021-10-20,0,0.0,0.0,0.0,120355.86999999979,0.0
2021-10-21,0,0.0,0.0,0.0,120355.86999999979,0.0
2021-10-22,0,0.0,0.0,0.0,120355.86999999979,0.0
2021-10-25,0,0.0,0.0,0.0,120355.86999999979,0.0
2021-10-26,0,0.0,0.0,0.0,120355.86999999979,0.0
2021-10-27,0,0.0,0.0,0.0,120355.86999999979,0.0
2021-10-28,881,854.570000000024,15.858000000000002,838.7120000000241,121194.58199999982,0.006968600700572606
2021-10-29,0,0.0,0.0,0.0,121194.58199999982,0.0
2021-11-01,0,0.0,0.0,0.0,121194.58199999982,0.0
2021-11-02,1030,-597.3999999999836,37.080000000000005,-634.4799999999836,120560.10199999984,-0.005235217528123366
2021-11-03,1023,792.8250000000348,9.207,783.6180000000348,121343.71999999987,0.006499812019071085
2021-11-04,1042,-1120.1499999999883,9.378000000000002,-1129.5279999999882,120214.19199999988,-0.009308499854792563
2021-11-05,1024,-245.7600000000093,9.216000000000001,-254.97600000000932,119959.21599999987,-0.002121014131176871
2021-11-08,0,0.0,0.0,0.0,119959.21599999987,0.0
2021-11-09,1021,-704.4899999999976,18.378000000000004,-722.8679999999977,119236.34799999987,-0.006025948018866666
2021-11-10,1024,501.7600000000093,9.216000000000001,492.5440000000093,119728.89199999988,0.004130820913770437
2021-11-11,0,0.0,0.0,0.0,119728.89199999988,0.0
2021-11-12,1029,442.470000000007,9.261000000000001,433.209000000007,120162.10099999988,0.0036182494698105737
2021-11-15,0,0.0,0.0,0.0,120162.10099999988,0.0
2021-11-16,1028,-976.5999999999883,18.504,-995.1039999999883,119166.99699999989,-0.00828134654536366
2021-11-17,1016,-589.2799999999838,9.144000000000002,-598.4239999999838,118568.5729999999,-0.005021725939774956
2021-11-18,1010,-696.8999999999977,9.090000000000002,-705.9899999999977,117862.58299999991,-0.0059542759277367565
2021-11-19,0,0.0,0.0,0.0,117862.58299999991,0.0
2021-11-22,1001,-590.5900000000319,9.009,-599.5990000000319,117262.98399999988,-0.0050872718443649954
2021-11-23,1003,-4924.729999999968,27.081000000000003,-4951.810999999968,112311.17299999991,-0.042228253376188796
2021-11-24,0,0.0,0.0,0.0,112311.17299999991,0.0
2021-11-29,968,-1897.2799999999802,8.712000000000002,-1905.9919999999802,110405.18099999992,-0.016970635681990268
2021-11-30,955,1800.1749999999913,8.595,1791.5799999999913,112196.76099999991,0.01622731817268605
2021-12-01,738,-4723.200000000025,13.284,-4736.484000000025,107460.27699999989,-0.04221587109809728
2021-12-02,665,957.5999999999985,5.985,951.6149999999985,108411.89199999989,0.008855504811326697
2021-12-03,560,1125.599999999995,5.040000000000001,1120.559999999995,109532.45199999989,0.010336135449051992
2021-12-06,555,382.94999999999874,4.995000000000001,377.95499999999873,109910.40699999989,0.0034506211912429304
2021-12-07,521,536.6300000000153,4.689000000000001,531.9410000000154,110442.34799999991,0.004839769176726057
2021-12-08,0,0.0,0.0,0.0,110442.34799999991,0.0
2021-12-09,0,0.0,0.0,0.0,110442.34799999991,0.0
2021-12-10,0,0.0,0.0,0.0,110442.34799999991,0.0
2021-12-13,420,415.79999999997995,3.7800000000000002,412.01999999998,110854.36799999989,0.0037306341947744566
2021-12-14,0,0.0,0.0,0.0,110854.36799999989,0.0
2021-12-15,414,-2831.7599999999898,7.452000000000001,-2839.21199999999,108015.1559999999,-0.025612089547973362
2021-12-16,371,-79.76500000001181,3.3390000000000004,-83.10400000001181,107932.0519999999,-0.0007693735127319715
2021-12-17,373,-193.96000000001442,3.357,-197.31700000001442,107734.73499999988,-0.001828159442387092
2021-12-20,369,-1070.0999999999917,3.321,-1073.4209999999916,106661.3139999999,-0.00996355539371766
2021-12-21,382,462.2199999999922,3.4380000000000006,458.7819999999922,107120.09599999989,0.004301297094464753
2021-12-22,372,580.3200000000008,3.3480000000000003,576.9720000000009,107697.06799999988,0.005386216233413397
2021-12-23,380,121.60000000001901,10.260000000000002,111.340000000019,107808.40799999991,0.0010338257305205294
2021-12-27,388,993.2800000000009,3.4920000000000004,989.7880000000009,108798.19599999991,0.009180990781349834
2021-12-28,0,0.0,0.0,0.0,108798.19599999991,0.0
2021-12-29,0,0.0,0.0,0.0,108798.19599999991,0.0
2021-12-30,0,0.0,0.0,0.0,108798.19599999991,0.0
2021-12-31,0,0.0,0.0,0.0,108798.19599999991,0.0
2022-01-03,0,0.0,0.0,0.0,108798.19599999991,0.0
2022-01-04,447,-379.95000000001016,4.023000000000001,-383.9730000000102,108414.2229999999,-0.0035292221205580517
2022-01-05,460,2263.200000000007,4.140000000000001,2259.060000000007,110673.28299999991,0.02083730286938467
2022-01-06,0,0.0,0.0,0.0,110673.28299999991,0.0
2022-01-07,461,-1106.4000000000158,4.149000000000001,-1110.549000000016,109562.7339999999,-0.010034481402345467
2022-01-10,499,-843.3100000000272,8.982000000000001,-852.2920000000272,108710.44199999986,-0.007779031874104456
2022-01-11,523,-1642.2199999999632,18.828000000000003,-1661.0479999999632,107049.3939999999,-0.015279562564927896
2022-01-12,0,0.0,0.0,0.0,107049.3939999999,0.0
2022-01-13,595,1701.6999999999744,5.355,1696.3449999999743,108745.73899999987,0.015846376486727015
2022-01-14,0,0.0,0.0,0.0,108745.73899999987,0.0
2022-01-18,672,-913.9200000000092,18.144000000000002,-932.0640000000092,107813.67499999986,-0.008571039275387243
2022-01-19,577,-1396.340000000009,10.386000000000001,-1406.726000000009,106406.94899999985,-0.013047751131755882
2022-01-20,568,-5787.919999999998,5.112000000000001,-5793.031999999998,100613.91699999986,-0.05444223384320517
2022-01-21,531,2989.5299999999975,4.779000000000001,2984.7509999999975,103598.66799999986,0.0296653891329964
2022-01-24,514,-5659.139999999996,4.626,-5663.765999999996,97934.90199999986,-0.05467025888788458
2022-01-25,491,-2690.680000000009,4.4190000000000005,-2695.099000000009,95239.80299999985,-0.027519290313886387
2022-01-26,0,0.0,0.0,0.0,95239.80299999985,0.0
2022-01-27,505,-5643.374999999977,9.090000000000002,-5652.464999999977,89587.33799999987,-0.05934981826873357
2022-01-28,486,194.39999999998872,8.748000000000001,185.65199999998873,89772.98999999986,0.0020723017799679348
2022-01-31,345,1854.375,3.1050000000000004,1851.27,91624.25999999986,0.020621681421104533
2022-02-01,0,0.0,0.0,0.0,91624.25999999986,0.0
2022-02-02,0,0.0,0.0,0.0,91624.25999999986,0.0
2022-02-03,0,0.0,0.0,0.0,91624.25999999986,0.0
2022-02-04,288,-305.28000000000065,2.5920000000000005,-307.87200000000064,91316.38799999986,-0.003360158106597544
2022-02-07,0,0.0,0.0,0.0,91316.38799999986,0.0
2022-02-08,298,508.0900000000122,2.6820000000000004,505.4080000000122,91821.79599999987,0.005534691100572363
2022-02-09,0,0.0,0.0,0.0,91821.79599999987,0.0
2022-02-10,0,0.0,0.0,0.0,91821.79599999987,0.0
2022-02-11,300,1922.9999999999905,2.7,1920.2999999999904,93742.09599999986,0.020913335217272302
2022-02-14,289,-315.0099999999928,2.6010000000000004,-317.61099999999277,93424.48499999987,-0.0033881363181808228
2022-02-15,293,161.15000000000333,2.6370000000000005,158.51300000000333,93582.99799999988,0.0016966965351749442
2022-02-16,0,0.0,0.0,0.0,93582.99799999988,0.0
2022-02-17,286,1081.0799999999922,2.5740000000000003,1078.5059999999921,94661.50399999987,0.011524593388213461
2022-02-18,296,-754.7999999999865,5.328,-760.1279999999865,93901.37599999989,-0.008029959042273273
2022-02-22,318,267.1200000000101,2.8620000000000005,264.2580000000101,94165.6339999999,0.002814207962192273
2022-02-23,321,1865.0100000000007,2.8890000000000002,1862.1210000000008,96027.7549999999,0.019774953142672014
2022-02-24,0,0.0,0.0,0.0,96027.7549999999,0.0
2022-02-25,333,1901.4299999999932,2.9970000000000003,1898.4329999999932,97926.1879999999,0.019769628062220084
2022-02-28,0,0.0,0.0,0.0,97926.1879999999,0.0
2022-03-01,303,799.9199999999959,2.7270000000000003,797.1929999999959,98723.38099999989,0.008140753931930821
2022-03-02,305,283.6500000000021,2.745,280.9050000000021,99004.28599999989,0.0028453745926712375
2022-03-03,293,-190.44999999999334,2.6370000000000005,-193.08699999999334,98811.19899999989,-0.0019502893036367492
2022-03-04,310,-1125.2999999999986,2.7900000000000005,-1128.0899999999986,97683.1089999999,-0.011416620903466618
2022-03-07,323,2671.209999999994,2.9070000000000005,2668.302999999994,100351.4119999999,0.02731590985704598
2022-03-08,301,-4545.099999999989,5.418000000000001,-4550.517999999989,95800.89399999991,-0.04534582931429001
2022-03-09,0,0.0,0.0,0.0,95800.89399999991,0.0
2022-03-10,0,0.0,0.0,0.0,95800.89399999991,0.0
2022-03-11,0,0.0,0.0,0.0,95800.89399999991,0.0
2022-03-14,276,-2086.5600000000004,2.4840000000000004,-2089.0440000000003,93711.84999999992,-0.021806101308407436
2022-03-15,273,578.7600000000012,2.4570000000000003,576.3030000000012,94288.15299999992,0.006149734531972229
2022-03-16,259,945.3500000000088,2.3310000000000004,943.0190000000088,95231.17199999993,0.010001457977440809
2022-03-17,251,399.090000000008,2.2590000000000003,396.831000000008,95628.00299999994,0.004167028417963902
2022-03-18,0,0.0,0.0,0.0,95628.00299999994,0.0
2022-03-21,0,0.0,0.0,0.0,95628.00299999994,0.0
2022-03-22,264,269.2800000000102,2.3760000000000003,266.9040000000102,95894.90699999995,0.0027910652907810946
2022-03-23,0,0.0,0.0,0.0,95894.90699999995,0.0
2022-03-24,265,527.3500000000024,2.3850000000000002,524.9650000000024,96419.87199999994,0.005474378321259571
2022-03-25,0,0.0,0.0,0.0,96419.87199999994,0.0
2022-03-28,0,0.0,0.0,0.0,96419.87199999994,0.0
2022-03-29,0,0.0,0.0,0.0,96419.87199999994,0.0
2022-03-30,0,0.0,0.0,0.0,96419.87199999994,0.0
2022-03-31,0,0.0,0.0,0.0,96419.87199999994,0.0
2022-04-01,0,0.0,0.0,0.0,96419.87199999994,0.0
2022-04-04,369,-77.49000000001342,9.963000000000001,-87.45300000001342,96332.41899999994,-0.0009070018263456466
2022-04-05,400,359.9999999999909,7.200000000000001,352.7999999999909,96685.21899999992,0.0036623184973688986
2022-04-06,423,-452.6099999999971,3.8070000000000004,-456.41699999999713,96228.80199999992,-0.0047206491821671056
2022-04-07,417,-225.18000000000853,3.7530000000000006,-228.93300000000855,95999.86899999992,-0.002379048634524295
2022-04-08,418,-2384.6899999999932,7.524000000000001,-2392.213999999993,93607.65499999993,-0.024918929837289622
2022-04-11,410,1106.9999999999955,3.6900000000000004,1103.3099999999954,94710.96499999992,0.011786536047719561
2022-04-12,398,-2579.0400000000072,7.164000000000001,-2586.2040000000075,92124.76099999991,-0.027306278634158247
2022-04-13,410,1443.1999999999925,3.6900000000000004,1439.5099999999925,93564.2709999999,0.015625657905370238
2022-04-14,427,1812.615000000002,3.8430000000000004,1808.772000000002,95373.0429999999,0.019331866541235636
2022-04-18,0,0.0,0.0,0.0,95373.0429999999,0.0
2022-04-19,444,1500.7200000000232,3.9960000000000004,1496.7240000000231,96869.76699999992,0.01569336526255144
2022-04-20,0,0.0,0.0,0.0,96869.76699999992,0.0
2022-04-21,425,1557.6249999999845,3.8250000000000006,1553.7999999999845,98423.56699999991,0.016040092261190075
2022-04-22,442,3637.659999999983,3.9780000000000006,3633.681999999983,102057.2489999999,0.036918820469085276
2022-04-25,399,-3271.7999999999956,3.5910000000000006,-3275.3909999999955,98781.8579999999,-0.032093663430022484
2022-04-26,390,3014.700000000007,3.5100000000000002,3011.190000000007,101793.04799999991,0.03048322901559525
2022-04-27,362,-1305.0100000000066,3.2580000000000005,-1308.2680000000066,100484.7799999999,-0.012852233288072952
2022-04-28,350,735.000000000008,3.1500000000000004,731.850000000008,101216.6299999999,0.007283192539208512
2022-04-29,305,2809.049999999994,2.745,2806.304999999994,104022.9349999999,0.027725730445678706
2022-05-02,279,-3889.2599999999993,5.022,-3894.2819999999992,100128.6529999999,-0.037436763344545154
2022-05-03,267,-469.9199999999976,2.4030000000000005,-472.3229999999976,99656.3299999999,-0.004717161230562025
2022-05-04,263,1378.1200000000024,2.3670000000000004,1375.7530000000024,101032.0829999999,0.013804973552608287
2022-05-05,238,1765.9600000000037,2.1420000000000003,1763.8180000000036,102795.9009999999,0.017457998960587653
2022-05-06,230,-1198.3000000000084,2.0700000000000003,-1200.3700000000083,101595.53099999989,-0.011677216584735315
2022-05-09,231,928.6199999999958,2.079,926.5409999999958,102522.07199999988,0.009119899181392112
2022-05-10,0,0.0,0.0,0.0,102522.07199999988,0.0
2022-05-11,232,-1470.8800000000206,4.176,-1475.0560000000205,101047.01599999986,-0.014387692047425868
2022-05-12,0,0.0,0.0,0.0,101047.01599999986,0.0
2022-05-13,237,144.57000000000323,2.1330000000000005,142.43700000000322,101189.45299999986,0.00140961114576608
2022-05-16,0,0.0,0.0,0.0,101189.45299999986,0.0
2022-05-17,0,0.0,0.0,0.0,101189.45299999986,0.0
2022-05-18,224,2060.7999999999975,2.016,2058.7839999999974,103248.23699999986,0.020345835845164615
2022-05-19,0,0.0,0.0,0.0,103248.23699999986,0.0
2022-05-20,245,-1259.2999999999965,2.205,-1261.5049999999965,101986.73199999987,-0.012218174727767973
2022-05-23,0,0.0,0.0,0.0,101986.73199999987,0.0
2022-05-24,235,-761.4000000000021,2.115,-763.5150000000021,101223.21699999987,-0.007486414997590109
2022-05-25,0,0.0,0.0,0.0,101223.21699999987,0.0
2022-05-26,278,745.0400000000019,2.5020000000000002,742.538000000002,101965.75499999987,0.007335649093231278
2022-05-27,260,1116.7000000000041,2.3400000000000003,1114.3600000000042,103080.11499999987,0.010928767212090035
2022-05-31,276,-505.0799999999956,2.4840000000000004,-507.5639999999956,102572.55099999988,-0.004923975880314028
2022-06-01,271,-234.41500000000246,2.4390000000000005,-236.85400000000246,102335.69699999987,-0.00230913629124816
2022-06-02,282,958.7999999999936,2.5380000000000003,956.2619999999936,103291.95899999986,0.009344363971058846
2022-06-03,0,0.0,0.0,0.0,103291.95899999986,0.0
2022-06-06,0,0.0,0.0,0.0,103291.95899999986,0.0
2022-06-07,0,0.0,0.0,0.0,103291.95899999986,0.0
2022-06-08,0,0.0,0.0,0.0,103291.95899999986,0.0
2022-06-09,378,1122.6600000000103,3.4020000000000006,1119.2580000000103,104411.21699999987,0.010835867678722327
2022-06-10,351,231.66000000000878,3.1590000000000003,228.5010000000088,104639.71799999988,0.002188471761611677
2022-06-13,319,673.0900000000044,2.8710000000000004,670.2190000000044,105309.93699999987,0.006405015349907625
2022-06-14,0,0.0,0.0,0.0,105309.93699999987,0.0
2022-06-15,293,-905.3700000000093,2.6370000000000005,-908.0070000000094,104401.92999999986,-0.008622234765936765
2022-06-16,291,488.880000000002,2.619,486.26100000000196,104888.19099999986,0.004657586310904431
2022-06-17,293,-794.0299999999941,2.6370000000000005,-796.666999999994,104091.52399999986,-0.007595392697734629
2022-06-21,321,86.66999999999416,2.8890000000000002,83.78099999999417,104175.30499999985,0.0008048782146757144
2022-06-22,0,0.0,0.0,0.0,104175.30499999985,0.0
2022-06-23,0,0.0,0.0,0.0,104175.30499999985,0.0
2022-06-24,287,1799.4899999999948,2.583,1796.9069999999947,105972.21199999984,0.017248876785145934
2022-06-27,254,-160.01999999999884,2.2860000000000005,-162.30599999999885,105809.90599999984,-0.001531590187057708
2022-06-28,255,-336.60000000001287,4.590000000000001,-341.19000000001284,105468.71599999983,-0.003224556309501053
2022-06-29,0,0.0,0.0,0.0,105468.71599999983,0.0
2022-06-30,264,-1045.4400000000096,2.3760000000000003,-1047.8160000000096,104420.89999999982,-0.009934851202701768
2022-07-01,0,0.0,0.0,0.0,104420.89999999982,0.0
2022-07-05,283,-2337.579999999997,2.547,-2340.126999999997,102080.77299999983,-0.02241052318070426
2022-07-06,0,0.0,0.0,0.0,102080.77299999983,0.0
2022-07-07,321,489.5249999999927,2.8890000000000002,486.6359999999927,102567.40899999983,0.004767166095029409
2022-07-08,0,0.0,0.0,0.0,102567.40899999983,0.0
2022-07-11,0,0.0,0.0,0.0,102567.40899999983,0.0
2022-07-12,0,0.0,0.0,0.0,102567.40899999983,0.0
2022-07-13,0,0.0,0.0,0.0,102567.40899999983,0.0
2022-07-14,429,-2582.579999999992,3.8610000000000007,-2586.440999999992,99980.96799999983,-0.025216986811083395
2022-07-15,0,0.0,0.0,0.0,99980.96799999983,0.0
2022-07-18,0,0.0,0.0,0.0,99980.96799999983,0.0
2022-07-19,496,2018.7199999999966,4.464,2014.2559999999967,101995.22399999983,0.020146394261755896
2022-07-20,458,-492.3499999999948,4.122000000000001,-496.4719999999948,101498.75199999983,-0.004867600467253208
2022-07-21,453,-1671.5699999999988,8.154000000000002,-1679.7239999999988,99819.02799999983,-0.016549208408000934
2022-07-22,453,706.680000000001,4.077000000000001,702.603000000001,100521.63099999983,0.0070387681995861765
2022-07-25,0,0.0,0.0,0.0,100521.63099999983,0.0
2022-07-26,446,236.37999999998783,4.014,232.36599999998782,100753.99699999983,0.0023116019675405806
2022-07-27,423,2064.239999999998,3.8070000000000004,2060.432999999998,102814.42999999983,0.020450136583663292
2022-07-28,382,-935.8999999999957,6.876000000000001,-942.7759999999956,101871.65399999983,-0.00916968561708699
2022-07-29,367,1115.6800000000076,3.3030000000000004,1112.3770000000075,102984.03099999984,0.010919396675350036
2022-08-01,0,0.0,0.0,0.0,102984.03099999984,0.0
2022-08-02,0,0.0,0.0,0.0,102984.03099999984,0.0
2022-08-03,386,1192.7399999999902,3.474,1189.2659999999903,104173.29699999983,0.011548062242776184
2022-08-04,0,0.0,0.0,0.0,104173.29699999983,0.0
2022-08-05,0,0.0,0.0,0.0,104173.29699999983,0.0
2022-08-08,406,-1725.5,3.6540000000000004,-1729.154,102444.14299999984,-0.016598821865069727
2022-08-09,0,0.0,0.0,0.0,102444.14299999984,0.0
2022-08-10,0,0.0,0.0,0.0,102444.14299999984,0.0
2022-08-11,0,0.0,0.0,0.0,102444.14299999984,0.0
2022-08-12,429,1525.0949999999784,3.8610000000000007,1521.2339999999783,103965.37699999982,0.01484939944297236
2022-08-15,0,0.0,0.0,0.0,103965.37699999982,0.0
2022-08-16,0,0.0,0.0,0.0,103965.37699999982,0.0
2022-08-17,0,0.0,0.0,0.0,103965.37699999982,0.0
2022-08-18,0,0.0,0.0,0.0,103965.37699999982,0.0
2022-08-19,562,233.2300000000115,10.116000000000001,223.1140000000115,104188.49099999983,0.002146041369137842
2022-08-22,521,765.8699999999847,4.689000000000001,761.1809999999847,104949.67199999982,0.007305806934088199
2022-08-23,0,0.0,0.0,0.0,104949.67199999982,0.0
2022-08-24,489,-400.97999999999666,4.401000000000001,-405.3809999999967,104544.29099999982,-0.0038626228388784043
2022-08-25,481,1481.4799999999923,4.329000000000001,1477.1509999999923,106021.44199999982,0.01412942768916951
2022-08-26,455,4245.149999999992,4.095000000000001,4241.054999999992,110262.49699999981,0.04000186113295836
2022-08-29,0,0.0,0.0,0.0,110262.49699999981,0.0
2022-08-30,374,680.6799999999974,3.3660000000000005,677.3139999999975,110939.81099999981,0.006142741352937061
2022-08-31,0,0.0,0.0,0.0,110939.81099999981,0.0
2022-09-01,425,-2554.2499999999964,3.8250000000000006,-2558.074999999996,108381.73599999982,-0.023058223886824547
2022-09-02,448,533.119999999999,4.032,529.0879999999989,108910.82399999982,0.004881708113625342
2022-09-06,468,-205.91999999999894,4.212000000000001,-210.13199999999892,108700.69199999982,-0.0019293950066891356
2022-09-07,479,2438.109999999988,4.311000000000001,2433.7989999999877,111134.4909999998,0.022389912660353548
2022-09-08,421,197.8700000000115,3.7890000000000006,194.0810000000115,111328.57199999981,0.0017463615323528303
2022-09-09,408,901.6799999999917,3.6720000000000006,898.0079999999916,112226.5799999998,0.008066285086275904
2022-09-12,384,-11.52000000001135,3.4560000000000004,-14.97600000001135,112211.60399999979,-0.00013344432308292186
2022-09-13,408,2203.200000000014,3.6720000000000006,2199.528000000014,114411.13199999981,0.01960160911700378
2022-09-14,0,0.0,0.0,0.0,114411.13199999981,0.0
2022-09-15,0,0.0,0.0,0.0,114411.13199999981,0.0
2022-09-16,343,-1046.150000000004,3.087,-1049.237000000004,113361.8949999998,-0.009170759712437823
2022-09-19,0,0.0,0.0,0.0,113361.8949999998,0.0
2022-09-20,375,-1053.750000000001,3.3750000000000004,-1057.125000000001,112304.7699999998,-0.009325223435970286
2022-09-21,0,0.0,0.0,0.0,112304.7699999998,0.0
2022-09-22,368,217.1199999999908,3.3120000000000003,213.80799999999078,112518.57799999979,0.0019038194014376342
2022-09-23,376,-176.7199999999889,3.3840000000000003,-180.1039999999889,112338.4739999998,-0.0016006601149899818
2022-09-26,374,-2565.640000000005,6.732000000000001,-2572.372000000005,109766.1019999998,-0.02289840611507692
2022-09-27,362,-425.34999999998354,3.2580000000000005,-428.6079999999835,109337.49399999982,-0.003904739188059938
2022-09-28,396,1607.760000000001,3.5640000000000005,1604.1960000000008,110941.68999999981,0.014671966050365153
2022-09-29,370,170.20000000001346,3.3300000000000005,166.87000000001345,111108.55999999982,0.0015041234724296497
2022-09-30,391,-3178.829999999998,3.5190000000000006,-3182.348999999998,107926.21099999982,-0.028641798615696244
2022-10-03,405,866.7000000000176,3.6450000000000005,863.0550000000176,108789.26599999984,0.007996713606484518
2022-10-04,409,770.9649999999963,3.6810000000000005,767.2839999999962,109556.54999999984,0.00705293847648533
2022-10-05,0,0.0,0.0,0.0,109556.54999999984,0.0
2022-10-06,0,0.0,0.0,0.0,109556.54999999984,0.0
2022-10-07,351,958.2300000000064,3.1590000000000003,955.0710000000064,110511.62099999985,0.008717607482163391
2022-10-10,338,13.520000000006917,3.0420000000000003,10.478000000006917,110522.09899999986,9.481355811446228e-05
2022-10-11,345,-465.75000000000784,3.1050000000000004,-468.85500000000786,110053.24399999985,-0.004242183275943831
2022-10-12,0,0.0,0.0,0.0,110053.24399999985,0.0
2022-10-13,361,2010.7699999999975,3.2490000000000006,2007.5209999999975,112060.76499999984,0.018241361426838087
2022-10-14,324,1385.0999999999926,2.9160000000000004,1382.1839999999927,113442.94899999983,0.012334236697384626
2022-10-17,319,234.46500000000435,2.8710000000000004,231.59400000000434,113674.54299999983,0.002041501935920272
2022-10-18,0,0.0,0.0,0.0,113674.54299999983,0.0
2022-10-19,0,0.0,0.0,0.0,113674.54299999983,0.0
2022-10-20,316,-2151.960000000001,2.8440000000000003,-2154.804000000001,111519.73899999983,-0.018955906424888855
2022-10-21,318,1612.259999999998,2.8620000000000005,1609.3979999999979,113129.13699999983,0.014431507950354873
2022-10-24,0,0.0,0.0,0.0,113129.13699999983,0.0
2022-10-25,344,784.3199999999906,3.0960000000000005,781.2239999999906,113910.36099999982,0.0069055949750592704
2022-10-26,0,0.0,0.0,0.0,113910.36099999982,0.0
2022-10-27,0,0.0,0.0,0.0,113910.36099999982,0.0
2022-10-28,383,2443.539999999998,3.4470000000000005,2440.092999999998,116350.45399999981,0.02142116817626451
2022-10-31,0,0.0,0.0,0.0,116350.45399999981,0.0
2022-11-01,0,0.0,0.0,0.0,116350.45399999981,0.0
2022-11-02,373,744.1350000000017,3.357,740.7780000000017,117091.23199999981,0.006366782204390908
2022-11-03,373,-684.4550000000136,3.357,-687.8120000000135,116403.4199999998,-0.005874154607921579
2022-11-04,0,0.0,0.0,0.0,116403.4199999998,0.0
2022-11-07,0,0.0,0.0,0.0,116403.4199999998,0.0
2022-11-08,417,-871.5299999999895,3.7530000000000006,-875.2829999999896,115528.1369999998,-0.007519392471458237
2022-11-09,421,804.1099999999866,3.7890000000000006,800.3209999999866,116328.45799999978,0.006927498536568525
2022-11-10,388,1573.3400000000026,3.4920000000000004,1569.8480000000027,117898.30599999978,0.013494960966473101
2022-11-11,295,-221.25,2.6550000000000002,-223.905,117674.40099999978,-0.001899136701760587
2022-11-14,0,0.0,0.0,0.0,117674.40099999978,0.0
2022-11-15,0,0.0,0.0,0.0,117674.40099999978,0.0
2022-11-16,0,0.0,0.0,0.0,117674.40099999978,0.0
2022-11-17,0,0.0,0.0,0.0,117674.40099999978,0.0
2022-11-18,0,0.0,0.0,0.0,117674.40099999978,0.0
2022-11-21,0,0.0,0.0,0.0,117674.40099999978,0.0
2022-11-22,311,132.17500000000354,2.7990000000000004,129.37600000000353,117803.77699999978,0.0010994404806870762
2022-11-23,334,277.2199999999947,3.0060000000000002,274.2139999999947,118077.99099999978,0.0023277182360629677
2022-11-28,346,31.140000000011014,3.1140000000000003,28.026000000011013,118106.01699999979,0.00023735159924944072
2022-11-29,334,-599.5300000000053,3.0060000000000002,-602.5360000000053,117503.48099999978,-0.005101653711681822
2022-11-30,334,611.2199999999948,6.0120000000000005,605.2079999999949,118108.68899999978,0.005150553795082853
2022-12-01,300,-633.0000000000041,2.7,-635.7000000000041,117472.98899999978,-0.005382330507453226
2022-12-02,0,0.0,0.0,0.0,117472.98899999978,0.0
2022-12-05,506,1462.339999999993,4.554,1457.785999999993,118930.77499999978,0.012409542077796248
2022-12-06,480,1497.6000000000022,4.32,1493.2800000000022,120424.05499999977,0.012555875466211374
2022-12-07,0,0.0,0.0,0.0,120424.05499999977,0.0
2022-12-08,487,-21.91500000000775,4.383000000000001,-26.298000000007754,120397.75699999976,-0.00021837829659537543
2022-12-09,0,0.0,0.0,0.0,120397.75699999976,0.0
2022-12-12,482,347.03999999998575,4.338,342.70199999998573,120740.45899999976,0.0028464151537306993
2022-12-13,0,0.0,0.0,0.0,120740.45899999976,0.0
2022-12-14,454,-2027.1100000000145,4.086,-2031.1960000000145,118709.26299999974,-0.016822828212041323
2022-12-15,465,855.5999999999883,4.1850000000000005,851.4149999999884,119560.67799999974,0.007172270962544769
2022-12-16,435,-300.149999999999,3.9150000000000005,-304.06499999999903,119256.61299999974,-0.0025431856450328903
2022-12-19,434,1037.259999999994,3.9060000000000006,1033.3539999999941,120289.96699999973,0.008664961833185691
2022-12-20,0,0.0,0.0,0.0,120289.96699999973,0.0
2022-12-21,575,-287.5,5.175000000000001,-292.675,119997.29199999972,-0.002433079061365115
2022-12-22,519,376.2749999999823,4.671,371.6039999999823,120368.8959999997,0.00309676988377357
2022-12-23,513,-2098.1699999999873,4.617000000000001,-2102.7869999999875,118266.10899999972,-0.01746952136206344
2022-12-27,515,-404.2749999999836,4.635000000000001,-408.9099999999836,117857.19899999973,-0.003457541669862366
2022-12-28,534,1302.9599999999987,4.806000000000001,1298.1539999999986,119155.35299999973,0.01101463475302855
2022-12-29,529,872.849999999988,4.761,868.088999999988,120023.44199999972,0.007285354607610369
2022-12-30,0,0.0,0.0,0.0,120023.44199999972,0.0
2023-01-03,490,-891.7999999999967,4.41,-896.2099999999966,119127.23199999973,-0.007466957996422055
2023-01-04,0,0.0,0.0,0.0,119127.23199999973,0.0
2023-01-05,527,310.9300000000168,4.743,306.1870000000168,119433.41899999975,0.0025702519470948296
2023-01-06,519,1409.084999999987,4.671,1404.413999999987,120837.83299999974,0.011758970075201398
2023-01-09,498,-2375.460000000019,4.482,-2379.942000000019,118457.89099999971,-0.01969533829690594
2023-01-10,0,0.0,0.0,0.0,118457.89099999971,0.0
2023-01-11,0,0.0,0.0,0.0,118457.89099999971,0.0
2023-01-12,515,-1709.7999999999965,4.635000000000001,-1714.4349999999965,116743.45599999971,-0.014472948872608247
2023-01-13,0,0.0,0.0,0.0,116743.45599999971,0.0
2023-01-17,0,0.0,0.0,0.0,116743.45599999971,0.0
2023-01-18,576,2128.320000000029,5.184000000000001,2123.1360000000286,118866.59199999974,0.01818633842739788
2023-01-19,0,0.0,0.0,0.0,118866.59199999974,0.0
2023-01-20,565,1957.7249999999858,5.085000000000001,1952.6399999999858,120819.23199999973,0.016427155579592876
2023-01-23,557,907.9099999999975,5.013000000000001,902.8969999999974,121722.12899999972,0.0074731231531086
2023-01-24,0,0.0,0.0,0.0,121722.12899999972,0.0
2023-01-25,560,-333.19999999998345,5.040000000000001,-338.23999999998347,121383.88899999973,-0.0027787880706554536
2023-01-26,0,0.0,0.0,0.0,121383.88899999973,0.0
2023-01-27,0,0.0,0.0,0.0,121383.88899999973,0.0
2023-01-30,0,0.0,0.0,0.0,121383.88899999973,0.0
2023-01-31,618,642.7200000000126,5.562,637.1580000000126,122021.04699999974,0.005249115061719715
2023-02-01,586,-354.53000000001066,5.274000000000001,-359.80400000001066,121661.24299999974,-0.0029487044149032046
2023-02-02,580,-1441.300000000008,10.440000000000001,-1451.740000000008,120209.50299999974,-0.011932641523315779
2023-02-03,0,0.0,0.0,0.0,120209.50299999974,0.0
2023-02-06,0,0.0,0.0,0.0,120209.50299999974,0.0
2023-02-07,514,-1680.7799999999907,9.252,-1690.0319999999906,118519.47099999974,-0.01405905488187564
2023-02-08,544,-399.8400000000074,4.896000000000001,-404.73600000000744,118114.73499999974,-0.0034149325556811533
2023-02-09,525,-278.2499999999857,9.450000000000001,-287.69999999998566,117827.03499999976,-0.0024357672224383036
2023-02-10,0,0.0,0.0,0.0,117827.03499999976,0.0
2023-02-13,573,1363.7399999999975,5.157000000000001,1358.5829999999976,119185.61799999975,0.011530316450719483
2023-02-14,558,-1816.290000000029,5.022,-1821.312000000029,117364.30599999972,-0.015281306843582695
2023-02-15,0,0.0,0.0,0.0,117364.30599999972,0.0
2023-02-16,0,0.0,0.0,0.0,117364.30599999972,0.0
2023-02-17,532,-1348.619999999983,4.788,-1353.407999999983,116010.89799999974,-0.011531683235957501
2023-02-21,561,1481.0399999999922,5.049,1475.9909999999923,117486.88899999973,0.012722865053591737
2023-02-22,0,0.0,0.0,0.0,117486.88899999973,0.0
2023-02-23,560,-2321.2000000000216,5.040000000000001,-2326.2400000000216,115160.64899999971,-0.019799996576639518
2023-02-24,612,-1248.4800000000125,5.508000000000001,-1253.9880000000126,113906.6609999997,-0.010889032068584605
2023-02-27,0,0.0,0.0,0.0,113906.6609999997,0.0
2023-02-28,0,0.0,0.0,0.0,113906.6609999997,0.0
2023-03-01,0,0.0,0.0,0.0,113906.6609999997,0.0
2023-03-02,702,603.7199999999697,6.3180000000000005,597.4019999999697,114504.06299999967,0.005244662557530075
2023-03-03,670,2207.6500000000106,12.060000000000002,2195.5900000000106,116699.65299999969,0.0191747781037256
2023-03-06,592,-808.0799999999717,10.656,-818.7359999999717,115880.91699999971,-0.007015753508709866
2023-03-07,630,2104.1999999999844,5.670000000000001,2098.5299999999843,117979.4469999997,0.018109366531850878
2023-03-08,0,0.0,0.0,0.0,117979.4469999997,0.0
2023-03-09,606,2420.970000000003,10.908000000000001,2410.062000000003,120389.5089999997,0.02042781231208864
2023-03-10,605,2129.599999999989,5.445,2124.154999999989,122513.66399999968,0.017644020792542597
2023-03-13,602,-1384.6000000000067,5.418000000000001,-1390.0180000000066,121123.64599999967,-0.01134582016908751
2023-03-14,648,-382.3199999999838,5.832000000000001,-388.1519999999838,120735.49399999969,-0.003204593098196407
2023-03-15,0,0.0,0.0,0.0,120735.49399999969,0.0
2023-03-16,581,2486.679999999984,5.229000000000001,2481.450999999984,123216.94499999967,0.020552787898478225
2023-03-17,541,584.2799999999913,4.869000000000001,579.4109999999913,123796.35599999967,0.004702364597661408
2023-03-20,519,622.799999999994,4.671,618.128999999994,124414.48499999967,0.004993111428901798
2023-03-21,0,0.0,0.0,0.0,124414.48499999967,0.0
2023-03-22,0,0.0,0.0,0.0,124414.48499999967,0.0
2023-03-23,463,-1578.8299999999854,4.167000000000001,-1582.9969999999853,122831.48799999968,-0.012723574750962394
2023-03-24,0,0.0,0.0,0.0,122831.48799999968,0.0
2023-03-27,0,0.0,0.0,0.0,122831.48799999968,0.0
2023-03-28,0,0.0,0.0,0.0,122831.48799999968,0.0
2023-03-29,0,0.0,0.0,0.0,122831.48799999968,0.0
2023-03-30,0,0.0,0.0,0.0,122831.48799999968,0.0
2023-03-31,562,1079.040000000009,15.174000000000001,1063.866000000009,123895.35399999969,0.008661183034760695
2023-04-03,547,-648.1950000000013,4.923000000000001,-653.1180000000013,123242.23599999968,-0.005271529390843848
2023-04-04,569,96.73000000000906,5.121,91.60900000000906,123333.8449999997,0.0007433247154004029
2023-04-05,0,0.0,0.0,0.0,123333.8449999997,0.0
2023-04-06,619,-74.28000000000281,5.571000000000001,-79.85100000000281,123253.99399999969,-0.0006474378545483846
2023-04-10,0,0.0,0.0,0.0,123253.99399999969,0.0
2023-04-11,0,0.0,0.0,0.0,123253.99399999969,0.0
2023-04-12,767,-368.16000000001395,6.9030000000000005,-375.063000000014,122878.93099999968,-0.0030430088943001307
2023-04-13,1005,2170.800000000025,18.090000000000003,2152.710000000025,125031.6409999997,0.017518951235017097
2023-04-14,921,-2845.8899999999767,24.867000000000004,-2870.756999999977,122160.88399999971,-0.022960244119326435
2023-04-17,0,0.0,0.0,0.0,122160.88399999971,0.0
2023-04-18,0,0.0,0.0,0.0,122160.88399999971,0.0
2023-04-19,0,0.0,0.0,0.0,122160.88399999971,0.0
2023-04-20,0,0.0,0.0,0.0,122160.88399999971,0.0
2023-04-21,971,-1097.2299999999955,8.739,-1105.9689999999955,121054.91499999972,-0.0090533807859478
2023-04-24,1175,-1597.9999999999493,10.575000000000001,-1608.5749999999493,119446.33999999976,-0.013287977609169797
2023-04-25,1163,2878.4250000000266,20.934,2857.4910000000264,122303.83099999979,0.023922800815831043
2023-04-26,958,-886.1499999999564,17.244000000000003,-903.3939999999565,121400.43699999983,-0.007386473445790574
2023-04-27,941,2879.4600000000023,16.938000000000002,2862.522000000002,124262.95899999983,0.023579173771837464
2023-04-28,726,395.67000000001144,13.068000000000001,382.60200000001146,124645.56099999984,0.0030789706206820005
2023-05-01,0,0.0,0.0,0.0,124645.56099999984,0.0
2023-05-02,699,1502.850000000024,12.582,1490.268000000024,126135.82899999987,0.011956045510517826
2023-05-03,671,-577.0600000000092,6.039000000000001,-583.0990000000091,125552.72999999986,-0.004622786440797957
2023-05-04,720,-428.3999999999787,12.96,-441.3599999999787,125111.3699999999,-0.0035153357477768835
2023-05-05,700,1746.5000000000032,6.300000000000001,1740.2000000000032,126851.56999999989,0.013909207452528133
2023-05-08,0,0.0,0.0,0.0,126851.56999999989,0.0
2023-05-09,0,0.0,0.0,0.0,126851.56999999989,0.0
2023-05-10,0,0.0,0.0,0.0,126851.56999999989,0.0
2023-05-11,600,-338.99999999999864,5.4,-344.3999999999986,126507.1699999999,-0.002714984134607076
2023-05-12,596,-923.7999999999729,10.728000000000002,-934.5279999999728,125572.64199999992,-0.007387154419784852
2023-05-15,0,0.0,0.0,0.0,125572.64199999992,0.0
2023-05-16,0,0.0,0.0,0.0,125572.64199999992,0.0
2023-05-17,649,421.84999999998524,5.841000000000001,416.00899999998524,125988.65099999991,0.0033128951766419434
2023-05-18,728,993.7200000000066,13.104000000000001,980.6160000000066,126969.26699999992,0.007783367725716877
2023-05-19,0,0.0,0.0,0.0,126969.26699999992,0.0
2023-05-22,0,0.0,0.0,0.0,126969.26699999992,0.0
2023-05-23,788,177.30000000001792,7.0920000000000005,170.2080000000179,127139.47499999993,0.0013405448737450615
2023-05-24,758,-1967.0099999999775,20.466,-1987.4759999999774,125151.99899999995,-0.015632249543267175
2023-05-25,0,0.0,0.0,0.0,125151.99899999995,0.0
2023-05-26,891,2664.0899999999574,8.019,2656.0709999999576,127808.0699999999,0.021222761292050626
2023-05-30,0,0.0,0.0,0.0,127808.0699999999,0.0
2023-05-31,830,-174.3000000000302,7.470000000000001,-181.7700000000302,127626.29999999987,-0.001422210663223616
2023-06-01,808,1947.2800000000202,7.272000000000001,1940.0080000000203,129566.30799999989,0.015200691393545235
2023-06-02,778,688.5299999999929,7.002000000000001,681.527999999993,130247.83599999988,0.005260071159857342
2023-06-05,0,0.0,0.0,0.0,130247.83599999988,0.0
2023-06-06,0,0.0,0.0,0.0,130247.83599999988,0.0
2023-06-07,749,-719.0400000000272,6.7410000000000005,-725.7810000000272,129522.05499999985,-0.005572307550660787
2023-06-08,772,-331.9599999999614,20.844,-352.8039999999614,129169.25099999989,-0.0027238913094759175
2023-06-09,786,102.17999999999643,7.074000000000001,95.10599999999643,129264.35699999989,0.0007362897846330046
2023-06-12,791,419.2299999999784,7.119000000000001,412.1109999999784,129676.46799999986,0.003188125555755317
2023-06-13,0,0.0,0.0,0.0,129676.46799999986,0.0
2023-06-14,875,-2148.124999999986,15.750000000000002,-2163.874999999986,127512.59299999988,-0.016686720677802455
2023-06-15,973,3746.049999999967,8.757000000000001,3737.292999999967,131249.88599999985,0.029309207130624116
2023-06-16,943,-678.9599999999721,25.461000000000002,-704.4209999999721,130545.46499999988,-0.005367021804498732
2023-06-20,905,-760.1999999999773,8.145000000000001,-768.3449999999773,129777.11999999991,-0.005885650642862071
2023-06-21,864,-8.639999999992142,7.776000000000001,-16.41599999999214,129760.70399999991,-0.00012649379181778848
2023-06-22,0,0.0,0.0,0.0,129760.70399999991,0.0
2023-06-23,0,0.0,0.0,0.0,129760.70399999991,0.0
2023-06-26,957,-334.94999999996736,8.613000000000001,-343.56299999996736,129417.14099999995,-0.002647665968273165
2023-06-27,938,2162.0900000000065,8.442,2153.6480000000065,131570.78899999996,0.01664113411375706
2023-06-28,0,0.0,0.0,0.0,131570.78899999996,0.0
2023-06-29,885,-849.599999999982,15.930000000000001,-865.5299999999819,130705.25899999998,-0.006578435886707209
2023-06-30,879,386.76000000004797,15.822000000000003,370.93800000004796,131076.19700000001,0.0028379730306035203
2023-07-05,0,0.0,0.0,0.0,131076.19700000001,0.0
2023-07-06,850,33.99999999996908,7.650000000000001,26.349999999969075,131102.547,0.00020102810886380134
2023-07-07,822,-912.4200000000112,7.398000000000001,-919.8180000000112,130182.72899999998,-0.007016019299762432
2023-07-10,0,0.0,0.0,0.0,130182.72899999998,0.0
2023-07-11,0,0.0,0.0,0.0,130182.72899999998,0.0
2023-07-12,0,0.0,0.0,0.0,130182.72899999998,0.0
2023-07-13,897,304.98000000002855,8.073,296.9070000000286,130479.63600000001,0.0022806942386345936
2023-07-14,0,0.0,0.0,0.0,130479.63600000001,0.0
2023-07-17,906,-163.08000000000618,24.462000000000003,-187.54200000000617,130292.09400000001,-0.0014373277374869911
2023-07-18,1006,1906.370000000039,9.054,1897.316000000039,132189.41000000006,0.01456201939620403
2023-07-19,1057,-163.83499999997116,9.513000000000002,-173.34799999997117,132016.0620000001,-0.0013113607209531465
2023-07-20,1142,-159.87999999998442,10.278,-170.1579999999844,131845.9040000001,-0.0012889189195780153
2023-07-21,0,0.0,0.0,0.0,131845.9040000001,0.0
2023-07-24,1029,-205.8000000000468,18.522000000000002,-224.32200000004678,131621.58200000005,-0.0017013952894588719
2023-07-25,1152,0.0,10.368000000000002,-10.368000000000002,131611.21400000007,-7.877127627899198e-05
2023-07-26,0,0.0,0.0,0.0,131611.21400000007,0.0
2023-07-27,1146,1627.3200000000184,10.314000000000002,1617.0060000000183,133228.2200000001,0.012286232691387662
2023-07-28,1169,-876.75,10.521,-887.271,132340.94900000008,-0.006659782739722855
2023-07-31,0,0.0,0.0,0.0,132340.94900000008,0.0
2023-08-01,0,0.0,0.0,0.0,132340.94900000008,0.0
2023-08-02,1167,2088.9299999999575,10.503000000000002,2078.4269999999574,134419.37600000005,0.015705093666813257
2023-08-03,0,0.0,0.0,0.0,134419.37600000005,0.0
2023-08-04,978,-904.6499999999555,8.802000000000001,-913.4519999999555,133505.9240000001,-0.006795538167056773
2023-08-07,971,-1204.0400000000088,17.478,-1221.518000000009,132284.40600000008,-0.009149541558919947
2023-08-08,943,66.00999999999357,8.487000000000002,57.522999999993566,132341.92900000006,0.00043484339340793906
2023-08-09,938,-117.25,8.442,-125.69200000000001,132216.23700000005,-0.0009497519112026843
2023-08-10,930,-1622.8500000000042,8.370000000000001,-1631.2200000000041,130585.01700000005,-0.012337516457982414
2023-08-11,0,0.0,0.0,0.0,130585.01700000005,0.0
2023-08-14,954,-968.309999999987,17.172,-985.481999999987,129599.53500000006,-0.007546669768400663
2023-08-15,907,1451.2000000000207,16.326,1434.8740000000207,131034.40900000009,0.011071598366460343
2023-08-16,851,421.24500000000387,7.659000000000001,413.5860000000039,131447.99500000008,0.0031563159872000004
2023-08-17,851,727.6050000000155,7.659000000000001,719.9460000000155,132167.9410000001,0.005477040558891865
2023-08-18,0,0.0,0.0,0.0,132167.9410000001,0.0
2023-08-21,980,-2160.899999999984,8.82,-2169.7199999999843,129998.22100000012,-0.01641638648210448
2023-08-22,0,0.0,0.0,0.0,129998.22100000012,0.0
2023-08-23,997,2517.425000000034,8.973,2508.452000000034,132506.67300000016,0.01929604867438941
2023-08-24,867,3645.734999999986,7.803000000000001,3637.931999999986,136144.60500000016,0.02745470788478692
2023-08-25,813,60.97499999999076,7.317000000000001,53.65799999999076,136198.26300000015,0.0003941250554878079
2023-08-28,0,0.0,0.0,0.0,136198.26300000015,0.0
2023-08-29,796,4059.600000000018,7.164000000000001,4052.436000000018,140250.69900000017,0.029753947743078143
2023-08-30,732,-1361.52000000001,6.588000000000001,-1368.10800000001,138882.59100000016,-0.009754732131495532
2023-08-31,0,0.0,0.0,0.0,138882.59100000016,0.0
2023-09-01,0,0.0,0.0,0.0,138882.59100000016,0.0
2023-09-05,728,-302.1200000000149,6.5520000000000005,-308.6720000000149,138573.91900000014,-0.002222539180594741
2023-09-06,786,275.10000000001787,7.074000000000001,268.02600000001786,138841.94500000015,0.0019341734861378756
2023-09-07,0,0.0,0.0,0.0,138841.94500000015,0.0
2023-09-08,833,-4.164999999996212,7.497000000000001,-11.661999999996212,138830.28300000017,-8.399478990298068e-05
2023-09-11,0,0.0,0.0,0.0,138830.28300000017,0.0
2023-09-12,0,0.0,0.0,0.0,138830.28300000017,0.0
2023-09-13,813,-695.1149999999686,7.317000000000001,-702.4319999999686,138127.8510000002,-0.005059645380107507
2023-09-14,0,0.0,0.0,0.0,138127.8510000002,0.0
2023-09-15,1011,3300.9149999999863,9.099,3291.815999999986,141419.6670000002,0.023831660133480113
2023-09-18,0,0.0,0.0,0.0,141419.6670000002,0.0
2023-09-19,863,250.27000000001766,7.767000000000001,242.50300000001766,141662.17000000022,0.0017147756400813568
2023-09-20,1037,2442.135000000019,9.333000000000002,2432.802000000019,144094.97200000024,0.01717326509963821
2023-09-21,1043,1679.229999999955,18.774,1660.455999999955,145755.4280000002,0.01152334447866753
2023-09-22,907,-902.4650000000041,8.163,-910.6280000000041,144844.8000000002,-0.006247643827027855
2023-09-25,927,-820.3949999999916,8.343000000000002,-828.7379999999915,144016.0620000002,-0.005721558523329733
2023-09-26,887,612.029999999998,23.949,588.0809999999981,144604.14300000021,0.004083440359589872
2023-09-27,828,-1436.5800000000113,7.452000000000001,-1444.0320000000113,143160.1110000002,-0.009986103925113744
2023-09-28,817,555.5600000000056,14.706000000000001,540.8540000000056,143700.9650000002,0.00377796577707323
2023-09-29,782,-1497.5299999999716,7.038000000000001,-1504.5679999999716,142196.39700000023,-0.010470131498420831
2023-10-02,0,0.0,0.0,0.0,142196.39700000023,0.0
2023-10-03,826,702.0999999999718,7.434000000000001,694.6659999999719,142891.0630000002,0.004885257395093989
2023-10-04,801,60.074999999990894,21.627000000000002,38.44799999999089,142929.5110000002,0.00026907211124876885
2023-10-05,815,73.34999999997962,7.335000000000001,66.01499999997961,142995.5260000002,0.0004618710267607332
2023-10-06,893,442.03500000000406,8.037,433.9980000000041,143429.52400000018,0.003035046005565262
2023-10-09,783,78.3000000000178,7.047000000000001,71.2530000000178,143500.7770000002,0.0004967805652064893
2023-10-10,746,216.33999999997286,6.714,209.62599999997286,143710.40300000017,0.0014608004526691348
2023-10-11,0,0.0,0.0,0.0,143710.40300000017,0.0
2023-10-12,870,-813.4499999999525,15.660000000000002,-829.1099999999525,142881.2930000002,-0.005769310938470833
2023-10-13,848,-2196.319999999979,15.264000000000001,-2211.583999999979,140669.70900000024,-0.01547847134893982
2023-10-16,834,-8.340000000039822,7.506000000000001,-15.846000000039822,140653.8630000002,-0.00011264685277794806
2023-10-17,0,0.0,0.0,0.0,140653.8630000002,0.0
2023-10-18,930,260.3999999999746,8.370000000000001,252.02999999997462,140905.89300000016,0.0017918455606155252
2023-10-19,826,417.12999999999624,7.434000000000001,409.6959999999962,141315.58900000015,0.002907585987194984
2023-10-20,803,3027.3099999999854,7.227000000000001,3020.0829999999855,144335.67200000014,0.021371194935896155
2023-10-23,776,-3049.6800000000053,6.984000000000001,-3056.664000000005,141279.00800000012,-0.021177467480111237
2023-10-24,822,-238.38000000001682,7.398000000000001,-245.77800000001682,141033.2300000001,-0.0017396639704606123
2023-10-25,821,1009.8299999999683,14.778000000000002,995.0519999999683,142028.28200000006,0.007055443600064805
2023-10-26,762,1988.819999999967,6.8580000000000005,1981.961999999967,144010.24400000004,0.013954699529492064
2023-10-27,815,-839.4499999999778,7.335000000000001,-846.7849999999778,143163.45900000006,-0.00588003308986809
2023-10-30,855,641.25,7.695000000000001,633.555,143797.01400000005,0.004425396008348749
2023-10-31,783,-861.3000000000178,7.047000000000001,-868.3470000000178,142928.66700000004,-0.0060386998022088105
2023-11-01,762,-777.2399999999861,13.716000000000001,-790.9559999999861,142137.71100000007,-0.005533921337137958
2023-11-02,693,2203.740000000005,6.237000000000001,2197.5030000000047,144335.21400000007,0.015460379828404607
2023-11-03,604,-761.0399999999602,16.308000000000003,-777.3479999999602,143557.8660000001,-0.005385712733969133
2023-11-06,0,0.0,0.0,0.0,143557.8660000001,0.0
2023-11-07,599,-155.73999999999455,5.391000000000001,-161.13099999999454,143396.7350000001,-0.0011224115019931714
2023-11-08,0,0.0,0.0,0.0,143396.7350000001,0.0
2023-11-09,661,575.070000000003,5.949000000000001,569.121000000003,143965.85600000012,0.0039688560551954175
2023-11-10,695,1358.7250000000286,6.255000000000001,1352.4700000000284,145318.32600000015,0.009394380289726665
2023-11-13,0,0.0,0.0,0.0,145318.32600000015,0.0
2023-11-14,645,-693.3749999999927,17.415000000000003,-710.7899999999927,144607.53600000017,-0.004891261959623675
2023-11-15,0,0.0,0.0,0.0,144607.53600000017,0.0
2023-11-16,0,0.0,0.0,0.0,144607.53600000017,0.0
2023-11-17,0,0.0,0.0,0.0,144607.53600000017,0.0
2023-11-20,801,1674.08999999998,7.2090000000000005,1666.8809999999798,146274.41700000016,0.011526930380723574
2023-11-21,804,-410.0399999999927,7.236000000000001,-417.2759999999927,145857.14100000018,-0.0028526929627071575
2023-11-22,0,0.0,0.0,0.0,145857.14100000018,0.0
2023-11-27,0,0.0,0.0,0.0,145857.14100000018,0.0
2023-11-28,910,-600.6000000000228,8.190000000000001,-608.7900000000228,145248.35100000014,-0.004173878603585286
2023-11-29,897,-1524.9000000000408,8.073,-1532.9730000000409,143715.3780000001,-0.010554150800652046
2023-11-30,883,-498.894999999998,7.947000000000001,-506.841999999998,143208.5360000001,-0.003526706794035622
2023-12-01,881,1347.930000000026,7.929000000000001,1340.001000000026,144548.53700000013,0.009356991122372935
2023-12-04,993,-114.19500000000903,8.937000000000001,-123.13200000000903,144425.40500000012,-0.0008518384381850155
2023-12-05,0,0.0,0.0,0.0,144425.40500000012,0.0
2023-12-06,1081,270.25,9.729000000000001,260.521,144685.92600000012,0.001803844690620738
2023-12-07,1266,-1386.2700000000345,22.788000000000004,-1409.0580000000346,143276.86800000007,-0.009738735749598985
2023-12-08,1252,-688.6000000000854,22.536,-711.1360000000855,142565.732,-0.004963369243945821
2023-12-11,1240,62.0000000000141,11.160000000000002,50.84000000001409,142616.57200000001,0.00035660743494807083
2023-12-12,1235,771.875,11.115000000000002,760.76,143377.33200000002,0.005334302944821867
2023-12-13,1234,3794.550000000056,11.106000000000002,3783.444000000056,147160.77600000007,0.026388020667033024
2023-12-14,1245,-1064.4750000000226,11.205000000000002,-1075.6800000000226,146085.09600000005,-0.007309556454092238
2023-12-15,0,0.0,0.0,0.0,146085.09600000005,0.0
2023-12-18,1176,-687.9599999999759,21.168000000000003,-709.1279999999759,145375.96800000008,-0.00485421182185468
2023-12-19,1155,750.7499999999737,10.395000000000001,740.3549999999738,146116.32300000006,0.005092691798963453
2023-12-20,1161,2815.4250000000134,10.449000000000002,2804.9760000000133,148921.2990000001,0.019196869606416336
2023-12-21,0,0.0,0.0,0.0,148921.2990000001,0.0
2023-12-22,863,-914.780000000002,7.767000000000001,-922.5470000000021,147998.7520000001,-0.006194862697242532
2023-12-26,896,-318.0800000000163,24.192000000000004,-342.2720000000163,147656.48000000007,-0.0023126681500666713
2023-12-27,0,0.0,0.0,0.0,147656.48000000007,0.0
2023-12-28,0,0.0,0.0,0.0,147656.48000000007,0.0
2023-12-29,943,377.19999999997856,8.487000000000002,368.71299999997854,148025.19300000006,0.0024971000256810835
2024-01-02,0,0.0,0.0,0.0,148025.19300000006,0.0
2024-01-03,894,-84.93000000002439,16.092000000000002,-101.02200000002439,147924.17100000003,-0.0006824649098753369
2024-01-04,849,-118.86000000003668,7.641000000000001,-126.50100000003668,147797.66999999998,-0.0008551746421484874
2024-01-05,975,1033.5000000000023,8.775,1024.7250000000022,148822.395,0.0069332960391053685
2024-01-08,989,4687.859999999952,8.901000000000002,4678.9589999999525,153501.35399999993,0.03143988510600137
2024-01-09,0,0.0,0.0,0.0,153501.35399999993,0.0
2024-01-10,894,129.63000000003456,24.138,105.49200000003455,153606.84599999996,0.0006872382376512105
2024-01-11,890,66.74999999998988,8.010000000000002,58.73999999998988,153665.58599999995,0.0003824048310971107
2024-01-12,0,0.0,0.0,0.0,153665.58599999995,0.0
2024-01-16,1201,-1765.4700000000328,21.618000000000002,-1787.0880000000327,151878.4979999999,-0.01162972169969165
2024-01-17,0,0.0,0.0,0.0,151878.4979999999,0.0
2024-01-18,1154,853.9600000000105,10.386000000000001,843.5740000000105,152722.07199999993,0.005554268781351861
2024-01-19,1052,3240.160000000043,9.468000000000002,3230.692000000043,155952.76399999997,0.021154060822328583
2024-01-22,928,-584.6399999999958,8.352,-592.9919999999958,155359.77199999997,-0.0038023821110345687
2024-01-23,0,0.0,0.0,0.0,155359.77199999997,0.0
2024-01-24,0,0.0,0.0,0.0,155359.77199999997,0.0
2024-01-25,0,0.0,0.0,0.0,155359.77199999997,0.0
2024-01-26,0,0.0,0.0,0.0,155359.77199999997,0.0
2024-01-29,1095,306.5999999999701,9.855,296.7449999999701,155656.51699999993,0.0019100504344198585
2024-01-30,0,0.0,0.0,0.0,155656.51699999993,0.0
2024-01-31,1270,6019.800000000012,11.430000000000001,6008.370000000012,161664.88699999996,0.038600182734398546
2024-02-01,955,606.4249999999915,17.19,589.2349999999915,162254.12199999994,0.003644792700099383
2024-02-02,864,3166.5600000000177,7.776000000000001,3158.784000000018,165412.90599999996,0.01946812790370909
2024-02-05,840,-621.6000000000076,7.5600000000000005,-629.1600000000076,164783.74599999996,-0.0038035726184509917
2024-02-06,0,0.0,0.0,0.0,164783.74599999996,0.0
2024-02-07,872,-235.43999999998414,15.696000000000002,-251.13599999998414,164532.60999999996,-0.001524033808528568
2024-02-08,0,0.0,0.0,0.0,164532.60999999996,0.0
2024-02-09,930,646.3499999999408,25.110000000000003,621.2399999999408,165153.8499999999,0.0037757864535178827
2024-02-12,924,-785.400000000021,8.316,-793.716000000021,164360.13399999987,-0.004805918844762151
2024-02-13,928,-2964.9600000000464,16.704,-2981.6640000000466,161378.46999999983,-0.018141041427966034
2024-02-14,778,-1501.539999999961,7.002000000000001,-1508.541999999961,159869.92799999987,-0.009347851668193177
2024-02-15,749,337.05000000003406,6.7410000000000005,330.3090000000341,160200.2369999999,0.002066110894852185
2024-02-16,741,-481.6500000000253,6.6690000000000005,-488.31900000002526,159711.9179999999,-0.0030481790111210982
2024-02-20,743,-1140.5050000000185,13.374000000000002,-1153.8790000000186,158558.03899999987,-0.007224752006296859
2024-02-21,0,0.0,0.0,0.0,158558.03899999987,0.0
2024-02-22,858,742.1700000000078,23.166000000000004,719.0040000000077,159277.0429999999,0.004534642358940932
2024-02-23,0,0.0,0.0,0.0,159277.0429999999,0.0
2024-02-26,772,-281.77999999996314,6.948,-288.7279999999631,158988.31499999992,-0.0018127408354759783
2024-02-27,0,0.0,0.0,0.0,158988.31499999992,0.0
2024-02-28,0,0.0,0.0,0.0,158988.31499999992,0.0
2024-02-29,0,0.0,0.0,0.0,158988.31499999992,0.0
2024-03-01,781,1975.9299999999787,7.029000000000001,1968.9009999999787,160957.2159999999,0.012383935259644582
2024-03-04,0,0.0,0.0,0.0,160957.2159999999,0.0
2024-03-05,765,2011.9499999999966,6.885000000000001,2005.0649999999966,162962.2809999999,0.012457130222729486
2024-03-06,0,0.0,0.0,0.0,162962.2809999999,0.0
2024-03-07,837,284.58000000002664,7.533000000000001,277.0470000000266,163239.32799999992,0.001700068250763051
2024-03-08,806,-3502.0700000000224,21.762000000000004,-3523.8320000000226,159715.4959999999,-0.021586905822106938
2024-03-11,784,-874.1600000000071,7.056000000000001,-881.2160000000072,158834.27999999988,-0.005517410783985592
2024-03-12,799,311.60999999989826,14.382000000000001,297.22799999989826,159131.50799999977,0.00187130888873547
2024-03-13,762,-358.1400000000208,6.8580000000000005,-364.9980000000208,158766.50999999975,-0.0022936878094564485
2024-03-14,977,-2593.9349999999736,35.172000000000004,-2629.1069999999736,156137.4029999998,-0.016559581740506722
2024-03-15,964,-829.0399999999584,8.676,-837.7159999999584,155299.68699999983,-0.005365248709817209
2024-03-18,880,-923.99999999996,7.920000000000001,-931.9199999999599,154367.76699999988,-0.006000784792309085
2024-03-19,859,-223.3399999999922,7.731000000000001,-231.07099999999218,154136.69599999988,-0.0014968863286076578
2024-03-20,843,2389.9050000000307,7.587000000000001,2382.3180000000307,156519.0139999999,0.015455878203072633
2024-03-21,0,0.0,0.0,0.0,156519.0139999999,0.0
2024-03-22,0,0.0,0.0,0.0,156519.0139999999,0.0
2024-03-25,0,0.0,0.0,0.0,156519.0139999999,0.0
2024-03-26,0,0.0,0.0,0.0,156519.0139999999,0.0
2024-03-27,0,0.0,0.0,0.0,156519.0139999999,0.0
2024-03-28,0,0.0,0.0,0.0,156519.0139999999,0.0
2024-04-01,1038,207.6000000000472,9.342,198.2580000000472,156717.27199999997,0.001266670386768775
2024-04-02,1044,-5.219999999995252,9.396,-14.615999999995253,156702.65599999996,-9.326349172282208e-05
2024-04-03,1103,-739.0099999999549,9.927000000000001,-748.9369999999549,155953.719,-0.004779351027719371
2024-04-04,1090,5046.699999999995,9.81,5036.889999999995,160990.609,0.03229733816094501
2024-04-05,972,2517.4799999999204,8.748000000000001,2508.7319999999204,163499.34099999993,0.01558309528476857
2024-04-08,0,0.0,0.0,0.0,163499.34099999993,0.0
2024-04-09,1002,-1287.570000000082,18.036,-1305.606000000082,162193.73499999984,-0.007985389983927107
2024-04-10,0,0.0,0.0,0.0,162193.73499999984,0.0
2024-04-11,1020,-66.30000000005566,18.360000000000003,-84.66000000005566,162109.07499999978,-0.0005219683731930567
2024-04-12,971,-203.90999999992505,17.478,-221.38799999992506,161887.68699999986,-0.0013656730815343025
2024-04-15,848,1611.200000000029,7.632000000000001,1603.5680000000289,163491.2549999999,0.009905435241656336
2024-04-16,0,0.0,0.0,0.0,163491.2549999999,0.0
2024-04-17,811,-77.04500000002213,7.299000000000001,-84.34400000002213,163406.91099999988,-0.000515893036603225
2024-04-18,0,0.0,0.0,0.0,163406.91099999988,0.0
2024-04-19,889,484.5049999999636,16.002000000000002,468.5029999999636,163875.41399999984,0.0028670941585816033
2024-04-22,881,-898.620000000034,7.929000000000001,-906.549000000034,162968.86499999982,-0.005531940257981803
2024-04-23,798,1691.7600000000036,7.182000000000001,1684.5780000000036,164653.44299999982,0.010336808813143574
2024-04-24,0,0.0,0.0,0.0,164653.44299999982,0.0
2024-04-25,778,-1128.0999999999913,7.002000000000001,-1135.1019999999912,163518.34099999984,-0.006893885601894109
2024-04-26,825,614.6250000000038,14.850000000000001,599.7750000000037,164118.11599999983,0.0036679371643087077
2024-04-30,770,-1401.4000000000385,13.860000000000001,-1415.2600000000384,162702.8559999998,-0.00862342338855535
2024-05-01,740,-5505.5999999999985,6.660000000000001,-5512.259999999998,157190.5959999998,-0.03387930694959654
2024-05-02,0,0.0,0.0,0.0,157190.5959999998,0.0
2024-05-03,0,0.0,0.0,0.0,157190.5959999998,0.0
2024-05-06,0,0.0,0.0,0.0,157190.5959999998,0.0
2024-05-07,0,0.0,0.0,0.0,157190.5959999998,0.0
2024-05-09,733,-751.3249999999833,13.194,-764.5189999999833,156426.07699999982,-0.004863643369607075
2024-05-10,0,0.0,0.0,0.0,156426.07699999982,0.0
2024-05-13,0,0.0,0.0,0.0,156426.07699999982,0.0
2024-05-14,828,-331.1999999999812,7.452000000000001,-338.6519999999812,156087.42499999984,-0.002164933152417941
2024-05-15,836,2165.2399999999316,7.524000000000001,2157.7159999999317,158245.14099999977,0.013823765751788997
2024-05-16,835,-233.80000000007215,7.515000000000001,-241.31500000007213,158003.8259999997,-0.0015249441371477717
2024-05-20,823,-1036.980000000086,14.814000000000002,-1051.794000000086,156952.03199999963,-0.006656762855856971
2024-05-21,0,0.0,0.0,0.0,156952.03199999963,0.0
2024-05-23,872,1264.3999999999405,23.544000000000004,1240.8559999999404,158192.88799999957,0.007905956897709635
2024-05-28,0,0.0,0.0,0.0,158192.88799999957,0.0
2024-05-29,0,0.0,0.0,0.0,158192.88799999957,0.0
2024-05-30,0,0.0,0.0,0.0,158192.88799999957,0.0
2024-05-31,929,-376.24500000008027,8.361,-384.60600000008026,157808.28199999948,-0.002431247098795499
2024-06-04,941,-635.1749999999572,8.469000000000001,-643.6439999999573,157164.6379999995,-0.0040786452513307215
2024-06-05,930,2352.8999999999746,8.370000000000001,2344.5299999999747,159509.16799999948,0.014917668693386245
2024-06-06,0,0.0,0.0,0.0,159509.16799999948,0.0
2024-06-07,867,-398.819999999933,7.803000000000001,-406.622999999933,159102.54499999955,-0.0025492139737067297
2024-06-10,0,0.0,0.0,0.0,159102.54499999955,0.0
2024-06-12,851,34.04000000006579,15.318000000000001,18.722000000065787,159121.2669999996,0.00011767253628825258
2024-06-13,878,-899.94999999998,7.902000000000001,-907.8519999999801,158213.41499999963,-0.005705409572938998
2024-06-14,0,0.0,0.0,0.0,158213.41499999963,0.0
2024-06-17,883,1403.9699999999277,7.947000000000001,1396.0229999999278,159609.43799999956,0.008823670230491713
2024-06-18,0,0.0,0.0,0.0,159609.43799999956,0.0
2024-06-20,997,-997.0,8.973,-1005.973,158603.46499999956,-0.00630271625917261
2024-06-21,994,-342.9300000000271,8.946000000000002,-351.87600000002715,158251.58899999954,-0.002218589612780705
2024-06-24,1027,-328.6400000000514,18.486,-347.12600000005136,157904.4629999995,-0.002193507200740034
2024-06-28,1098,323.90999999995506,9.882000000000001,314.02799999995506,158218.49099999946,0.001988721496744244
2024-07-01,0,0.0,0.0,0.0,158218.49099999946,0.0
2024-07-10,1135,2576.4499999999794,10.215000000000002,2566.234999999979,160784.72599999944,0.016219564374431988
2024-07-11,673,2241.0900000000274,6.057,2235.0330000000276,163019.75899999947,0.01390077935636769
2024-07-12,645,674.0249999999736,5.805000000000001,668.2199999999737,163687.97899999944,0.00409901231666019
2024-07-15,645,64.50000000001467,5.805000000000001,58.695000000014666,163746.67399999945,0.0003585785612272412
2024-07-16,0,0.0,0.0,0.0,163746.67399999945,0.0
2024-07-17,663,-414.375,5.9670000000000005,-420.342,163326.33199999944,-0.0025670261858265373
2024-07-18,589,583.1100000000054,5.301000000000001,577.8090000000053,163904.14099999945,0.003537757769518802
2024-07-19,579,-703.4850000000184,15.633000000000003,-719.1180000000185,163185.02299999943,-0.004387430333441184
2024-07-24,577,3179.269999999995,5.1930000000000005,3174.0769999999948,166359.09999999942,0.019450786240352496
2024-07-25,561,-844.3049999999337,15.147000000000002,-859.4519999999337,165499.6479999995,-0.00516624578998045
2024-07-30,0,0.0,0.0,0.0,165499.6479999995,0.0
2024-07-31,542,-1918.680000000042,4.878000000000001,-1923.5580000000418,163576.08999999944,-0.011622731668891814
2024-08-01,499,94.80999999997039,8.982000000000001,85.82799999997039,163661.91799999942,0.0005246977110161435
2024-08-02,492,253.37999999993735,13.284,240.09599999993736,163902.01399999936,0.0014670242346783338
2024-08-05,0,0.0,0.0,0.0,163902.01399999936,0.0
2024-08-06,524,282.9600000000405,4.716,278.2440000000405,164180.2579999994,0.001697624045059273
2024-08-07,492,-6177.060000000031,4.428000000000001,-6181.488000000031,157998.76999999935,-0.037650616921311296
2024-08-08,493,1336.030000000018,4.437,1331.593000000018,159330.36299999937,0.008427869406831608
2024-08-09,0,0.0,0.0,0.0,159330.36299999937,0.0
2024-08-12,419,-787.7199999999981,3.7710000000000004,-791.490999999998,158538.87199999936,-0.004967609343863738
2024-08-13,0,0.0,0.0,0.0,158538.87199999936,0.0
2024-08-14,0,0.0,0.0,0.0,158538.87199999936,0.0
2024-08-15,0,0.0,0.0,0.0,158538.87199999936,0.0
2024-08-16,0,0.0,0.0,0.0,158538.87199999936,0.0
2024-08-19,0,0.0,0.0,0.0,158538.87199999936,0.0
2024-08-20,0,0.0,0.0,0.0,158538.87199999936,0.0
2024-08-21,0,0.0,0.0,0.0,158538.87199999936,0.0
2024-08-22,408,-1385.1599999999926,11.016000000000002,-1396.1759999999927,157142.69599999936,-0.008806521595536508
2024-08-23,439,-1115.059999999984,3.9510000000000005,-1119.010999999984,156023.68499999936,-0.007120986393156884
2024-08-26,624,-892.3199999999688,5.6160000000000005,-897.9359999999688,155125.7489999994,-0.005755126216894393
2024-08-28,608,-325.27999999998065,10.944,-336.22399999998066,154789.5249999994,-0.0021674286968308655
2024-08-29,622,600.2300000000198,11.196000000000002,589.0340000000198,155378.55899999943,0.0038053867017165534
2024-08-30,755,-396.37499999998283,6.795000000000001,-403.16999999998285,154975.38899999944,-0.0025947595510908577
2024-09-03,737,5107.410000000047,6.633000000000001,5100.777000000047,160076.1659999995,0.0329134647308423
2024-09-04,587,-1937.0999999999733,5.283,-1942.3829999999732,158133.78299999953,-0.012134117455061856
2024-09-05,627,-3602.1150000000025,11.286000000000001,-3613.4010000000026,154520.38199999952,-0.022850278615038338
2024-09-06,612,4516.559999999998,5.508000000000001,4511.051999999998,159031.4339999995,0.029193896245998226
2024-09-09,0,0.0,0.0,0.0,159031.4339999995,0.0
2024-09-10,0,0.0,0.0,0.0,159031.4339999995,0.0
2024-09-11,629,2805.340000000023,11.322000000000001,2794.0180000000228,161825.45199999952,0.017568966899965396
2024-09-12,601,697.1599999999809,5.409000000000001,691.7509999999809,162517.2029999995,0.004274673677413754
2024-09-13,583,-46.63999999995758,10.494000000000002,-57.13399999995758,162460.06899999955,-0.000351556628746298
2024-09-16,0,0.0,0.0,0.0,162460.06899999955,0.0
2024-09-17,0,0.0,0.0,0.0,162460.06899999955,0.0
2024-09-19,0,0.0,0.0,0.0,162460.06899999955,0.0
2024-09-20,0,0.0,0.0,0.0,162460.06899999955,0.0
2024-09-23,0,0.0,0.0,0.0,162460.06899999955,0.0
2024-09-24,0,0.0,0.0,0.0,162460.06899999955,0.0
2024-09-25,0,0.0,0.0,0.0,162460.06899999955,0.0
2024-09-26,0,0.0,0.0,0.0,162460.06899999955,0.0
2024-09-27,0,0.0,0.0,0.0,162460.06899999955,0.0
2024-09-30,0,0.0,0.0,0.0,162460.06899999955,0.0
2024-10-01,1130,-915.2999999999383,20.340000000000003,-935.6399999999384,161524.42899999963,-0.005759199819125652
2024-10-03,0,0.0,0.0,0.0,161524.42899999963,0.0
2024-10-04,0,0.0,0.0,0.0,161524.42899999963,0.0
2024-10-07,972,1467.7199999999912,8.748000000000001,1458.971999999991,162983.4009999996,0.009032516066037258
2024-10-08,895,1190.3500000000367,8.055000000000001,1182.2950000000367,164165.69599999965,0.007254082273077855
2024-10-09,842,1776.6200000000115,7.578000000000001,1769.0420000000115,165934.73799999966,0.010775954070209743
2024-10-10,0,0.0,0.0,0.0,165934.73799999966,0.0
2024-10-11,955,2263.3500000000045,8.595,2254.7550000000047,168189.49299999967,0.01358820357434746
2024-10-14,975,848.2499999998936,8.775,839.4749999998936,169028.96799999956,0.004991245202218995
2024-10-15,934,1868.0,8.406,1859.594,170888.56199999957,0.011001629022547218
2024-10-17,0,0.0,0.0,0.0,170888.56199999957,0.0
2024-10-18,0,0.0,0.0,0.0,170888.56199999957,0.0
2024-10-21,881,-1422.815000000008,7.929000000000001,-1430.744000000008,169457.81799999956,-0.008372380124539943
2024-10-22,0,0.0,0.0,0.0,169457.81799999956,0.0
2024-10-23,882,-820.2599999999559,15.876000000000001,-836.1359999999559,168621.6819999996,-0.004934183679858064
2024-10-24,0,0.0,0.0,0.0,168621.6819999996,0.0
2024-10-25,890,-863.3000000000243,8.010000000000002,-871.3100000000243,167750.37199999957,-0.005167247708986952
2024-10-28,0,0.0,0.0,0.0,167750.37199999957,0.0
2024-10-29,0,0.0,0.0,0.0,167750.37199999957,0.0
2024-10-30,0,0.0,0.0,0.0,167750.37199999957,0.0
2024-10-31,1165,6116.25,10.485000000000001,6105.765,173856.13699999958,0.03639792226511436
2024-11-01,840,-1805.999999999981,7.5600000000000005,-1813.5599999999808,172042.5769999996,-0.010431383276392396
2024-11-04,842,-757.7999999999809,7.578000000000001,-765.3779999999808,171277.19899999964,-0.0044487708411853335
2024-11-05,903,2302.6500000000615,8.127,2294.5230000000615,173571.72199999972,0.013396546728908535
2024-11-06,0,0.0,0.0,0.0,173571.72199999972,0.0
2024-11-07,587,-331.65500000003203,10.566,-342.221000000032,173229.5009999997,-0.0019716402882724903
2024-11-08,574,-410.4100000000183,5.166,-415.57600000001827,172813.92499999967,-0.002398990920143671
2024-11-11,0,0.0,0.0,0.0,172813.92499999967,0.0
2024-11-12,572,-543.399999999961,5.148000000000001,-548.547999999961,172265.37699999972,-0.0031742118003509384
2024-11-13,0,0.0,0.0,0.0,172265.37699999972,0.0
2024-11-14,593,800.5500000000135,5.337000000000001,795.2130000000135,173060.58999999973,0.004616209094645959
2024-11-15,588,605.639999999984,5.292000000000001,600.3479999999839,173660.93799999973,0.0034690046994522833
2024-11-18,553,-666.3650000000226,14.931000000000001,-681.2960000000227,172979.6419999997,-0.003923139007806256
2024-11-19,550,-439.999999999975,4.95,-444.949999999975,172534.69199999972,-0.0025722680129027886
2024-11-20,546,-1654.3800000000472,14.742,-1669.1220000000471,170865.56999999966,-0.009674123972702543
2024-11-21,652,-2666.6800000000208,5.868,-2672.5480000000207,168193.02199999965,-0.015641231876029945
2024-11-22,640,-2201.600000000035,11.520000000000001,-2213.120000000035,165979.90199999962,-0.013158215327149777
2024-11-25,0,0.0,0.0,0.0,165979.90199999962,0.0
2024-11-26,0,0.0,0.0,0.0,165979.90199999962,0.0
2024-11-27,1009,-20.179999999981646,9.081000000000001,-29.26099999998165,165950.64099999965,-0.0001762924284651145
2024-12-02,0,0.0,0.0,0.0,165950.64099999965,0.0
2024-12-03,0,0.0,0.0,0.0,165950.64099999965,0.0
2024-12-04,0,0.0,0.0,0.0,165950.64099999965,0.0
2024-12-05,0,0.0,0.0,0.0,165950.64099999965,0.0
2024-12-06,961,-115.32000000000437,8.649000000000001,-123.96900000000437,165826.67199999964,-0.0007470233272555099
2024-12-09,1037,-326.6549999999386,27.999000000000002,-354.6539999999386,165472.0179999997,-0.0021387029946541977
2024-12-10,1093,-218.59999999992544,9.837000000000002,-228.43699999992543,165243.58099999977,-0.0013805173996241822
2024-12-11,1091,103.64500000002977,9.819,93.82600000002977,165337.4069999998,0.0005678042041465435
2024-12-12,1090,408.7499999998761,19.62,389.1299999998761,165726.5369999997,0.002353550881561101
2024-12-13,1093,-901.7250000000497,9.837000000000002,-911.5620000000497,164814.97499999963,-0.005500398527002658
2024-12-16,1087,-163.05000000009886,9.783000000000001,-172.83300000009888,164642.14199999953,-0.0010486486437297294
2024-12-17,1090,-681.25,9.81,-691.06,163951.08199999953,-0.004197345780401727
2024-12-18,1085,10898.82500000008,29.295,10869.53000000008,174820.61199999962,0.06629739717118861
2024-12-19,0,0.0,0.0,0.0,174820.61199999962,0.0
2024-12-20,648,2559.599999999956,5.832000000000001,2553.767999999956,177374.37999999957,0.014607934217733785
2024-12-27,0,0.0,0.0,0.0,177374.37999999957,0.0
2024-12-30,633,-1186.875,5.697000000000001,-1192.572,176181.80799999958,-0.006723473818484963
2024-12-31,618,-716.8799999999803,5.562,-722.4419999999803,175459.3659999996,-0.004100548224592985
2025-01-02,616,-2901.3599999999524,11.088000000000001,-2912.4479999999526,172546.91799999966,-0.016598988508826365
2025-01-03,613,36.78000000003624,11.034,25.74600000003624,172572.6639999997,0.00014921159009073862
2025-01-06,559,329.8100000000178,5.031000000000001,324.7790000000178,172897.4429999997,0.0018819840435448012
2025-01-07,549,1932.4800000000523,9.882000000000001,1922.5980000000523,174820.04099999976,0.01111987526617184
2025-01-08,562,-674.4000000000256,5.058000000000001,-679.4580000000255,174140.58299999975,-0.003886613892282673
2025-01-10,563,560.1849999999386,10.134,550.0509999999385,174690.6339999997,0.003158660609284507
2025-01-13,0,0.0,0.0,0.0,174690.6339999997,0.0
2025-01-14,0,0.0,0.0,0.0,174690.6339999997,0.0
2025-01-15,535,331.70000000000243,4.815,326.88500000000244,175017.5189999997,0.001871222243088333
2025-01-16,0,0.0,0.0,0.0,175017.5189999997,0.0
2025-01-17,0,0.0,0.0,0.0,175017.5189999997,0.0
2025-01-21,0,0.0,0.0,0.0,175017.5189999997,0.0
2025-01-22,0,0.0,0.0,0.0,175017.5189999997,0.0
2025-01-23,0,0.0,0.0,0.0,175017.5189999997,0.0
2025-01-24,0,0.0,0.0,0.0,175017.5189999997,0.0
2025-01-27,0,0.0,0.0,0.0,175017.5189999997,0.0
2025-01-28,619,-284.7400000000225,11.142000000000001,-295.8820000000225,174721.6369999997,-0.0016905850436608179
2025-01-29,607,-1839.2099999999834,5.463000000000001,-1844.6729999999834,172876.96399999972,-0.010557782262536761
2025-01-30,0,0.0,0.0,0.0,172876.96399999972,0.0
2025-01-31,628,-72.22000000000571,11.304000000000002,-83.52400000000571,172793.4399999997,-0.00048314129348087033
2025-02-03,0,0.0,0.0,0.0,172793.4399999997,0.0
2025-02-04,694,916.0799999999558,12.492,903.5879999999559,173697.02799999967,0.0052292957417825435
2025-02-05,0,0.0,0.0,0.0,173697.02799999967,0.0
2025-02-06,0,0.0,0.0,0.0,173697.02799999967,0.0
2025-02-07,806,2180.2299999999414,7.2540000000000004,2172.9759999999415,175870.0039999996,0.012510150720598084
2025-02-10,0,0.0,0.0,0.0,175870.0039999996,0.0
2025-02-11,0,0.0,0.0,0.0,175870.0039999996,0.0
2025-02-12,0,0.0,0.0,0.0,175870.0039999996,0.0
2025-02-13,866,1286.0100000001103,15.588000000000001,1270.4220000001103,177140.42599999972,0.007223642298888633
2025-02-14,0,0.0,0.0,0.0,177140.42599999972,0.0
2025-02-18,0,0.0,0.0,0.0,177140.42599999972,0.0
2025-02-19,0,0.0,0.0,0.0,177140.42599999972,0.0
2025-02-20,1034,-982.300000000047,18.612000000000002,-1000.912000000047,176139.51399999968,-0.005650387224427521
2025-02-21,1017,8049.554999999963,9.153,8040.401999999963,184179.91599999965,0.04564791747977673
2025-02-24,840,-1289.3999999999733,7.5600000000000005,-1296.9599999999732,182882.95599999969,-0.007041810139602711
2025-02-25,856,179.76000000003114,15.408000000000001,164.35200000003113,183047.30799999973,0.0008986731382449407
2025-02-26,880,-2618.00000000002,15.840000000000002,-2633.84000000002,180413.4679999997,-0.014388848592081038
2025-02-27,882,2178.540000000024,15.876000000000001,2162.664000000024,182576.13199999972,0.0119872647201706
2025-02-28,804,4675.259999999953,7.236000000000001,4668.023999999953,187244.15599999967,0.02556754789831981
2025-03-03,712,2940.5599999999968,6.408,2934.151999999997,190178.30799999967,0.015670192665452276
2025-03-04,691,-849.9300000000126,6.219,-856.1490000000126,189322.15899999966,-0.004501822573792244
2025-03-05,671,1539.9449999999724,6.039000000000001,1533.9059999999724,190856.06499999962,0.008102094377658006
2025-03-06,633,-139.26000000001727,5.697000000000001,-144.95700000001727,190711.1079999996,-0.0007595095288170044
2025-03-07,636,-6102.4199999999455,11.448000000000002,-6113.867999999946,184597.23999999964,-0.032058268991861545
2025-03-11,613,12.25999999998885,5.517,6.742999999988849,184603.98299999963,3.6528173443919654e-05
2025-03-12,0,0.0,0.0,0.0,184603.98299999963,0.0
2025-03-13,494,1642.5499999999663,4.446000000000001,1638.1039999999664,186242.0869999996,0.00887361135647853
2025-03-14,497,1232.560000000009,4.473000000000001,1228.087000000009,187470.1739999996,0.006594035858285951
2025-03-17,445,596.3000000000142,4.005000000000001,592.2950000000142,188062.4689999996,0.0031594092402134084
2025-03-18,435,-121.79999999998813,3.9150000000000005,-125.71499999998814,187936.7539999996,-0.0006684746864617012
2025-03-19,433,632.1800000000158,3.8970000000000002,628.2830000000157,188565.03699999963,0.0033430555047258984
2025-03-20,421,16.839999999984684,3.7890000000000006,13.050999999984683,188578.0879999996,6.921219441112357e-05
2025-03-21,0,0.0,0.0,0.0,188578.0879999996,0.0
2025-03-24,0,0.0,0.0,0.0,188578.0879999996,0.0
2025-03-25,0,0.0,0.0,0.0,188578.0879999996,0.0
2025-03-26,443,1678.9699999999839,3.9870000000000005,1674.9829999999838,190253.0709999996,0.008882171930813018
2025-03-27,0,0.0,0.0,0.0,190253.0709999996,0.0
2025-03-28,480,1871.999999999989,4.32,1867.6799999999891,192120.75099999958,0.009816819198676658
2025-03-31,0,0.0,0.0,0.0,192120.75099999958,0.0
2025-04-01,585,-3539.25000000004,5.265000000000001,-3544.51500000004,188576.23599999954,-0.018449412578030407
2025-04-02,579,-613.7400000000342,5.211,-618.9510000000342,187957.2849999995,-0.0032822322320614976
2025-04-03,618,1714.9500000000562,5.562,1709.3880000000563,189666.67299999957,0.009094555712485743
2025-04-04,444,4588.739999999991,3.9960000000000004,4584.743999999991,194251.41699999955,0.024172638911634205
2025-04-07,0,0.0,0.0,0.0,194251.41699999955,0.0
2025-04-08,344,287.23999999999296,3.0960000000000005,284.14399999999296,194535.56099999955,0.0014627641043153555
2025-04-09,373,15830.12000000002,3.357,15826.76300000002,210362.32399999956,0.08135665745966136
2025-04-10,228,1190.1600000000062,2.052,1188.1080000000063,211550.43199999956,0.005647912503571737
2025-04-11,227,508.48000000000206,2.043,506.43700000000206,212056.86899999957,0.0023939303513216322
2025-04-14,0,0.0,0.0,0.0,212056.86899999957,0.0
2025-04-15,0,0.0,0.0,0.0,212056.86899999957,0.0
2025-04-16,0,0.0,0.0,0.0,212056.86899999957,0.0
2025-04-17,0,0.0,0.0,0.0,212056.86899999957,0.0
2025-04-21,227,789.9600000000041,2.043,787.9170000000041,212844.78599999959,0.00371559291484213
2025-04-22,226,449.74000000000206,2.0340000000000003,447.70600000000206,213292.4919999996,0.002103438888091921
2025-04-23,213,-1768.9650000000136,1.9170000000000003,-1770.8820000000135,211521.60999999958,-0.008302598855659753
2025-04-24,211,1485.4400000000164,1.8990000000000002,1483.5410000000165,213005.1509999996,0.007013661630128569
2025-04-25,0,0.0,0.0,0.0,213005.1509999996,0.0
2025-04-28,0,0.0,0.0,0.0,213005.1509999996,0.0
2025-04-29,0,0.0,0.0,0.0,213005.1509999996,0.0
2025-04-30,258,-3083.099999999982,2.322,-3085.4219999999823,209919.7289999996,-0.014485198998779087
2025-05-01,428,-2135.720000000004,3.8520000000000003,-2139.5720000000038,207780.1569999996,-0.010192334042123347
2025-05-02,0,0.0,0.0,0.0,207780.1569999996,0.0
2025-05-05,0,0.0,0.0,0.0,207780.1569999996,0.0
2025-05-06,0,0.0,0.0,0.0,207780.1569999996,0.0
2025-05-07,0,0.0,0.0,0.0,207780.1569999996,0.0
2025-05-08,585,-2971.7999999999574,5.265000000000001,-2977.0649999999573,204803.09199999965,-0.014327956254263313
2025-05-09,0,0.0,0.0,0.0,204803.09199999965,0.0
2025-05-12,0,0.0,0.0,0.0,204803.09199999965,0.0
2025-05-13,636,-57.240000000020245,5.724000000000001,-62.96400000002025,204740.12799999965,-0.0003074367646755077
2025-05-14,0,0.0,0.0,0.0,204740.12799999965,0.0
2025-05-15,698,-380.40999999997143,6.282000000000001,-386.6919999999714,204353.43599999967,-0.001888696679919884
2025-05-16,691,290.2199999999717,6.219,284.0009999999717,204637.43699999963,0.0013897539750688224
2025-05-19,0,0.0,0.0,0.0,204637.43699999963,0.0
2025-05-20,0,0.0,0.0,0.0,204637.43699999963,0.0
2025-05-21,684,1135.4399999999782,6.156000000000001,1129.2839999999783,205766.7209999996,0.005518462391610096
2025-05-22,607,-783.0300000000469,5.463000000000001,-788.4930000000469,204978.22799999957,-0.0038319753367700715
2025-05-23,0,0.0,0.0,0.0,204978.22799999957,0.0
2025-05-27,622,1977.9599999999689,5.598000000000001,1972.361999999969,206950.58999999953,0.009622299983976703
2025-05-28,592,-23.679999999978463,5.328,-29.007999999978463,206921.58199999956,-0.00014016872336521742
2025-05-29,0,0.0,0.0,0.0,206921.58199999956,0.0
2025-05-30,583,-3107.3899999999576,15.741000000000001,-3123.1309999999576,203798.4509999996,-0.01509330718339455
2025-06-02,0,0.0,0.0,0.0,203798.4509999996,0.0
2025-06-03,814,1473.3400000000481,7.3260000000000005,1466.014000000048,205264.46499999965,0.007193450160227425
2025-06-04,0,0.0,0.0,0.0,205264.46499999965,0.0
2025-06-05,816,-2040.0,14.688000000000002,-2054.688,203209.77699999965,-0.010009954718660162
2025-06-06,801,-969.2100000000291,7.2090000000000005,-976.4190000000291,202233.35799999963,-0.004804980421783696
2025-06-09,0,0.0,0.0,0.0,202233.35799999963,0.0
2025-06-10,0,0.0,0.0,0.0,202233.35799999963,0.0
2025-06-11,0,0.0,0.0,0.0,202233.35799999963,0.0
2025-06-12,0,0.0,0.0,0.0,202233.35799999963,0.0
2025-06-13,944,-2279.760000000073,8.496,-2288.256000000073,199945.10199999955,-0.011314928568807512
2025-06-16,861,-305.6549999999178,7.7490000000000006,-313.4039999999178,199631.69799999963,-0.0015674502494185554
2025-06-17,1079,-248.17000000001963,9.711,-257.88100000001964,199373.8169999996,-0.001291783832846125
2025-06-18,1031,-3391.9899999999625,9.279000000000002,-3401.2689999999625,195972.54799999963,-0.017059757651126124
2025-06-20,1018,1924.0200000001018,9.162,1914.8580000001018,197887.40599999973,0.009771052219008274
2025-06-23,1000,3250.0,9.000000000000002,3241.0,201128.40599999973,0.016378000326104657
2025-06-24,954,190.80000000004338,17.172,173.6280000000434,201302.03399999978,0.0008632694081016264
2025-06-25,0,0.0,0.0,0.0,201302.03399999978,0.0
2025-06-26,894,679.4400000000935,16.092000000000002,663.3480000000935,201965.38199999987,0.0032952871206462534
2025-06-27,897,-345.34499999999184,8.073,-353.4179999999918,201611.96399999986,-0.0017498939496472324
2025-06-30,0,0.0,0.0,0.0,201611.96399999986,0.0
2025-07-01,0,0.0,0.0,0.0,201611.96399999986,0.0
2025-07-02,930,-139.49999999997885,8.370000000000001,-147.86999999997886,201464.0939999999,-0.0007334386167676982
2025-07-07,931,-2085.4400000000087,8.379000000000001,-2093.8190000000086,199370.27499999988,-0.010393013258233547
2025-07-08,0,0.0,0.0,0.0,199370.27499999988,0.0
2025-07-09,1093,-1125.7899999999702,9.837000000000002,-1135.6269999999702,198234.6479999999,-0.005696069787735262
2025-07-10,1139,11.38999999998964,20.502000000000002,-9.112000000010362,198225.53599999988,-4.5965728453334584e-05
2025-07-11,0,0.0,0.0,0.0,198225.53599999988,0.0
2025-07-14,0,0.0,0.0,0.0,198225.53599999988,0.0
2025-07-15,0,0.0,0.0,0.0,198225.53599999988,0.0
2025-07-16,0,0.0,0.0,0.0,198225.53599999988,0.0
2025-07-17,1270,2813.05000000004,11.430000000000001,2801.6200000000404,201027.15599999993,0.014133496907280614
2025-07-18,0,0.0,0.0,0.0,201027.15599999993,0.0
2025-07-21,1278,-530.3699999999535,11.502,-541.8719999999535,200485.28399999999,-0.002695516420676785
2025-07-22,1274,-1592.5,11.466000000000001,-1603.966,198881.318,-0.008000417626662313
2025-07-23,0,0.0,0.0,0.0,198881.318,0.0
2025-07-24,0,0.0,0.0,0.0,198881.318,0.0
2025-07-25,1252,350.55999999996584,11.268,339.2919999999658,199220.60999999996,0.0017060023707202393
2025-07-28,0,0.0,0.0,0.0,199220.60999999996,0.0
2025-07-29,1248,-911.0400000000227,22.464000000000002,-933.5040000000228,198287.10599999994,-0.004685780251350615
2025-07-30,1247,-2169.7799999998697,11.223,-2181.0029999998696,196106.10300000006,-0.01099921746802775
2025-07-31,0,0.0,0.0,0.0,196106.10300000006,0.0
2025-08-01,1252,-5427.419999999904,33.804,-5461.223999999904,190644.87900000016,-0.027848312298571872
2025-08-04,1048,2022.6400000000667,9.432,2013.2080000000667,192658.08700000023,0.010559989917169844
2025-08-05,873,-2274.165000000115,15.714000000000002,-2289.879000000115,190368.20800000013,-0.011885714405542251
2025-08-06,850,684.2500000000541,7.650000000000001,676.6000000000541,191044.8080000002,0.0035541648845066275
2025-08-07,832,-1372.799999999981,14.976000000000003,-1387.7759999999812,189657.0320000002,-0.007264138787796734
2025-08-08,829,8.289999999898214,22.383000000000003,-14.093000000101789,189642.9390000001,-7.43078168601825e-05
2025-08-11,0,0.0,0.0,0.0,189642.9390000001,0.0
2025-08-12,791,1182.5450000000037,7.119000000000001,1175.4260000000038,190818.3650000001,0.006198100526168302
2025-08-13,0,0.0,0.0,0.0,190818.3650000001,0.0
2025-08-14,0,0.0,0.0,0.0,190818.3650000001,0.0
2025-08-15,0,0.0,0.0,0.0,190818.3650000001,0.0
2025-08-18,0,0.0,0.0,0.0,190818.3650000001,0.0
2025-08-19,773,757.5400000000141,6.957000000000001,750.5830000000141,191568.94800000012,0.003933494556459561
2025-08-20,763,-3280.8999999999655,20.601000000000003,-3301.5009999999656,188267.44700000016,-0.017234009135968963
2025-08-21,0,0.0,0.0,0.0,188267.44700000016,0.0
2025-08-22,938,956.7599999999829,8.442,948.3179999999829,189215.76500000013,0.005037078980520632
2025-08-25,0,0.0,0.0,0.0,189215.76500000013,0.0
2025-08-26,0,0.0,0.0,0.0,189215.76500000013,0.0
2025-08-27,0,0.0,0.0,0.0,189215.76500000013,0.0
2025-08-28,0,0.0,0.0,0.0,189215.76500000013,0.0
2025-08-29,997,568.2900000000499,8.973,559.3170000000499,189775.08200000017,0.0029559746250533065
2025-09-02,972,-267.2999999999779,8.748000000000001,-276.0479999999779,189499.0340000002,-0.0014546061426545854
2025-09-03,0,0.0,0.0,0.0,189499.0340000002,0.0
2025-09-04,997,2068.774999999932,17.946,2050.828999999932,191549.86300000013,0.010822371791087493
2025-09-05,929,-575.9800000000042,8.361,-584.3410000000042,190965.5220000001,-0.003050594716426416
2025-09-08,0,0.0,0.0,0.0,190965.5220000001,0.0
2025-09-09,0,0.0,0.0,0.0,190965.5220000001,0.0
2025-09-10,0,0.0,0.0,0.0,190965.5220000001,0.0
2025-09-11,967,1890.4849999999296,8.703000000000001,1881.7819999999297,192847.30400000003,0.00985404056340562
2025-09-12,0,0.0,0.0,0.0,192847.30400000003,0.0
2025-09-15,1169,0.0,10.521,-10.521,192836.78300000002,-5.455611658434177e-05
2025-09-16,0,0.0,0.0,0.0,192836.78300000002,0.0
2025-09-17,1168,-3264.559999999952,21.024,-3285.583999999952,189551.19900000008,-0.017038160193742456
2025-09-18,1145,-2610.600000000099,20.610000000000003,-2631.210000000099,186919.98899999997,-0.013881262761097586
2025-09-19,0,0.0,0.0,0.0,186919.98899999997,0.0
2025-09-22,1129,982.2299999998769,20.322000000000003,961.9079999998769,187881.89699999985,0.0051460948887594735
2025-09-23,1127,394.4500000000256,10.143,384.3070000000256,188266.20399999988,0.0020454711504218305
2025-09-24,1133,-1099.0100000001598,20.394000000000002,-1119.4040000001598,187146.79999999973,-0.00594585738819146
2025-09-25,1137,-4678.75500000001,20.466,-4699.2210000000105,182447.5789999997,-0.025109812190216543
2025-09-26,1106,-3063.61999999998,19.908,-3083.52799999998,179364.05099999972,-0.01690089842189676
2025-09-29,0,0.0,0.0,0.0,179364.05099999972,0.0
2025-09-30,0,0.0,0.0,0.0,179364.05099999972,0.0
2025-10-01,1081,589.1449999999558,9.729000000000001,579.4159999999557,179943.46699999968,0.003230390910383467
2025-10-02,0,0.0,0.0,0.0,179943.46699999968,0.0
2025-10-03,1074,-1159.920000000044,9.666,-1169.586000000044,178773.88099999964,-0.006499741388221924
2025-10-06,0,0.0,0.0,0.0,178773.88099999964,0.0
2025-10-07,1063,100.985000000029,9.567000000000002,91.418000000029,178865.29899999968,0.0005113610527928807
2025-10-08,1067,570.844999999966,19.206000000000003,551.638999999966,179416.93799999965,0.00308410297069398
2025-10-09,1065,1001.099999999937,19.17,981.9299999999371,180398.86799999958,0.005472894649444631
2025-10-10,1073,17017.780000000013,9.657000000000002,17008.123000000014,197406.9909999996,0.0942806525814788
2025-10-13,723,169.90500000000986,6.507000000000001,163.39800000000986,197570.38899999962,0.0008277214457922121
2025-10-14,0,0.0,0.0,0.0,197570.38899999962,0.0
2025-10-15,643,-2121.8999999999705,5.787000000000001,-2127.6869999999703,195442.70199999964,-0.01076926056971004
2025-10-16,640,-1280.0,5.760000000000001,-1285.76,194156.94199999963,-0.006578705609585782
2025-10-17,639,1226.8799999999737,5.751,1221.1289999999738,195378.07099999962,0.00628939139348402
2025-10-20,630,1581.2999999999943,5.670000000000001,1575.6299999999942,196953.70099999962,0.008064518151579034
2025-10-21,0,0.0,0.0,0.0,196953.70099999962,0.0
2025-10-22,609,-922.6350000000609,16.443,-939.0780000000609,196014.62299999956,-0.004768013981113575
2025-10-23,603,-1142.684999999989,21.708000000000002,-1164.3929999999891,194850.22999999957,-0.005940337420642295
2025-10-24,0,0.0,0.0,0.0,194850.22999999957,0.0
2025-10-27,0,0.0,0.0,0.0,194850.22999999957,0.0
2025-10-28,0,0.0,0.0,0.0,194850.22999999957,0.0
2025-10-29,0,0.0,0.0,0.0,194850.22999999957,0.0
2025-10-30,0,0.0,0.0,0.0,194850.22999999957,0.0
2025-10-31,0,0.0,0.0,0.0,194850.22999999957,0.0
2025-11-03,884,-1768.0,7.956000000000001,-1775.956,193074.27399999957,-0.009114467044765633
2025-11-04,0,0.0,0.0,0.0,193074.27399999957,0.0
2025-11-05,779,350.5500000000354,7.011000000000001,343.5390000000354,193417.81299999962,0.0017793100700719774
2025-11-06,814,2344.319999999996,14.652000000000001,2329.667999999996,195747.48099999962,0.012044743779622825
2025-11-07,763,-1484.0349999999514,6.867000000000001,-1490.9019999999514,194256.57899999968,-0.007616455610991767
2025-11-10,802,1162.8999999999453,7.218000000000001,1155.6819999999452,195412.26099999962,0.005949255391756627
2025-11-11,0,0.0,0.0,0.0,195412.26099999962,0.0
2025-11-12,0,0.0,0.0,0.0,195412.26099999962,0.0
2025-11-13,718,2972.5199999999904,12.924000000000001,2959.5959999999905,198371.8569999996,0.015145395610565071
2025-11-14,663,-537.0300000000392,5.9670000000000005,-542.9970000000392,197828.85999999958,-0.0027372683212822887
2025-11-17,716,32.219999999970696,6.444000000000001,25.775999999970693,197854.63599999956,0.00013029443732310214
2025-11-18,710,-1150.2000000000032,6.390000000000001,-1156.5900000000033,196698.04599999957,-0.005845655292100438
2025-11-19,697,-2125.8500000000477,6.273000000000001,-2132.123000000048,194565.92299999952,-0.010839573871517018
2025-11-20,688,4196.800000000016,6.192000000000001,4190.608000000016,198756.53099999952,0.021538242336506308
2025-11-21,672,-1068.4800000000214,6.048000000000001,-1074.5280000000214,197682.0029999995,-0.005406252537180899
2025-11-24,618,2011.5899999999972,5.562,2006.0279999999973,199688.0309999995,0.010147752296904854
2025-11-25,582,558.7200000000212,5.238,553.4820000000211,200241.5129999995,0.002771733474601803
2025-11-26,0,0.0,0.0,0.0,200241.5129999995,0.0
2025-12-01,0,0.0,0.0,0.0,200241.5129999995,0.0
2025-12-02,0,0.0,0.0,0.0,200241.5129999995,0.0
2025-12-03,0,0.0,0.0,0.0,200241.5129999995,0.0
2025-12-04,0,0.0,0.0,0.0,200241.5129999995,0.0
2025-12-05,620,-644.7999999999774,5.580000000000001,-650.3799999999775,199591.13299999954,-0.003247977855620673
2025-12-08,0,0.0,0.0,0.0,199591.13299999954,0.0
2025-12-09,0,0.0,0.0,0.0,199591.13299999954,0.0
2025-12-10,765,-428.39999999995825,6.885000000000001,-435.28499999995825,199155.8479999996,-0.0021808834563805963
2025-12-11,815,-2905.4750000000445,7.335000000000001,-2912.8100000000445,196243.03799999953,-0.014625781915276977
2025-12-12,800,568.0000000000291,14.400000000000002,553.6000000000291,196796.63799999957,0.002820991794878504
2025-12-15,920,-1361.5999999999121,8.280000000000001,-1369.8799999999121,195426.75799999965,-0.006960891272949059
2025-12-16,960,-2092.799999999952,8.64,-2101.439999999952,193325.3179999997,-0.010753082236568422
2025-12-17,1137,3422.370000000119,10.233,3412.137000000119,196737.45499999984,0.017649716215649126
2025-12-18,1092,-218.40000000004966,9.828000000000001,-228.22800000004966,196509.22699999978,-0.0011600638017811597
2025-12-19,1077,538.5,9.693000000000001,528.807,197038.03399999978,0.002691003410236816
2025-12-22,0,0.0,0.0,0.0,197038.03399999978,0.0
2025-12-23,983,339.13499999991507,17.694000000000003,321.44099999991505,197359.4749999997,0.0016313652419000253
2025-12-26,0,0.0,0.0,0.0,197359.4749999997,0.0
2025-12-29,0,0.0,0.0,0.0,197359.4749999997,0.0
2025-12-30,0,0.0,0.0,0.0,197359.4749999997,0.0
2025-12-31,955,52.52499999995223,17.19,35.33499999995223,197394.80999999965,0.0001790387818976124
2026-01-02,0,0.0,0.0,0.0,197394.80999999965,0.0
2026-01-05,943,-282.9000000000643,8.487000000000002,-291.38700000006435,197103.42299999957,-0.0014761634310449443
2026-01-06,904,-185.320000000037,16.272000000000002,-201.592000000037,196901.83099999954,-0.001022772699386542
2026-01-07,0,0.0,0.0,0.0,196901.83099999954,0.0
2026-01-08,0,0.0,0.0,0.0,196901.83099999954,0.0
2026-01-09,995,1557.174999999941,17.910000000000004,1539.264999999941,198441.09599999947,0.007817423495670514
2026-01-12,0,0.0,0.0,0.0,198441.09599999947,0.0
2026-01-13,1141,-2053.800000000078,20.538000000000004,-2074.338000000078,196366.7579999994,-0.010453167422538745
2026-01-14,1136,-2749.1199999999535,20.448000000000004,-2769.5679999999534,193597.18999999945,-0.014104057266148693
2026-01-15,0,0.0,0.0,0.0,193597.18999999945,0.0
2026-01-16,0,0.0,0.0,0.0,193597.18999999945,0.0
2026-01-20,1136,1334.8000000000775,10.224000000000002,1324.5760000000776,194921.76599999954,0.006841917488575538
2026-01-21,833,2290.75,7.497000000000001,2283.253,197205.01899999953,0.011713689275727194
2026-01-22,0,0.0,0.0,0.0,197205.01899999953,0.0
2026-01-23,0,0.0,0.0,0.0,197205.01899999953,0.0
2026-01-26,767,410.3449999999756,6.9030000000000005,403.44199999997556,197608.46099999952,0.0020457998586738634
2026-01-27,772,-579.0,6.948,-585.948,197022.5129999995,-0.0029651969203889576
2026-01-28,0,0.0,0.0,0.0,197022.5129999995,0.0
2026-01-29,784,-1066.2400000000998,14.112000000000002,-1080.3520000001,195942.1609999994,-0.005483393666794325
2026-01-30,782,-1775.1399999999858,7.038000000000001,-1782.1779999999858,194159.98299999943,-0.009095428931193583
2026-02-02,795,552.5249999999494,7.155000000000001,545.3699999999494,194705.35299999936,0.002808869219976966
2026-02-03,776,1257.1200000000917,13.968000000000002,1243.1520000000917,195948.50499999945,0.006384785938577126
2026-02-04,751,-1299.2300000000137,6.759000000000001,-1305.9890000000137,194642.51599999945,-0.006664960265963842
2026-02-05,755,-2249.9000000000137,6.795000000000001,-2256.695000000014,192385.82099999944,-0.01159404967823176
2026-02-06,690,4070.9999999999845,6.210000000000001,4064.7899999999845,196450.61099999942,0.021128324212624776
2026-02-09,573,-146.1149999999974,5.157000000000001,-151.2719999999974,196299.33899999943,-0.0007700256020074066
2026-02-10,0,0.0,0.0,0.0,196299.33899999943,0.0
2026-02-11,0,0.0,0.0,0.0,196299.33899999943,0.0
2026-02-12,743,1790.6299999999765,6.687000000000001,1783.9429999999766,198083.2819999994,0.009087870642294837
2026-02-13,0,0.0,0.0,0.0,198083.2819999994,0.0
2026-02-17,682,-4323.880000000022,6.138000000000001,-4330.018000000022,193753.26399999938,-0.02185958328376261
2026-02-18,671,-10.064999999990846,6.039000000000001,-16.103999999990847,193737.1599999994,-8.311601914479695e-05
2026-02-19,0,0.0,0.0,0.0,193737.1599999994,0.0
2026-02-20,659,415.1700000000719,5.931000000000001,409.23900000007194,194146.39899999945,0.0021123412772236015
2026-02-23,637,375.8300000000203,11.466000000000001,364.36400000002027,194510.76299999948,0.0018767486900440596
2026-02-24,628,653.1199999999772,5.652000000000001,647.4679999999771,195158.23099999945,0.0033287001192832647
2026-02-25,0,0.0,0.0,0.0,195158.23099999945,0.0
2026-02-26,608,-240.15999999998894,10.944,-251.10399999998893,194907.12699999945,-0.0012866687646906866
2026-02-27,0,0.0,0.0,0.0,194907.12699999945,0.0
2026-03-02,0,0.0,0.0,0.0,194907.12699999945,0.0
2026-03-03,850,-6757.499999999942,7.650000000000001,-6765.149999999941,188141.97699999952,-0.0347096081304403
2026-03-04,775,-860.2500000000106,6.9750000000000005,-867.2250000000106,187274.7519999995,-0.004609417918469161
2026-03-05,736,-3731.519999999953,6.6240000000000006,-3738.143999999953,183536.60799999957,-0.019960747298172703
2026-03-06,859,-1288.5,7.731000000000001,-1296.231,182240.37699999957,-0.007062520192156994
2026-03-09,754,-9334.520000000082,13.572000000000001,-9348.092000000082,172892.28499999948,-0.051295394324168374
2026-03-10,664,-4037.120000000027,5.976000000000001,-4043.0960000000273,168849.18899999946,-0.023385057349436033
2026-03-11,0,0.0,0.0,0.0,168849.18899999946,0.0
2026-03-12,670,1862.600000000058,6.030000000000001,1856.570000000058,170705.75899999953,0.010995433327192728
2026-03-13,0,0.0,0.0,0.0,170705.75899999953,0.0
2026-03-16,656,-1128.320000000018,5.904000000000001,-1134.224000000018,169571.5349999995,-0.006644321823963894
2026-03-17,0,0.0,0.0,0.0,169571.5349999995,0.0
2026-03-18,663,1246.4399999999969,5.9670000000000005,1240.4729999999968,170812.0079999995,0.00731533744740826
2026-03-19,0,0.0,0.0,0.0,170812.0079999995,0.0
2026-03-20,635,2927.3500000000085,5.715000000000001,2921.6350000000084,173733.64299999952,0.017104388820252128
2026-03-23,587,-2835.210000000024,5.283,-2840.493000000024,170893.1499999995,-0.016349700328335555
2026-03-24,0,0.0,0.0,0.0,170893.1499999995,0.0
2026-03-25,0,0.0,0.0,0.0,170893.1499999995,0.0
2026-03-26,550,2353.999999999985,4.95,2349.049999999985,173242.1999999995,0.013745723570546813
2026-03-27,540,2683.8000000000147,4.86,2678.9400000000146,175921.1399999995,0.015463553337466405
2026-03-30,547,-1293.655000000005,4.923000000000001,-1298.578000000005,174622.56199999948,-0.007381591547212625
2026-03-31,545,4065.70000000002,4.905,4060.7950000000196,178683.3569999995,0.023254698324721816
2026-04-01,406,-507.5,3.6540000000000004,-511.154,178172.20299999948,-0.0028606693347495225
2026-04-02,0,0.0,0.0,0.0,178172.20299999948,0.0
2026-04-06,413,355.18000000000563,3.7170000000000005,351.46300000000565,178523.6659999995,0.0019726028756573586
2026-04-07,421,-2193.4100000000153,3.7890000000000006,-2197.1990000000155,176326.46699999948,-0.012307606320385677
2026-04-08,0,0.0,0.0,0.0,176326.46699999948,0.0
2026-04-09,370,381.0999999999899,3.3300000000000005,377.7699999999899,176704.23699999947,0.002142446374769087
2026-04-10,0,0.0,0.0,0.0,176704.23699999947,0.0
2026-04-13,0,0.0,0.0,0.0,176704.23699999947,0.0
2026-04-14,396,1334.5200000000018,3.5640000000000005,1330.9560000000017,178035.19299999948,0.007532111411680557
2026-04-15,0,0.0,0.0,0.0,178035.19299999948,0.0
2026-04-16,0,0.0,0.0,0.0,178035.19299999948,0.0
2026-04-17,442,66.29999999998995,7.956000000000001,58.34399999998995,178093.53699999946,0.0003277104881167518
2026-04-20,0,0.0,0.0,0.0,178093.53699999946,0.0
2026-04-21,547,-1318.2699999999827,9.846000000000002,-1328.1159999999827,176765.42099999948,-0.0074574070590781
2026-04-22,0,0.0,0.0,0.0,176765.42099999948,0.0
2026-04-23,0,0.0,0.0,0.0,176765.42099999948,0.0
2026-04-24,597,-716.4000000000271,16.119000000000003,-732.5190000000272,176032.90199999945,-0.004144017511207859
2026-04-27,0,0.0,0.0,0.0,176032.90199999945,0.0
2026-04-28,0,0.0,0.0,0.0,176032.90199999945,0.0
2026-04-29,0,0.0,0.0,0.0,176032.90199999945,0.0
2026-04-30,743,378.92999999999324,6.687000000000001,372.24299999999323,176405.14499999944,0.002114621731339715
2026-05-01,728,-1976.5200000000232,13.104000000000001,-1989.6240000000232,174415.52099999943,-0.011278718656420307
2026-05-04,744,-952.3200000000643,13.392000000000001,-965.7120000000643,173449.80899999937,-0.005536846689235114
2026-05-05,770,-485.10000000008404,20.790000000000003,-505.89000000008406,172943.9189999993,-0.0029166362472044342
2026-05-06,761,3112.4900000000243,6.849000000000001,3105.641000000024,176049.55999999933,0.017957503322218786
2026-05-07,689,-930.1500000000157,12.402000000000001,-942.5520000000157,175107.0079999993,-0.005353901480924004
2026-05-08,718,-211.80999999997061,6.462000000000001,-218.2719999999706,174888.73599999934,-0.00124650636483933
2026-05-11,707,-1251.3899999999871,12.726,-1264.1159999999873,173624.61999999936,-0.007228115594591478
2026-05-12,771,686.1899999999895,6.939000000000001,679.2509999999895,174303.87099999934,0.003912181348474612
2026-05-13,800,455.99999999994907,7.200000000000001,448.7999999999491,174752.6709999993,0.002574813728605894
2026-05-14,836,1082.6199999999658,15.048000000000002,1067.5719999999658,175820.24299999926,0.006109045394790962
2026-05-15,844,-1510.7599999999693,7.596000000000001,-1518.3559999999693,174301.8869999993,-0.008635842915994467
2026-05-18,676,-3647.0199999999877,12.168000000000001,-3659.187999999988,170642.6989999993,-0.02099339291719775
2026-05-19,690,-1052.2499999999843,12.420000000000002,-1064.6699999999844,169578.0289999993,-0.00623917698348166
2026-05-20,648,2164.319999999947,5.832000000000001,2158.487999999947,171736.51699999926,0.012728582899144062
2026-05-21,0,0.0,0.0,0.0,171736.51699999926,0.0
2026-05-22,643,-1189.5499999999415,5.787000000000001,-1195.3369999999416,170541.17999999932,-0.0069602960446667654
2026-05-26,650,-74.75000000000591,5.8500000000000005,-80.6000000000059,170460.57999999932,-0.0004726131248769724
2026-05-27,0,0.0,0.0,0.0,170460.57999999932,0.0
2026-05-28,741,1422.7199999999698,6.6690000000000005,1416.0509999999697,171876.6309999993,0.00830720510278667
2026-05-29,751,-886.1799999999624,6.759000000000001,-892.9389999999624,170983.69199999934,-0.005195232154625873
2026-06-01,780,-850.1999999999362,7.0200000000000005,-857.2199999999361,170126.4719999994,-0.005013460581959708
2026-06-02,0,0.0,0.0,0.0,170126.4719999994,0.0
2026-06-03,782,930.5800000000427,21.114,909.4660000000426,171035.93799999944,0.0053458229592867
2026-06-04,744,342.24000000002707,6.696000000000001,335.54400000002704,171371.48199999947,0.00196183330780475
2026-06-05,777,8787.869999999957,6.993000000000001,8780.876999999957,180152.35899999941,0.051238846145941506
2026-06-08,559,-3222.6349999999925,5.031000000000001,-3227.6659999999924,176924.69299999942,-0.01791631271395121
2026-06-09,547,-2212.6149999999775,4.923000000000001,-2217.5379999999773,174707.15499999945,-0.012533795946730764
2026-06-10,557,2216.859999999947,5.013000000000001,2211.846999999947,176919.0019999994,0.012660311479515272
2026-06-11,538,1468.7399999999486,4.8420000000000005,1463.8979999999485,178382.89999999935,0.008274396664299256
2026-06-12,470,-2420.499999999989,4.23,-2424.729999999989,175958.16999999937,-0.013592838775465573
2026-06-15,455,910.0,4.095000000000001,905.905,176864.07499999937,0.005148411125212334
2026-06-16,0,0.0,0.0,0.0,176864.07499999937,0.0
2026-06-17,414,2115.5400000000054,3.7260000000000004,2111.8140000000053,178975.88899999938,0.011940321967590156
2026-06-18,0,0.0,0.0,0.0,178975.88899999938,0.0
2026-06-22,401,-1307.2599999999961,7.218000000000001,-1314.4779999999962,177661.41099999938,-0.007344441797967551
2026-06-23,0,0.0,0.0,0.0,177661.41099999938,0.0
2026-06-24,391,-633.4200000000018,3.5190000000000006,-636.9390000000018,177024.47199999937,-0.0035851285679589927
2026-06-25,389,-2184.2350000000033,3.5010000000000003,-2187.7360000000035,174836.73599999936,-0.01235838172701914
2026-06-26,0,0.0,0.0,0.0,174836.73599999936,0.0
2026-06-29,463,203.71999999997263,4.167000000000001,199.55299999997263,175036.28899999935,0.001141367681446383
2026-06-30,424,366.76000000000386,7.632000000000001,359.12800000000385,175395.41699999935,0.002051734540601493
2026-07-01,0,0.0,0.0,0.0,175395.41699999935,0.0
2026-07-02,457,-1608.6399999999917,8.226,-1616.8659999999918,173778.55099999937,-0.009218405062431009
2026-07-06,496,-34.72000000002481,4.464,-39.18400000002481,173739.36699999933,-0.0002254823726780007
2026-07-07,486,-340.2000000000221,4.3740000000000006,-344.5740000000221,173394.7929999993,-0.0019832810833253665
2026-07-08,561,-359.03999999999235,5.049,-364.0889999999923,173030.70399999933,-0.0020997689359679547
2026-07-09,562,219.17999999999233,5.058000000000001,214.12199999999234,173244.82599999933,0.001237479794337502
2026-07-10,0,0.0,0.0,0.0,173244.82599999933,0.0
2026-07-13,607,-679.8400000000028,10.926000000000002,-690.7660000000028,172554.05999999933,-0.0039872244150021855
2026-07-14,0,0.0,0.0,0.0,172554.05999999933,0.0
2026-07-15,0,0.0,0.0,0.0,172554.05999999933,0.0
2026-07-16,693,-1268.1900000000282,6.237000000000001,-1274.4270000000283,171279.6329999993,-0.007385668004566414
2026-07-17,0,0.0,0.0,0.0,171279.6329999993,0.0
2026-07-20,0,0.0,0.0,0.0,171279.6329999993,0.0
2026-07-21,755,79.27500000001373,6.795000000000001,72.48000000001373,171352.1129999993,0.0004231676512292272
2026-07-22,0,0.0,0.0,0.0,171352.1129999993,0.0
2026-07-23,760,-1470.600000000045,6.840000000000001,-1477.4400000000448,169874.67299999928,-0.008622245586198583
2026-07-24,657,-1018.3500000000448,5.913,-1024.2630000000447,168850.40999999925,-0.006029521540271333
2026-07-27,696,-1197.120000000019,6.264000000000001,-1203.384000000019,167647.02599999923,-0.00712692376642748
2026-07-28,705,-3094.9499999999903,25.380000000000003,-3120.3299999999904,164526.69599999924,-0.018612498380973397
2026-07-29,689,5029.699999999968,12.402000000000001,5017.297999999968,169543.99399999922,0.03049534283481868
2026-07-30,656,1974.559999999994,5.904000000000001,1968.655999999994,171512.6499999992,0.01161147589810821
2026-07-31,543,-377.38500000002716,4.8870000000000005,-382.27200000002716,171130.37799999918,-0.0022288268532964124
2026-08-03,535,2284.4499999999903,4.815,2279.63499999999,173410.01299999916,0.013321042275732022
2026-08-04,486,3756.780000000009,4.3740000000000006,3752.406000000009,177162.41899999918,0.02163892346862362
2026-08-05,0,0.0,0.0,0.0,177162.41899999918,0.0
2026-08-06,0,0.0,0.0,0.0,177162.41899999918,0.0
2026-08-07,0,0.0,0.0,0.0,177162.41899999918,0.0
2026-08-10,0,0.0,0.0,0.0,177162.41899999918,0.0
2026-08-11,475,-258.87500000003456,4.275,-263.15000000003454,176899.26899999916,-0.0014853601654650909
2026-08-12,0,0.0,0.0,0.0,176899.26899999916,0.0
2026-08-13,523,-750.5050000000309,4.707000000000001,-755.2120000000309,176144.05699999913,-0.004269164051774767
2026-08-14,0,0.0,0.0,0.0,176144.05699999913,0.0
2026-08-17,0,0.0,0.0,0.0,176144.05699999913,0.0
2026-08-18,0,0.0,0.0,0.0,176144.05699999913,0.0
2026-08-19,0,0.0,0.0,0.0,176144.05699999913,0.0
2026-08-20,0,0.0,0.0,0.0,176144.05699999913,0.0
2026-08-21,0,0.0,0.0,0.0,176144.05699999913,0.0
2026-08-24,694,-537.8500000000631,6.246,-544.0960000000631,175599.96099999908,-0.003088926241775309
2026-08-25,0,0.0,0.0,0.0,175599.96099999908,0.0
2026-08-26,918,-1450.4400000000376,8.262,-1458.7020000000375,174141.25899999903,-0.008306960842662404
2026-08-27,906,-860.6999999999382,8.154000000000002,-868.8539999999382,173272.4049999991,-0.004989363261695168
2026-08-28,898,-3865.890000000057,24.246000000000002,-3890.1360000000573,169382.26899999904,-0.022450984044459228
2026-08-31,882,-476.2799999999679,23.814000000000004,-500.09399999996793,168882.1749999991,-0.002952457792379501
2026-09-01,0,0.0,0.0,0.0,168882.1749999991,0.0
2026-09-02,886,-97.46000000001209,7.974000000000001,-105.43400000001209,168776.74099999908,-0.000624305081338588
2026-09-03,879,-597.719999999956,15.822000000000003,-613.541999999956,168163.19899999912,-0.0036352283873046193
2026-09-04,768,-1559.0399999998917,20.736000000000004,-1579.7759999998918,166583.42299999922,-0.009394302733262704
2026-09-08,770,281.0500000001821,20.790000000000003,260.26000000018206,166843.6829999994,0.0015623403296268158
2026-09-09,793,-1030.899999999964,7.1370000000000005,-1038.0369999999639,165805.64599999945,-0.006221614036175212
2026-09-10,782,-1485.7999999999822,7.038000000000001,-1492.8379999999822,164312.80799999947,-0.009003541411370197
2026-09-11,801,-1822.274999999982,7.2090000000000005,-1829.483999999982,162483.3239999995,-0.011134153340012228
2026-09-14,0,0.0,0.0,0.0,162483.3239999995,0.0
2026-09-15,734,44.04000000004339,6.606000000000001,37.43400000004339,162520.75799999954,0.0002303867195629473
2026-09-16,732,-95.15999999999667,6.588000000000001,-101.74799999999667,162419.00999999954,-0.0006260615643941124
2026-09-17,0,0.0,0.0,0.0,162419.00999999954,0.0
2026-09-18,658,-414.539999999997,11.844000000000001,-426.383999999997,161992.62599999955,-0.002625209943097167
2026-09-21,653,3810.2550000000238,5.877000000000001,3804.378000000024,165797.00399999958,0.023484883811933727
2026-09-22,0,0.0,0.0,0.0,165797.00399999958,0.0
2026-09-23,576,864.0,10.368000000000002,853.632,166650.6359999996,0.005148657571641054
2026-09-24,0,0.0,0.0,0.0,166650.6359999996,0.0
2026-09-25,611,-1041.7549999999555,10.998000000000001,-1052.7529999999556,165597.88299999962,-0.0063171256064090756
2026-09-28,600,-2682.0000000000164,5.4,-2687.4000000000165,162910.4829999996,-0.016228468331325362
2026-09-29,579,-761.3849999999658,10.422,-771.8069999999658,162138.67599999963,-0.004737614092028489
2026-09-30,586,-383.829999999984,10.548000000000002,-394.377999999984,161744.29799999963,-0.002432349947152553
2026-10-01,600,-75.0,5.4,-80.4,161663.89799999964,-0.0004970808924590355
2026-10-02,0,0.0,0.0,0.0,161663.89799999964,0.0
