date,shares,gross,costs,pnl,aum,ret
2020-08-18,0,0.0,0.0,0.0,100000.0,0.0
2020-08-19,0,0.0,0.0,0.0,100000.0,0.0
2020-08-20,0,0.0,0.0,0.0,100000.0,0.0
2020-08-24,0,0.0,0.0,0.0,100000.0,0.0
2020-08-25,0,0.0,0.0,0.0,100000.0,0.0
2020-08-26,290,469.8000000000013,2.6100000000000003,467.1900000000013,100467.19,0.004671900000000013
2020-08-27,288,-293.75999999999476,2.5920000000000005,-296.35199999999475,100170.838,-0.0029497391138340262
2020-08-28,0,0.0,0.0,0.0,100170.838,0.0
2020-08-31,285,45.60000000000713,2.5650000000000004,43.03500000000713,100213.873,0.0004296160525282531
2020-09-01,286,344.62999999999545,2.5740000000000003,342.05599999999544,100555.929,0.0034132599585288497
2020-09-02,283,602.7899999999987,2.547,600.2429999999987,101156.172,0.005969245234659397
2020-09-03,284,2033.439999999991,2.5560000000000005,2030.883999999991,103187.056,0.020076718601016168
2020-09-04,298,256.28000000000407,2.6820000000000004,253.59800000000408,103440.654,0.0024576532157289583
2020-09-08,307,325.4200000000007,2.7630000000000003,322.6570000000007,103763.311,0.0031192474865829904
2020-09-09,307,521.8999999999965,2.7630000000000003,519.1369999999964,104282.448,0.005003088230289764
2020-09-10,305,1131.5499999999938,2.745,1128.804999999994,105411.253,0.010824496563410113
2020-09-11,313,-735.5499999999893,2.817,-738.3669999999893,104672.88600000001,-0.007004631659202356
2020-09-14,310,-198.39999999999577,2.7900000000000005,-201.18999999999576,104471.69600000001,-0.001922083241308506
2020-09-15,0,0.0,0.0,0.0,104471.69600000001,0.0
2020-09-16,0,0.0,0.0,0.0,104471.69600000001,0.0
2020-09-17,0,0.0,0.0,0.0,104471.69600000001,0.0
2020-09-18,311,1054.2899999999959,2.7990000000000004,1051.490999999996,105523.187,0.010064840911551735
2020-09-21,324,-1419.1199999999985,2.9160000000000004,-1422.0359999999985,104101.15100000001,-0.013476052424383263
2020-09-22,0,0.0,0.0,0.0,104101.15100000001,0.0
2020-09-23,314,1472.6599999999994,2.8260000000000005,1469.8339999999994,105570.98500000002,0.014119286731037193
2020-09-24,328,-928.2400000000134,2.9520000000000004,-931.1920000000134,104639.793,-0.008820529618057587
2020-09-25,324,787.3200000000022,2.9160000000000004,784.4040000000022,105424.197,0.007496230425455851
2020-09-28,0,0.0,0.0,0.0,105424.197,0.0
2020-09-29,315,-62.99999999999642,2.8350000000000004,-65.83499999999641,105358.36200000001,-0.000624477130236016
2020-09-30,316,-60.03999999999928,2.8440000000000003,-62.88399999999928,105295.478,-0.0005968581781861727
2020-10-01,0,0.0,0.0,0.0,105295.478,0.0
2020-10-02,0,0.0,0.0,0.0,105295.478,0.0
2020-10-06,0,0.0,0.0,0.0,105295.478,0.0
2020-10-12,301,186.62000000000137,2.7090000000000005,183.91100000000137,105479.38900000001,0.001746618216596171
2020-10-13,0,0.0,0.0,0.0,105479.38900000001,0.0
2020-10-14,300,87.00000000000614,2.7,84.30000000000614,105563.68900000001,0.0007992082699683265
2020-10-15,0,0.0,0.0,0.0,105563.68900000001,0.0
2020-10-16,302,-1005.6599999999952,2.7180000000000004,-1008.3779999999952,104555.31100000002,-0.009552318695493818
2020-10-19,299,53.82000000000204,2.6910000000000003,51.12900000000204,104606.44000000002,0.0004890138961951156
2020-10-20,304,-401.2799999999979,2.736,-404.0159999999979,104202.42400000001,-0.003862247869251624
2020-10-21,303,-821.1299999999937,2.7270000000000003,-823.8569999999937,103378.56700000002,-0.00790631319670638
2020-10-22,0,0.0,0.0,0.0,103378.56700000002,0.0
2020-10-23,0,0.0,0.0,0.0,103378.56700000002,0.0
2020-10-26,302,33.22000000000412,2.7180000000000004,30.50200000000412,103409.06900000003,0.00029505148780021407
2020-10-27,0,0.0,0.0,0.0,103409.06900000003,0.0
2020-10-28,311,646.8799999999951,2.7990000000000004,644.0809999999951,104053.15000000002,0.006228476924011326
2020-10-29,318,674.1600000000014,2.8620000000000005,671.2980000000015,104724.44800000002,0.006451491377243278
2020-10-30,319,-516.7799999999834,2.8710000000000004,-519.6509999999834,104204.79700000004,-0.0049620791508013795
2020-11-02,315,-422.0999999999921,2.8350000000000004,-424.9349999999921,103779.86200000004,-0.004077883285929648
2020-11-03,311,192.82000000000141,2.7990000000000004,190.0210000000014,103969.88300000005,0.0018310007003092888
2020-11-04,305,282.12499999998613,2.745,279.3799999999861,104249.26300000004,0.0026871243088730417
2020-11-05,298,-412.7299999999973,2.6820000000000004,-415.4119999999973,103833.85100000004,-0.003984795556780072
2020-11-06,296,-492.84000000000606,2.664,-495.50400000000604,103338.34700000004,-0.0047720853577895885
2020-11-09,0,0.0,0.0,0.0,103338.34700000004,0.0
2020-11-10,0,0.0,0.0,0.0,103338.34700000004,0.0
2020-11-11,0,0.0,0.0,0.0,103338.34700000004,0.0
2020-11-12,290,-8.700000000008572,2.6100000000000003,-11.310000000008571,103327.03700000003,-0.00010944630263931517
2020-11-13,0,0.0,0.0,0.0,103327.03700000003,0.0
2020-11-16,0,0.0,0.0,0.0,103327.03700000003,0.0
2020-11-17,287,-650.0550000000123,2.583,-652.6380000000123,102674.39900000002,-0.006316236475454262
2020-11-18,0,0.0,0.0,0.0,102674.39900000002,0.0
2020-11-19,0,0.0,0.0,0.0,102674.39900000002,0.0
2020-11-20,0,0.0,0.0,0.0,102674.39900000002,0.0
2020-11-23,0,0.0,0.0,0.0,102674.39900000002,0.0
2020-11-24,285,228.00000000000324,2.5650000000000004,225.43500000000324,102899.83400000002,0.00219563009080777
2020-11-25,283,-166.96999999999292,2.547,-169.51699999999292,102730.31700000002,-0.001647398187250651
2020-11-30,283,-345.25999999999163,2.547,-347.80699999999166,102382.51000000004,-0.003385631526864573
2020-12-01,280,-288.4000000000083,2.5200000000000005,-290.92000000000826,102091.59000000003,-0.0028415009555832157
2020-12-07,0,0.0,0.0,0.0,102091.59000000003,0.0
2020-12-08,277,38.77999999999622,2.4930000000000003,36.28699999999622,102127.87700000002,0.00035543574157279956
2020-12-09,275,413.87499999999875,2.475,411.3999999999987,102539.27700000002,0.004028283090619799
2020-12-10,0,0.0,0.0,0.0,102539.27700000002,0.0
2020-12-11,280,-732.2000000000025,2.5200000000000005,-734.7200000000025,101804.55700000002,-0.007165254344440155
2020-12-14,276,-1344.1200000000013,2.4840000000000004,-1346.6040000000012,100457.95300000001,-0.013227345019535824
2020-12-15,273,129.6749999999907,2.4570000000000003,127.2179999999907,100585.171,0.0012663805721781997
2020-12-16,0,0.0,0.0,0.0,100585.171,0.0
2020-12-17,0,0.0,0.0,0.0,100585.171,0.0
2020-12-18,271,140.91999999999507,2.4390000000000005,138.48099999999508,100723.652,0.0013767536369749282
2020-12-21,275,-1515.2499999999975,2.475,-1517.7249999999974,99205.92700000001,-0.015068208607050878
2020-12-22,0,0.0,0.0,0.0,99205.92700000001,0.0
2020-12-29,0,0.0,0.0,0.0,99205.92700000001,0.0
2020-12-30,0,0.0,0.0,0.0,99205.92700000001,0.0
2020-12-31,0,0.0,0.0,0.0,99205.92700000001,0.0
2021-01-04,264,960.9599999999964,2.3760000000000003,958.5839999999964,100164.51100000001,0.009662567842342689
2021-01-05,271,325.1999999999969,2.4390000000000005,322.7609999999969,100487.27200000001,0.0032223089473276305
2021-01-06,271,371.27000000000123,2.4390000000000005,368.8310000000012,100856.10300000002,0.003670425046467588
2021-01-07,268,233.16000000000122,2.4120000000000004,230.7480000000012,101086.85100000002,0.0022878932770186568
2021-01-08,0,0.0,0.0,0.0,101086.85100000002,0.0
2021-01-11,0,0.0,0.0,0.0,101086.85100000002,0.0
2021-01-12,0,0.0,0.0,0.0,101086.85100000002,0.0
2021-01-13,0,0.0,0.0,0.0,101086.85100000002,0.0
2021-01-15,268,-300.1600000000012,2.4120000000000004,-302.5720000000012,100784.27900000002,-0.002993188500846674
2021-01-19,0,0.0,0.0,0.0,100784.27900000002,0.0
2021-01-20,264,278.5199999999868,2.3760000000000003,276.1439999999868,101060.42300000001,0.0027399511386094924
2021-01-21,0,0.0,0.0,0.0,101060.42300000001,0.0
2021-01-22,0,0.0,0.0,0.0,101060.42300000001,0.0
2021-01-25,263,-998.0850000000041,2.3670000000000004,-1000.4520000000041,100059.971,-0.009899542969457035
2021-01-26,0,0.0,0.0,0.0,100059.971,0.0
2021-01-27,263,833.7100000000041,2.3670000000000004,831.3430000000042,100891.31400000001,0.008308447341045144
2021-01-28,268,-29.480000000003656,2.4120000000000004,-31.892000000003655,100859.422,-0.0003161025338613753
2021-01-29,268,708.8599999999951,2.4120000000000004,706.4479999999951,101565.87,0.007004283645408904
2021-02-01,271,-2.7099999999975353,2.4390000000000005,-5.148999999997535,101560.721,-5.069616397710703e-05
2021-02-02,267,105.46499999999514,2.4030000000000005,103.06199999999514,101663.783,0.001014782082927465
2021-02-03,0,0.0,0.0,0.0,101663.783,0.0
2021-02-04,265,592.2750000000036,2.3850000000000002,589.8900000000036,102253.673,0.005802361299106916
2021-02-05,0,0.0,0.0,0.0,102253.673,0.0
2021-02-08,0,0.0,0.0,0.0,102253.673,0.0
2021-02-09,0,0.0,0.0,0.0,102253.673,0.0
2021-02-10,0,0.0,0.0,0.0,102253.673,0.0
2021-02-11,0,0.0,0.0,0.0,102253.673,0.0
2021-02-12,0,0.0,0.0,0.0,102253.673,0.0
2021-02-16,0,0.0,0.0,0.0,102253.673,0.0
2021-02-17,0,0.0,0.0,0.0,102253.673,0.0
2021-02-18,262,-593.4299999999964,2.358,-595.7879999999964,101657.885,-0.005826568205525452
2021-02-19,0,0.0,0.0,0.0,101657.885,0.0
2021-02-22,0,0.0,0.0,0.0,101657.885,0.0
2021-02-23,264,-2178.0,4.752000000000001,-2182.752,99475.133,-0.02147154645210256
2021-02-24,257,871.2299999999965,2.313,868.9169999999965,100344.05,0.008735017222847006
2021-02-25,256,1802.2400000000052,2.3040000000000003,1799.9360000000052,102143.986,0.017937645530552188
2021-02-26,265,-471.70000000000783,2.3850000000000002,-474.0850000000078,101669.901,-0.00464134031346699
2021-03-01,263,670.650000000003,2.3670000000000004,668.2830000000031,102338.18400000001,0.006573066300123604
2021-03-02,262,269.85999999999285,2.358,267.50199999999285,102605.686,0.002613902157966696
2021-03-03,265,842.7000000000019,2.3850000000000002,840.3150000000019,103446.001,0.008189750809716352
2021-03-04,271,65.04000000000246,2.4390000000000005,62.601000000002465,103508.60200000001,0.0006051563075889464
2021-03-05,272,-2099.839999999992,4.896000000000001,-2104.735999999992,101403.86600000002,-0.02033392355159035
2021-03-08,263,-1388.6400000000078,2.3670000000000004,-1391.0070000000078,100012.85900000001,-0.013717494755081699
2021-03-09,259,-104.89499999999293,2.3310000000000004,-107.22599999999294,99905.63300000002,-0.0010721221358144849
2021-03-10,0,0.0,0.0,0.0,99905.63300000002,0.0
2021-03-11,254,-132.07999999999538,2.2860000000000005,-134.36599999999538,99771.26700000002,-0.0013449291693091556
2021-03-12,0,0.0,0.0,0.0,99771.26700000002,0.0
2021-03-15,0,0.0,0.0,0.0,99771.26700000002,0.0
2021-03-16,0,0.0,0.0,0.0,99771.26700000002,0.0
2021-03-17,0,0.0,0.0,0.0,99771.26700000002,0.0
2021-03-18,0,0.0,0.0,0.0,99771.26700000002,0.0
2021-03-19,255,-244.80000000000928,2.2950000000000004,-247.09500000000926,99524.172,-0.002476614835411574
2021-03-22,255,302.1750000000006,2.2950000000000004,299.88000000000056,99824.05200000001,0.0030131373511954516
2021-03-23,254,-60.96000000000231,2.2860000000000005,-63.24600000000231,99760.80600000001,-0.0006335747621224823
2021-03-24,0,0.0,0.0,0.0,99760.80600000001,0.0
2021-03-25,258,49.01999999999941,2.322,46.69799999999941,99807.50400000002,0.00046809966631584156
2021-03-26,255,478.12499999998545,6.885000000000001,471.23999999998546,100278.744,0.00472148867684323
2021-03-29,254,-228.59999999999422,2.2860000000000005,-230.88599999999423,100047.85800000001,-0.0023024420808461085
2021-03-30,0,0.0,0.0,0.0,100047.85800000001,0.0
2021-03-31,253,-202.40000000000288,4.554,-206.95400000000288,99840.90400000001,-0.00206855003332508
2021-04-01,250,-32.49999999999886,6.750000000000001,-39.24999999999886,99801.65400000001,-0.00039312544686092644
2021-04-05,247,417.42999999999944,2.2230000000000003,415.2069999999994,100216.861,0.004160321831940775
2021-04-06,0,0.0,0.0,0.0,100216.861,0.0
2021-04-07,0,0.0,0.0,0.0,100216.861,0.0
2021-04-08,0,0.0,0.0,0.0,100216.861,0.0
2021-04-09,245,175.17499999999387,4.41,170.76499999999388,100387.626,0.001703954786610148
2021-04-12,0,0.0,0.0,0.0,100387.626,0.0
2021-04-14,243,-115.42500000000553,2.1870000000000003,-117.61200000000552,100270.014,-0.001171578656516945
2021-04-15,242,95.59000000000935,2.1780000000000004,93.41200000000936,100363.426,0.0009316045373246818
2021-04-16,0,0.0,0.0,0.0,100363.426,0.0
2021-04-19,241,-351.86000000000877,6.507000000000001,-358.3670000000088,100005.059,-0.0035706931726305234
2021-04-20,241,12.05000000000274,2.169,9.88100000000274,100014.94,9.880500145500379e-05
2021-04-21,243,631.7999999999918,2.1870000000000003,629.6129999999918,100644.553,0.006295189498688813
2021-04-22,242,-183.9199999999978,2.1780000000000004,-186.0979999999978,100458.455,-0.0018490618165892972
2021-04-23,243,607.5,2.1870000000000003,605.313,101063.768,0.006025505767533454
2021-04-26,0,0.0,0.0,0.0,101063.768,0.0
2021-04-27,0,0.0,0.0,0.0,101063.768,0.0
2021-04-28,0,0.0,0.0,0.0,101063.768,0.0
2021-04-29,0,0.0,0.0,0.0,101063.768,0.0
2021-04-30,0,0.0,0.0,0.0,101063.768,0.0
2021-05-03,0,0.0,0.0,0.0,101063.768,0.0
2021-05-04,242,19.360000000009904,2.1780000000000004,17.182000000009904,101080.95000000001,0.00017001147236079604
2021-05-05,0,0.0,0.0,0.0,101080.95000000001,0.0
2021-05-06,243,-270.9450000000022,4.3740000000000006,-275.31900000000223,100805.63100000001,-0.002723747649779728
2021-05-07,240,213.59999999999673,4.32,209.27999999999673,101014.91100000001,0.002076074500242915
2021-05-10,239,408.6900000000087,2.1510000000000002,406.5390000000087,101421.45000000001,0.004024544455620108
2021-05-11,245,-502.2500000000028,2.205,-504.45500000000277,100916.99500000001,-0.00497384922025866
2021-05-12,245,940.7999999999938,2.205,938.5949999999938,101855.59,0.0093006633818218
2021-05-13,250,29.999999999986926,2.2500000000000004,27.749999999986926,101883.33999999998,0.0002724445462442162
2021-05-14,246,369.0,2.2140000000000004,366.786,102250.12599999997,0.00360005865532088
2021-05-17,0,0.0,0.0,0.0,102250.12599999997,0.0
2021-05-18,0,0.0,0.0,0.0,102250.12599999997,0.0
2021-05-19,0,0.0,0.0,0.0,102250.12599999997,0.0
2021-05-20,248,492.2800000000034,2.232,490.04800000000336,102740.17399999998,0.004792639570928289
2021-05-21,246,-784.7399999999994,2.2140000000000004,-786.9539999999995,101953.21999999999,-0.007659652201873822
2021-05-24,244,18.299999999997226,2.196,16.103999999997225,101969.32399999998,0.00015795479534630908
2021-05-25,0,0.0,0.0,0.0,101969.32399999998,0.0
2021-05-26,0,0.0,0.0,0.0,101969.32399999998,0.0
2021-05-27,0,0.0,0.0,0.0,101969.32399999998,0.0
2021-05-28,0,0.0,0.0,0.0,101969.32399999998,0.0
2021-06-01,0,0.0,0.0,0.0,101969.32399999998,0.0
2021-06-02,0,0.0,0.0,0.0,101969.32399999998,0.0
2021-06-03,0,0.0,0.0,0.0,101969.32399999998,0.0
2021-06-04,242,27.8300000000022,4.356000000000001,23.4740000000022,101992.79799999998,0.00023020648837489797
2021-06-07,241,40.970000000003836,2.169,38.80100000000384,102031.59899999999,0.00038042882204294314
2021-06-08,241,-269.9200000000011,2.169,-272.0890000000011,101759.50999999998,-0.0026667130836595153
2021-06-09,0,0.0,0.0,0.0,101759.50999999998,0.0
2021-06-10,240,-118.80000000000109,2.16,-120.96000000000109,101638.54999999997,-0.0011886849691001963
2021-06-11,0,0.0,0.0,0.0,101638.54999999997,0.0
2021-06-14,239,-145.79000000000326,6.453000000000001,-152.24300000000326,101486.30699999997,-0.0014978863826766843
2021-06-15,238,-145.18000000000325,4.284000000000001,-149.46400000000324,101336.84299999996,-0.001472750407599355
2021-06-16,238,119.0,2.1420000000000003,116.858,101453.70099999996,0.0011531640076847475
2021-06-17,240,-432.00000000000273,2.16,-434.16000000000275,101019.54099999995,-0.004279390458116486
2021-06-18,242,-459.80000000000825,4.356000000000001,-464.15600000000825,100555.38499999995,-0.004594714996774817
2021-06-21,241,691.6700000000011,2.169,689.5010000000011,101244.88599999995,0.006856927652357966
2021-06-22,240,273.5999999999967,2.16,271.4399999999967,101516.32599999996,0.0026810243037855446
2021-06-23,0,0.0,0.0,0.0,101516.32599999996,0.0
2021-06-24,0,0.0,0.0,0.0,101516.32599999996,0.0
2021-06-25,0,0.0,0.0,0.0,101516.32599999996,0.0
2021-06-28,0,0.0,0.0,0.0,101516.32599999996,0.0
2021-06-29,0,0.0,0.0,0.0,101516.32599999996,0.0
2021-06-30,0,0.0,0.0,0.0,101516.32599999996,0.0
2021-07-01,236,158.12000000000376,4.248,153.87200000000377,101670.19799999996,0.0015157364934582428
2021-07-02,235,124.54999999999359,2.115,122.4349999999936,101792.63299999996,0.0012042368600481495
2021-07-06,234,294.8399999999979,2.1060000000000003,292.7339999999979,102085.36699999995,0.002875787681020079
2021-07-07,0,0.0,0.0,0.0,102085.36699999995,0.0
2021-07-08,0,0.0,0.0,0.0,102085.36699999995,0.0
2021-07-09,236,472.0,2.124,469.876,102555.24299999996,0.004602775243977917
2021-07-12,235,-51.70000000000641,6.345000000000001,-58.04500000000641,102497.19799999995,-0.0005659876404369344
2021-07-13,0,0.0,0.0,0.0,102497.19799999995,0.0
2021-07-14,0,0.0,0.0,0.0,102497.19799999995,0.0
2021-07-15,235,-277.3000000000016,2.115,-279.4150000000016,102217.78299999994,-0.00272607452156889
2021-07-16,234,307.71000000001277,4.212000000000001,303.4980000000128,102521.28099999994,0.002969131114886467
2021-07-19,240,-472.80000000000655,4.32,-477.12000000000654,102044.16099999993,-0.004653863035519492
2021-07-20,239,676.3699999999963,2.1510000000000002,674.2189999999963,102718.37999999993,0.006607129632826289
2021-07-21,237,-139.83000000000754,2.1330000000000005,-141.96300000000755,102576.41699999993,-0.00138206034791444
2021-07-22,0,0.0,0.0,0.0,102576.41699999993,0.0
2021-07-23,234,-163.79999999999734,4.212000000000001,-168.01199999999733,102408.40499999993,-0.0016379203418656887
2021-07-26,0,0.0,0.0,0.0,102408.40499999993,0.0
2021-07-27,232,149.64000000000897,2.088,147.55200000000897,102555.95699999994,0.0014408192374445153
2021-07-28,0,0.0,0.0,0.0,102555.95699999994,0.0
2021-07-29,233,19.804999999995232,4.194000000000001,15.610999999995231,102571.56799999993,0.00015221933914570405
2021-07-30,0,0.0,0.0,0.0,102571.56799999993,0.0
2021-08-02,0,0.0,0.0,0.0,102571.56799999993,0.0
2021-08-03,233,-136.30500000000848,4.194000000000001,-140.49900000000846,102431.06899999992,-0.0013697655475054117
2021-08-04,0,0.0,0.0,0.0,102431.06899999992,0.0
2021-08-05,0,0.0,0.0,0.0,102431.06899999992,0.0
2021-08-06,0,0.0,0.0,0.0,102431.06899999992,0.0
2021-08-09,231,-10.394999999990546,2.079,-12.473999999990546,102418.59499999993,-0.00012177945736357156
2021-08-10,231,-202.125,2.079,-204.204,102214.39099999993,-0.0019938176265745506
2021-08-11,0,0.0,0.0,0.0,102214.39099999993,0.0
2021-08-12,230,52.89999999999111,2.0700000000000003,50.82999999999111,102265.22099999992,0.0004972880971329286
2021-08-13,0,0.0,0.0,0.0,102265.22099999992,0.0
2021-08-16,230,-88.54999999999791,2.0700000000000003,-90.6199999999979,102174.60099999992,-0.0008861272592370184
2021-08-17,229,-8.015000000005728,2.0610000000000004,-10.076000000005727,102164.52499999992,-9.861550621573492e-05
2021-08-18,230,511.74999999999216,2.0700000000000003,509.67999999999216,102674.20499999991,0.004988815834067574
2021-08-19,235,-237.35000000001122,2.115,-239.46500000001123,102434.7399999999,-0.002332280050281484
2021-08-20,232,359.60000000000264,2.088,357.5120000000026,102792.2519999999,0.0034901440663587663
2021-08-23,230,211.60000000000366,2.0700000000000003,209.53000000000367,103001.7819999999,0.0020383832042127443
2021-08-24,0,0.0,0.0,0.0,103001.7819999999,0.0
2021-08-25,229,-45.7999999999974,4.122000000000001,-49.9219999999974,102951.85999999991,-0.00048467122636768983
2021-08-26,229,152.2850000000047,4.122000000000001,148.16300000000467,103100.02299999991,0.0014391483553575894
2021-08-27,230,174.80000000001098,2.0700000000000003,172.730000000011,103272.75299999992,0.001675363350791989
2021-08-30,228,18.24000000000933,2.052,16.188000000009332,103288.94099999993,0.00015674996095058435
2021-08-31,228,-110.58000000000311,2.052,-112.63200000000312,103176.30899999994,-0.001090455560000399
2021-09-01,0,0.0,0.0,0.0,103176.30899999994,0.0
2021-09-02,0,0.0,0.0,0.0,103176.30899999994,0.0
2021-09-03,0,0.0,0.0,0.0,103176.30899999994,0.0
2021-09-07,227,-314.39500000001084,4.086,-318.48100000001085,102857.82799999992,-0.003086764811484108
2021-09-08,228,-409.26000000000363,4.104,-413.3640000000036,102444.46399999992,-0.004018789897060668
2021-09-09,227,-97.61000000000155,4.086,-101.69600000000155,102342.76799999992,-0.0009926939536723197
2021-09-10,226,228.2600000000108,4.0680000000000005,224.19200000001078,102566.95999999993,0.00219059933966229
2021-09-13,0,0.0,0.0,0.0,102566.95999999993,0.0
2021-09-14,228,19.380000000008295,4.104,15.276000000008295,102582.23599999995,0.00014893685061942273
2021-09-15,230,426.6500000000042,2.0700000000000003,424.5800000000042,103006.81599999995,0.004138923234233307
2021-09-16,230,100.05000000000052,2.0700000000000003,97.98000000000053,103104.79599999994,0.0009511991905467749
2021-09-17,231,483.9450000000063,2.079,481.8660000000063,103586.66199999995,0.004673555631689592
2021-09-20,238,-265.37000000000216,2.1420000000000003,-267.51200000000216,103319.14999999995,-0.0025824946458840644
2021-09-21,0,0.0,0.0,0.0,103319.14999999995,0.0
2021-09-22,236,68.44000000000483,2.124,66.31600000000483,103385.46599999996,0.0006418558418260783
2021-09-23,235,178.60000000001122,2.115,176.4850000000112,103561.95099999997,0.001707058127493581
2021-09-24,0,0.0,0.0,0.0,103561.95099999997,0.0
2021-09-27,0,0.0,0.0,0.0,103561.95099999997,0.0
2021-09-28,235,721.4499999999985,4.23,717.2199999999984,104279.17099999997,0.006925516495918454
2021-09-29,0,0.0,0.0,0.0,104279.17099999997,0.0
2021-09-30,239,310.7000000000027,2.1510000000000002,308.5490000000027,104587.71999999997,0.002958874692243217
2021-10-01,242,48.39999999999725,2.1780000000000004,46.22199999999725,104633.94199999997,0.00044194480958182535
2021-10-04,241,332.5799999999989,2.169,330.4109999999989,104964.35299999996,0.003157780292746679
2021-10-05,243,405.81000000000387,2.1870000000000003,403.62300000000386,105367.97599999997,0.003845334044025442
2021-10-06,0,0.0,0.0,0.0,105367.97599999997,0.0
2021-10-07,240,-525.6000000000131,2.16,-527.7600000000131,104840.21599999996,-0.0050087324444764245
2021-10-08,0,0.0,0.0,0.0,104840.21599999996,0.0
2021-10-11,239,40.62999999999022,2.1510000000000002,38.478999999990215,104878.69499999995,0.00036702518812046543
2021-10-12,0,0.0,0.0,0.0,104878.69499999995,0.0
2021-10-13,0,0.0,0.0,0.0,104878.69499999995,0.0
2021-10-14,238,318.91999999999405,2.1420000000000003,316.77799999999405,105195.47299999994,0.003020422784627461
2021-10-15,0,0.0,0.0,0.0,105195.47299999994,0.0
2021-10-18,0,0.0,0.0,0.0,105195.47299999994,0.0
2021-10-19,0,0.0,0.0,0.0,105195.47299999994,0.0
2021-10-20,0,0.0,0.0,0.0,105195.47299999994,0.0
2021-10-21,0,0.0,0.0,0.0,105195.47299999994,0.0
2021-10-22,0,0.0,0.0,0.0,105195.47299999994,0.0
2021-10-25,0,0.0,0.0,0.0,105195.47299999994,0.0
2021-10-26,0,0.0,0.0,0.0,105195.47299999994,0.0
2021-10-27,0,0.0,0.0,0.0,105195.47299999994,0.0
2021-10-28,230,223.10000000000628,4.140000000000001,218.9600000000063,105414.43299999995,0.0020814583912751304
2021-10-29,0,0.0,0.0,0.0,105414.43299999995,0.0
2021-11-01,0,0.0,0.0,0.0,105414.43299999995,0.0
2021-11-02,229,-132.81999999999636,8.244000000000002,-141.06399999999635,105273.36899999995,-0.001338184876448526
2021-11-03,228,176.70000000000778,2.052,174.64800000000778,105448.01699999995,0.0016589950683539715
2021-11-04,226,-242.94999999999743,2.0340000000000003,-244.98399999999742,105203.03299999995,-0.0023232679662434767
2021-11-05,224,-53.76000000000204,2.016,-55.776000000002036,105147.25699999995,-0.0005301748287048156
2021-11-08,0,0.0,0.0,0.0,105147.25699999995,0.0
2021-11-09,223,-153.8699999999995,4.014,-157.8839999999995,104989.37299999995,-0.0015015512958174418
2021-11-10,225,110.25000000000205,2.0250000000000004,108.22500000000204,105097.59799999995,0.0010308186143754006
2021-11-11,0,0.0,0.0,0.0,105097.59799999995,0.0
2021-11-12,225,96.75000000000153,2.0250000000000004,94.72500000000153,105192.32299999996,0.0009013050897700019
2021-11-15,0,0.0,0.0,0.0,105192.32299999996,0.0
2021-11-16,225,-213.74999999999744,4.050000000000001,-217.79999999999745,104974.52299999996,-0.0020704933001621947
2021-11-17,223,-129.33999999999645,2.007,-131.34699999999646,104843.17599999996,-0.001251227404958025
2021-11-18,223,-153.8699999999995,2.007,-155.8769999999995,104687.29899999997,-0.0014867634303638373
2021-11-19,0,0.0,0.0,0.0,104687.29899999997,0.0
2021-11-22,222,-130.98000000000707,1.9980000000000002,-132.97800000000706,104554.32099999997,-0.0012702400508012638
2021-11-23,223,-1094.9299999999928,6.021000000000001,-1100.9509999999927,103453.36999999998,-0.010529942612319132
2021-11-24,0,0.0,0.0,0.0,103453.36999999998,0.0
2021-11-29,222,-435.11999999999546,1.9980000000000002,-437.11799999999545,103016.25199999998,-0.004225265933821156
2021-11-30,222,418.469999999998,1.9980000000000002,416.471999999998,103432.72399999997,0.004042779580060805
2021-12-01,224,-1433.6000000000076,4.032,-1437.6320000000076,101995.09199999996,-0.013899198864761677
2021-12-02,226,325.4399999999995,2.0340000000000003,323.4059999999995,102318.49799999996,0.003170799630241028
2021-12-03,222,446.219999999998,1.9980000000000002,444.221999999998,102762.71999999996,0.0043415609951584526
2021-12-06,225,155.2499999999995,2.0250000000000004,153.22499999999948,102915.94499999996,0.0014910562896739163
2021-12-07,221,227.63000000000653,1.9890000000000003,225.64100000000653,103141.58599999997,0.002192478531873818
2021-12-08,0,0.0,0.0,0.0,103141.58599999997,0.0
2021-12-09,0,0.0,0.0,0.0,103141.58599999997,0.0
2021-12-10,0,0.0,0.0,0.0,103141.58599999997,0.0
2021-12-13,219,216.80999999998954,1.9710000000000003,214.83899999998954,103356.42499999996,0.0020829522633090945
2021-12-14,0,0.0,0.0,0.0,103356.42499999996,0.0
2021-12-15,223,-1525.3199999999945,4.014,-1529.3339999999944,101827.09099999997,-0.01479669986650559
2021-12-16,215,-46.225000000006844,1.9350000000000003,-48.160000000006846,101778.93099999997,-0.0004729586156989092
2021-12-17,220,-114.4000000000085,1.9800000000000002,-116.38000000000851,101662.55099999996,-0.001143458659435208
2021-12-20,223,-646.6999999999949,2.007,-648.7069999999949,101013.84399999997,-0.00638098290490463
2021-12-21,220,266.1999999999955,1.9800000000000002,264.2199999999955,101278.06399999997,0.002615681074368337
2021-12-22,218,340.0800000000005,1.9620000000000002,338.1180000000005,101616.18199999997,0.003338511684030617
2021-12-23,216,69.1200000000108,5.832000000000001,63.288000000010804,101679.46999999999,0.000622814189181117
2021-12-27,215,550.4000000000005,1.9350000000000003,548.4650000000006,102227.93499999998,0.005394058407267472
2021-12-28,0,0.0,0.0,0.0,102227.93499999998,0.0
2021-12-29,0,0.0,0.0,0.0,102227.93499999998,0.0
2021-12-30,0,0.0,0.0,0.0,102227.93499999998,0.0
2021-12-31,0,0.0,0.0,0.0,102227.93499999998,0.0
2022-01-03,0,0.0,0.0,0.0,102227.93499999998,0.0
2022-01-04,213,-181.05000000000484,1.9170000000000003,-182.96700000000484,102044.96799999998,-0.0017897945409931725
2022-01-05,213,1047.9600000000034,1.9170000000000003,1046.0430000000035,103091.01099999998,0.010250804331674676
2022-01-06,0,0.0,0.0,0.0,103091.01099999998,0.0
2022-01-07,220,-528.0000000000075,1.9800000000000002,-529.9800000000075,102561.03099999997,-0.0051408943889395715
2022-01-10,221,-373.49000000001206,3.9780000000000006,-377.46800000001207,102183.56299999997,-0.003680423220394617
2022-01-11,219,-687.6599999999846,7.884000000000001,-695.5439999999846,101488.01899999999,-0.006806809036400354
2022-01-12,0,0.0,0.0,0.0,101488.01899999999,0.0
2022-01-13,214,612.0399999999908,1.9260000000000002,610.1139999999907,102098.13299999997,0.006011684985199985
2022-01-14,0,0.0,0.0,0.0,102098.13299999997,0.0
2022-01-18,222,-301.92000000000303,5.994000000000001,-307.91400000000306,101790.21899999997,-0.003015863179398228
2022-01-19,222,-537.2400000000034,3.9960000000000004,-541.2360000000034,101248.98299999996,-0.005317170994592354
2022-01-20,223,-2272.3699999999994,2.007,-2274.3769999999995,98974.60599999997,-0.022463208346497666
2022-01-21,222,1249.859999999999,1.9980000000000002,1247.861999999999,100222.46799999996,0.01260790065686141
2022-01-24,231,-2543.3099999999977,2.079,-2545.388999999998,97677.07899999997,-0.02539738893678011
2022-01-25,225,-1233.000000000004,2.0250000000000004,-1235.0250000000042,96442.05399999996,-0.012643959183095603
2022-01-26,0,0.0,0.0,0.0,96442.05399999996,0.0
2022-01-27,220,-2458.49999999999,3.9600000000000004,-2462.45999999999,93979.59399999997,-0.02553305220977553
2022-01-28,217,86.79999999999518,3.9060000000000006,82.89399999999517,94062.48799999997,0.0008820425421288286
2022-01-31,213,1144.875,1.9170000000000003,1142.958,95205.44599999997,0.012151050055150577
2022-02-01,0,0.0,0.0,0.0,95205.44599999997,0.0
2022-02-02,0,0.0,0.0,0.0,95205.44599999997,0.0
2022-02-03,0,0.0,0.0,0.0,95205.44599999997,0.0
2022-02-04,213,-225.78000000000048,1.9170000000000003,-227.6970000000005,94977.74899999997,-0.0023916383942994245
2022-02-07,0,0.0,0.0,0.0,94977.74899999997,0.0
2022-02-08,212,361.4600000000087,1.9080000000000001,359.55200000000866,95337.30099999998,0.0037856445723935695
2022-02-09,0,0.0,0.0,0.0,95337.30099999998,0.0
2022-02-10,0,0.0,0.0,0.0,95337.30099999998,0.0
2022-02-11,212,1358.9199999999933,1.9080000000000001,1357.0119999999933,96694.31299999997,0.014233799213594201
2022-02-14,219,-238.70999999999452,1.9710000000000003,-240.68099999999453,96453.63199999997,-0.0024890915766679535
2022-02-15,217,119.35000000000247,1.9530000000000003,117.39700000000246,96571.02899999997,0.00121713405255701
2022-02-16,0,0.0,0.0,0.0,96571.02899999997,0.0
2022-02-17,217,820.2599999999941,1.9530000000000003,818.3069999999941,97389.33599999997,0.008473628255529869
2022-02-18,222,-566.0999999999899,3.9960000000000004,-570.0959999999899,96819.23999999998,-0.0058537825948416985
2022-02-22,224,188.16000000000713,2.016,186.14400000000714,97005.38399999998,0.0019225930713772095
2022-02-23,224,1301.4400000000005,2.016,1299.4240000000004,98304.80799999998,0.013395380198690835
2022-02-24,0,0.0,0.0,0.0,98304.80799999998,0.0
2022-02-25,228,1301.8799999999953,2.052,1299.8279999999954,99604.63599999997,0.013222425499269535
2022-02-28,0,0.0,0.0,0.0,99604.63599999997,0.0
2022-03-01,228,601.9199999999969,2.052,599.8679999999969,100204.50399999997,0.006022490760369799
2022-03-02,231,214.83000000000158,2.079,212.75100000000157,100417.25499999998,0.0021231680364387777
2022-03-03,228,-148.19999999999482,2.052,-150.2519999999948,100267.00299999998,-0.0014962767106110881
2022-03-04,232,-842.159999999999,2.088,-844.2479999999989,99422.75499999999,-0.008419998351800732
2022-03-07,230,1902.0999999999958,2.0700000000000003,1900.0299999999959,101322.78499999999,0.019110615069960556
2022-03-08,241,-3639.0999999999917,4.338,-3643.437999999992,97679.347,-0.035958723400664444
2022-03-09,0,0.0,0.0,0.0,97679.347,0.0
2022-03-10,0,0.0,0.0,0.0,97679.347,0.0
2022-03-11,0,0.0,0.0,0.0,97679.347,0.0
2022-03-14,232,-1753.9200000000005,2.088,-1756.0080000000005,95923.33899999999,-0.017977270056893403
2022-03-15,228,483.36000000000104,2.052,481.308000000001,96404.647,0.00501763184035953
2022-03-16,224,817.6000000000076,2.016,815.5840000000077,97220.231,0.00846000711978135
2022-03-17,224,356.16000000000713,2.016,354.1440000000071,97574.375,0.003642698606630621
2022-03-18,0,0.0,0.0,0.0,97574.375,0.0
2022-03-21,0,0.0,0.0,0.0,97574.375,0.0
2022-03-22,218,222.36000000000843,1.9620000000000002,220.39800000000844,97794.77300000002,0.0022587692721578634
2022-03-23,0,0.0,0.0,0.0,97794.77300000002,0.0
2022-03-24,219,435.810000000002,1.9710000000000003,433.839000000002,98228.61200000002,0.004436218692383507
2022-03-25,0,0.0,0.0,0.0,98228.61200000002,0.0
2022-03-28,0,0.0,0.0,0.0,98228.61200000002,0.0
2022-03-29,0,0.0,0.0,0.0,98228.61200000002,0.0
2022-03-30,0,0.0,0.0,0.0,98228.61200000002,0.0
2022-03-31,0,0.0,0.0,0.0,98228.61200000002,0.0
2022-04-01,0,0.0,0.0,0.0,98228.61200000002,0.0
2022-04-04,216,-45.36000000000786,5.832000000000001,-51.19200000000786,98177.42000000001,-0.0005211516172091269
2022-04-05,215,193.4999999999951,3.8700000000000006,189.6299999999951,98367.05,0.0019315031908558513
2022-04-06,220,-235.3999999999985,1.9800000000000002,-237.3799999999985,98129.67,-0.002413206454803702
2022-04-07,220,-118.8000000000045,1.9800000000000002,-120.7800000000045,98008.89,-0.0012308204032481155
2022-04-08,218,-1243.6899999999964,3.9240000000000004,-1247.6139999999964,96761.276,-0.012729600345438016
2022-04-11,217,585.8999999999976,1.9530000000000003,583.9469999999976,97345.223,0.006034924549775445
2022-04-12,219,-1419.120000000004,3.9420000000000006,-1423.062000000004,95922.161,-0.014618714263975789
2022-04-13,219,770.879999999996,1.9710000000000003,768.908999999996,96691.06999999999,0.008015968280781289
2022-04-14,217,921.165000000001,1.9530000000000003,919.212000000001,97610.28199999999,0.00950668970774655
2022-04-18,0,0.0,0.0,0.0,97610.28199999999,0.0
2022-04-19,222,750.3600000000116,1.9980000000000002,748.3620000000116,98358.644,0.007666835754044965
2022-04-20,0,0.0,0.0,0.0,98358.644,0.0
2022-04-21,219,802.634999999992,1.9710000000000003,800.663999999992,99159.30799999999,0.00814025048982977
2022-04-22,226,1859.9799999999914,2.0340000000000003,1857.9459999999913,101017.25399999999,0.018736980294376312
2022-04-25,238,-1951.5999999999972,2.1420000000000003,-1953.7419999999972,99063.51199999999,-0.019340676197751303
2022-04-26,232,1793.3600000000042,2.088,1791.2720000000043,100854.78399999999,0.018082056287283703
2022-04-27,241,-868.8050000000044,2.169,-870.9740000000044,99983.80999999998,-0.008635921524555588
2022-04-28,236,495.60000000000537,2.124,493.47600000000534,100477.286,0.004935559067013004
2022-04-29,237,2182.769999999995,2.1330000000000005,2180.636999999995,102657.92299999998,0.021702785642518204
2022-05-02,249,-3471.0599999999995,4.482,-3475.5419999999995,99182.38099999998,-0.0338555651471733
2022-05-03,238,-418.87999999999784,2.1420000000000003,-421.02199999999783,98761.35899999998,-0.004244927332405923
2022-05-04,236,1236.6400000000021,2.124,1234.5160000000021,99995.87499999999,0.01249999000115017
2022-05-05,235,1743.7000000000037,2.115,1741.5850000000037,101737.45999999999,0.01741656843344792
2022-05-06,247,-1286.870000000009,2.2230000000000003,-1289.093000000009,100448.36699999998,-0.012670780261272583
2022-05-09,247,992.9399999999955,2.2230000000000003,990.7169999999956,101439.08399999997,0.009862947796851648
2022-05-10,0,0.0,0.0,0.0,101439.08399999997,0.0
2022-05-11,254,-1610.3600000000224,4.572000000000001,-1614.9320000000223,99824.15199999996,-0.015920214736955065
2022-05-12,0,0.0,0.0,0.0,99824.15199999996,0.0
2022-05-13,251,153.11000000000342,2.2590000000000003,150.8510000000034,99975.00299999997,0.0015111673575749832
2022-05-16,0,0.0,0.0,0.0,99975.00299999997,0.0
2022-05-17,0,0.0,0.0,0.0,99975.00299999997,0.0
2022-05-18,247,2272.3999999999974,2.2230000000000003,2270.1769999999974,102245.17999999996,0.022707446180321677
2022-05-19,0,0.0,0.0,0.0,102245.17999999996,0.0
2022-05-20,259,-1331.2599999999966,2.3310000000000004,-1333.5909999999965,100911.58899999996,-0.013043069609736096
2022-05-23,0,0.0,0.0,0.0,100911.58899999996,0.0
2022-05-24,257,-832.6800000000023,2.313,-834.9930000000023,100076.59599999996,-0.008274500563062214
2022-05-25,0,0.0,0.0,0.0,100076.59599999996,0.0
2022-05-26,251,672.6800000000017,2.2590000000000003,670.4210000000016,100747.01699999996,0.006699078773622575
2022-05-27,246,1056.5700000000038,2.2140000000000004,1054.3560000000039,101801.37299999996,0.010465381818699448
2022-05-31,246,-450.1799999999961,2.2140000000000004,-452.3939999999961,101348.97899999996,-0.004443888983697658
2022-06-01,244,-211.06000000000222,2.196,-213.25600000000222,101135.72299999995,-0.002104175119514547
2022-06-02,247,839.7999999999944,2.2230000000000003,837.5769999999944,101973.29999999994,0.008281712684250993
2022-06-03,0,0.0,0.0,0.0,101973.29999999994,0.0
2022-06-06,0,0.0,0.0,0.0,101973.29999999994,0.0
2022-06-07,0,0.0,0.0,0.0,101973.29999999994,0.0
2022-06-08,0,0.0,0.0,0.0,101973.29999999994,0.0
2022-06-09,249,739.5300000000068,2.241,737.2890000000068,102710.58899999995,0.007230216144814449
2022-06-10,260,171.6000000000065,2.3400000000000003,169.2600000000065,102879.84899999996,0.0016479313539912285
2022-06-13,270,569.7000000000037,2.43,567.2700000000037,103447.11899999996,0.005513907781882572
2022-06-14,0,0.0,0.0,0.0,103447.11899999996,0.0
2022-06-15,274,-846.6600000000087,2.466,-849.1260000000087,102597.99299999996,-0.008208309793528509
2022-06-16,276,463.6800000000019,2.4840000000000004,461.1960000000019,103059.18899999995,0.004495175651243023
2022-06-17,281,-761.5099999999943,2.5290000000000004,-764.0389999999943,102295.14999999997,-0.007413594143458616
2022-06-21,275,74.249999999995,2.475,71.774999999995,102366.92499999996,0.000701646167975657
2022-06-22,0,0.0,0.0,0.0,102366.92499999996,0.0
2022-06-23,0,0.0,0.0,0.0,102366.92499999996,0.0
2022-06-24,268,1680.3599999999951,2.4120000000000004,1677.947999999995,104044.87299999995,0.016391505361717133
2022-06-27,266,-167.5799999999988,2.394,-169.9739999999988,103874.89899999995,-0.0016336605072313258
2022-06-28,266,-351.1200000000133,4.788,-355.9080000000133,103518.99099999994,-0.0034263138007962204
2022-06-29,0,0.0,0.0,0.0,103518.99099999994,0.0
2022-06-30,275,-1089.00000000001,2.475,-1091.47500000001,102427.51599999993,-0.010543717529086142
2022-07-01,0,0.0,0.0,0.0,102427.51599999993,0.0
2022-07-05,272,-2246.7199999999975,2.4480000000000004,-2249.1679999999974,100178.34799999994,-0.021958630725751455
2022-07-06,0,0.0,0.0,0.0,100178.34799999994,0.0
2022-07-07,260,396.4999999999941,2.3400000000000003,394.1599999999941,100572.50799999993,0.003934582750356338
2022-07-08,0,0.0,0.0,0.0,100572.50799999993,0.0
2022-07-11,0,0.0,0.0,0.0,100572.50799999993,0.0
2022-07-12,0,0.0,0.0,0.0,100572.50799999993,0.0
2022-07-13,0,0.0,0.0,0.0,100572.50799999993,0.0
2022-07-14,269,-1619.379999999995,2.4210000000000003,-1621.8009999999952,98950.70699999994,-0.016125689139620505
2022-07-15,0,0.0,0.0,0.0,98950.70699999994,0.0
2022-07-18,0,0.0,0.0,0.0,98950.70699999994,0.0
2022-07-19,256,1041.9199999999983,2.3040000000000003,1039.6159999999982,99990.32299999993,0.01050640295071362
2022-07-20,254,-273.0499999999971,2.2860000000000005,-275.3359999999971,99714.98699999994,-0.0027536264684333233
2022-07-21,252,-929.8799999999994,4.5360000000000005,-934.4159999999994,98780.57099999994,-0.009370868192561665
2022-07-22,247,385.32000000000056,2.2230000000000003,383.09700000000055,99163.66799999993,0.0038782626595669383
2022-07-25,0,0.0,0.0,0.0,99163.66799999993,0.0
2022-07-26,251,133.02999999999315,2.2590000000000003,130.77099999999314,99294.43899999993,0.0013187390365591682
2022-07-27,251,1224.8799999999987,2.2590000000000003,1222.6209999999987,100517.05999999992,0.012313086335076627
2022-07-28,250,-612.4999999999972,4.500000000000001,-616.9999999999972,99900.05999999992,-0.006138261505061903
2022-07-29,245,744.800000000005,2.205,742.5950000000049,100642.65499999993,0.007433378918891595
2022-08-01,0,0.0,0.0,0.0,100642.65499999993,0.0
2022-08-02,0,0.0,0.0,0.0,100642.65499999993,0.0
2022-08-03,245,757.0499999999938,2.205,754.8449999999938,101397.49999999991,0.007500249273034325
2022-08-04,0,0.0,0.0,0.0,101397.49999999991,0.0
2022-08-05,0,0.0,0.0,0.0,101397.49999999991,0.0
2022-08-08,244,-1037.0,2.196,-1039.196,100358.30399999992,-0.010248733943144564
2022-08-09,0,0.0,0.0,0.0,100358.30399999992,0.0
2022-08-10,0,0.0,0.0,0.0,100358.30399999992,0.0
2022-08-11,0,0.0,0.0,0.0,100358.30399999992,0.0
2022-08-12,237,842.5349999999881,2.1330000000000005,840.4019999999881,101198.7059999999,0.008374015567261766
2022-08-15,0,0.0,0.0,0.0,101198.7059999999,0.0
2022-08-16,0,0.0,0.0,0.0,101198.7059999999,0.0
2022-08-17,0,0.0,0.0,0.0,101198.7059999999,0.0
2022-08-18,0,0.0,0.0,0.0,101198.7059999999,0.0
2022-08-19,238,98.77000000000487,4.284000000000001,94.48600000000486,101293.19199999991,0.0009336680648861751
2022-08-22,242,355.73999999999285,2.1780000000000004,353.56199999999285,101646.7539999999,0.003490481374108471
2022-08-23,0,0.0,0.0,0.0,101646.7539999999,0.0
2022-08-24,246,-201.71999999999832,2.2140000000000004,-203.93399999999832,101442.8199999999,-0.002006301155470233
2022-08-25,244,751.5199999999961,2.196,749.3239999999961,102192.1439999999,0.007386663738251724
2022-08-26,243,2267.189999999996,2.1870000000000003,2265.002999999996,104457.1469999999,0.022164159702921963
2022-08-29,0,0.0,0.0,0.0,104457.1469999999,0.0
2022-08-30,258,469.55999999999824,2.322,467.23799999999824,104924.3849999999,0.004473011310561628
2022-08-31,0,0.0,0.0,0.0,104924.3849999999,0.0
2022-09-01,267,-1604.6699999999976,2.4030000000000005,-1607.0729999999976,103317.31199999989,-0.015316487201711968
2022-09-02,258,307.0199999999994,2.322,304.6979999999994,103622.0099999999,0.0029491475736418667
2022-09-06,263,-115.7199999999994,2.3670000000000004,-118.0869999999994,103503.9229999999,-0.0011395937986533897
2022-09-07,265,1348.8499999999933,2.3850000000000002,1346.4649999999933,104850.38799999989,0.01300883059282685
2022-09-08,265,124.55000000000723,2.3850000000000002,122.16500000000723,104972.5529999999,0.0011651363655421794
2022-09-09,260,574.5999999999947,2.3400000000000003,572.2599999999946,105544.8129999999,0.005451520265492592
2022-09-12,258,-7.740000000007626,2.322,-10.062000000007625,105534.75099999989,-9.533391280922196e-05
2022-09-13,262,1414.8000000000088,2.358,1412.4420000000089,106947.1929999999,0.013383667338164377
2022-09-14,0,0.0,0.0,0.0,106947.1929999999,0.0
2022-09-15,0,0.0,0.0,0.0,106947.1929999999,0.0
2022-09-16,278,-847.9000000000032,2.5020000000000002,-850.4020000000031,106096.7909999999,-0.007951606546606642
2022-09-19,0,0.0,0.0,0.0,106096.7909999999,0.0
2022-09-20,275,-772.7500000000007,2.475,-775.2250000000007,105321.56599999989,-0.007306771417808494
2022-09-21,0,0.0,0.0,0.0,105321.56599999989,0.0
2022-09-22,279,164.60999999999302,2.511,162.09899999999303,105483.66499999988,0.0015390864963021266
2022-09-23,284,-133.4799999999916,2.5560000000000005,-136.03599999999162,105347.62899999988,-0.0012896404386403505
2022-09-26,287,-1968.8200000000038,5.166,-1973.9860000000037,103373.64299999988,-0.018737830350220846
2022-09-27,280,-328.99999999998727,2.5200000000000005,-331.51999999998725,103042.12299999989,-0.0032070070317632864
2022-09-28,282,1144.9200000000005,2.5380000000000003,1142.3820000000005,104184.50499999989,0.011086553408842341
2022-09-29,284,130.64000000001033,2.5560000000000005,128.08400000001032,104312.5889999999,0.0012293958684164259
2022-09-30,288,-2341.4399999999987,2.5920000000000005,-2344.031999999999,101968.55699999991,-0.02247122828098918
2022-10-03,282,603.4800000000122,2.5380000000000003,600.9420000000122,102569.49899999992,0.005893404964042128
2022-10-04,275,518.3749999999975,2.475,515.8999999999975,103085.39899999992,0.005029760357901308
2022-10-05,0,0.0,0.0,0.0,103085.39899999992,0.0
2022-10-06,0,0.0,0.0,0.0,103085.39899999992,0.0
2022-10-07,279,761.6700000000051,2.511,759.1590000000051,103844.55799999992,0.007364369807600063
2022-10-10,285,11.400000000005832,2.5650000000000004,8.83500000000583,103853.39299999992,8.507908522279847e-05
2022-10-11,289,-390.15000000000657,2.6010000000000004,-392.75100000000657,103460.64199999992,-0.0037817830371705513
2022-10-12,0,0.0,0.0,0.0,103460.64199999992,0.0
2022-10-13,296,1648.719999999998,2.664,1646.055999999998,105106.69799999992,0.0159099727991249
2022-10-14,285,1218.3749999999936,2.5650000000000004,1215.8099999999936,106322.50799999991,0.011567388407539875
2022-10-17,292,214.62000000000398,2.628,211.992000000004,106534.49999999991,0.0019938581584249705
2022-10-18,0,0.0,0.0,0.0,106534.49999999991,0.0
2022-10-19,0,0.0,0.0,0.0,106534.49999999991,0.0
2022-10-20,289,-1968.0900000000006,2.6010000000000004,-1970.6910000000007,104563.8089999999,-0.01849814848710983
2022-10-21,286,1450.0199999999982,2.5740000000000003,1447.445999999998,106011.2549999999,0.013842705366634065
2022-10-24,0,0.0,0.0,0.0,106011.2549999999,0.0
2022-10-25,279,636.1199999999924,2.511,633.6089999999924,106644.8639999999,0.00597680878318055
2022-10-26,0,0.0,0.0,0.0,106644.8639999999,0.0
2022-10-27,0,0.0,0.0,0.0,106644.8639999999,0.0
2022-10-28,280,1786.3999999999987,2.5200000000000005,1783.8799999999987,108428.7439999999,0.016727294058905644
2022-10-31,0,0.0,0.0,0.0,108428.7439999999,0.0
2022-11-01,0,0.0,0.0,0.0,108428.7439999999,0.0
2022-11-02,282,562.5900000000013,2.5380000000000003,560.0520000000013,108988.7959999999,0.005165161739768947
2022-11-03,293,-537.6550000000107,2.6370000000000005,-540.2920000000106,108448.50399999988,-0.004957316897050694
2022-11-04,0,0.0,0.0,0.0,108448.50399999988,0.0
2022-11-07,0,0.0,0.0,0.0,108448.50399999988,0.0
2022-11-08,284,-593.5599999999929,2.5560000000000005,-596.1159999999929,107852.38799999989,-0.005496765543211123
2022-11-09,283,540.529999999991,2.547,537.982999999991,108390.37099999988,0.004988141755377651
2022-11-10,279,1131.3450000000018,2.511,1128.8340000000019,109519.20499999989,0.010414522891521453
2022-11-11,276,-207.0,2.4840000000000004,-209.484,109309.72099999989,-0.001912760414942751
2022-11-14,0,0.0,0.0,0.0,109309.72099999989,0.0
2022-11-15,0,0.0,0.0,0.0,109309.72099999989,0.0
2022-11-16,0,0.0,0.0,0.0,109309.72099999989,0.0
2022-11-17,0,0.0,0.0,0.0,109309.72099999989,0.0
2022-11-18,0,0.0,0.0,0.0,109309.72099999989,0.0
2022-11-21,0,0.0,0.0,0.0,109309.72099999989,0.0
2022-11-22,275,116.87500000000313,2.475,114.40000000000313,109424.1209999999,0.001046567486893533
2022-11-23,273,226.58999999999565,2.4570000000000003,224.13299999999566,109648.2539999999,0.0020482960973476393
2022-11-28,274,24.660000000008722,2.466,22.19400000000872,109670.4479999999,0.0002024108838067658
2022-11-29,276,-495.4200000000044,2.4840000000000004,-497.9040000000044,109172.54399999989,-0.004540001514355124
2022-11-30,276,505.0799999999956,4.968000000000001,500.1119999999956,109672.65599999989,0.004580931996967993
2022-12-01,268,-565.4800000000037,2.4120000000000004,-567.8920000000037,109104.76399999988,-0.005178063709882291
2022-12-02,0,0.0,0.0,0.0,109104.76399999988,0.0
2022-12-05,270,780.2999999999963,2.43,777.8699999999964,109882.63399999987,0.007129569520905587
2022-12-06,275,858.0000000000013,2.475,855.5250000000012,110738.15899999987,0.007785807173133492
2022-12-07,0,0.0,0.0,0.0,110738.15899999987,0.0
2022-12-08,280,-12.600000000004457,2.5200000000000005,-15.120000000004456,110723.03899999986,-0.0001365383002258912
2022-12-09,0,0.0,0.0,0.0,110723.03899999986,0.0
2022-12-12,280,201.59999999999172,2.5200000000000005,199.0799999999917,110922.11899999985,0.0017979997821410227
2022-12-13,0,0.0,0.0,0.0,110922.11899999985,0.0
2022-12-14,276,-1232.3400000000088,2.4840000000000004,-1234.8240000000087,109687.29499999984,-0.011132351339231182
2022-12-15,278,511.51999999999305,2.5020000000000002,509.01799999999304,110196.31299999983,0.004640628616103567
2022-12-16,286,-197.33999999999935,2.5740000000000003,-199.91399999999936,109996.39899999983,-0.001814162330458367
2022-12-19,286,683.5399999999961,2.5740000000000003,680.9659999999961,110677.36499999983,0.006190802664367196
2022-12-20,0,0.0,0.0,0.0,110677.36499999983,0.0
2022-12-21,288,-144.0,2.5920000000000005,-146.592,110530.77299999983,-0.0013244984645234392
2022-12-22,288,208.79999999999018,2.5920000000000005,206.20799999999016,110736.98099999981,0.0018656161936005866
2022-12-23,291,-1190.1899999999928,2.619,-1192.8089999999927,109544.17199999982,-0.01077155065298371
2022-12-27,286,-224.5099999999909,2.5740000000000003,-227.0839999999909,109317.08799999983,-0.0020729902454326033
2022-12-28,286,697.8399999999993,2.5740000000000003,695.2659999999994,110012.35399999983,0.006360085259497586
2022-12-29,289,476.84999999999343,2.6010000000000004,474.24899999999343,110486.60299999983,0.004310870395519344
2022-12-30,0,0.0,0.0,0.0,110486.60299999983,0.0
2023-01-03,287,-522.3399999999981,2.583,-524.9229999999981,109961.67999999983,-0.00475101040078134
2023-01-04,0,0.0,0.0,0.0,109961.67999999983,0.0
2023-01-05,288,169.92000000000917,2.5920000000000005,167.32800000000915,110129.00799999984,0.0015216937391281163
2023-01-06,287,779.2049999999929,2.583,776.6219999999929,110905.62999999983,0.007051929497085763
2023-01-09,284,-1354.680000000011,2.5560000000000005,-1357.236000000011,109548.39399999983,-0.012237755648653844
2023-01-10,0,0.0,0.0,0.0,109548.39399999983,0.0
2023-01-11,0,0.0,0.0,0.0,109548.39399999983,0.0
2023-01-12,276,-916.3199999999981,2.4840000000000004,-918.8039999999982,108629.58999999982,-0.008387197351336795
2023-01-13,0,0.0,0.0,0.0,108629.58999999982,0.0
2023-01-17,0,0.0,0.0,0.0,108629.58999999982,0.0
2023-01-18,272,1005.0400000000136,2.4480000000000004,1002.5920000000136,109632.18199999984,0.009229455804813543
2023-01-19,0,0.0,0.0,0.0,109632.18199999984,0.0
2023-01-20,281,973.6649999999929,2.5290000000000004,971.1359999999929,110603.31799999984,0.00885812890233266
2023-01-23,278,453.13999999999874,2.5020000000000002,450.6379999999987,111053.95599999983,0.004074362398422798
2023-01-24,0,0.0,0.0,0.0,111053.95599999983,0.0
2023-01-25,280,-166.59999999999172,2.5200000000000005,-169.11999999999173,110884.83599999984,-0.001522863354818193
2023-01-26,0,0.0,0.0,0.0,110884.83599999984,0.0
2023-01-27,0,0.0,0.0,0.0,110884.83599999984,0.0
2023-01-30,0,0.0,0.0,0.0,110884.83599999984,0.0
2023-01-31,276,287.04000000000565,2.4840000000000004,284.55600000000567,111169.39199999985,0.0025662300659398197
2023-02-01,274,-165.77000000000498,2.466,-168.236000000005,111001.15599999984,-0.0015133302159285465
2023-02-02,267,-663.4950000000038,4.806000000000001,-668.3010000000038,110332.85499999984,-0.006020667028008291
2023-02-03,0,0.0,0.0,0.0,110332.85499999984,0.0
2023-02-06,0,0.0,0.0,0.0,110332.85499999984,0.0
2023-02-07,269,-879.6299999999951,4.8420000000000005,-884.4719999999951,109448.38299999984,-0.00801639729163173
2023-02-08,264,-194.0400000000036,2.3760000000000003,-196.4160000000036,109251.96699999984,-0.0017945993774983765
2023-02-09,263,-139.38999999999282,4.734000000000001,-144.12399999999283,109107.84299999985,-0.001319189063204629
2023-02-10,0,0.0,0.0,0.0,109107.84299999985,0.0
2023-02-13,266,633.0799999999988,2.394,630.6859999999988,109738.52899999985,0.005780391057680424
2023-02-14,266,-865.8300000000139,2.394,-868.2240000000139,108870.30499999983,-0.007911751760405091
2023-02-15,0,0.0,0.0,0.0,108870.30499999983,0.0
2023-02-16,0,0.0,0.0,0.0,108870.30499999983,0.0
2023-02-17,268,-679.3799999999915,2.4120000000000004,-681.7919999999915,108188.51299999985,-0.006262423899703344
2023-02-21,268,707.5199999999963,2.4120000000000004,705.1079999999963,108893.62099999984,0.006517401713433267
2023-02-22,0,0.0,0.0,0.0,108893.62099999984,0.0
2023-02-23,271,-1123.2950000000105,2.4390000000000005,-1125.7340000000106,107767.88699999983,-0.010337924202190065
2023-02-24,272,-554.8800000000056,2.4480000000000004,-557.3280000000055,107210.55899999982,-0.005171559130597099
2023-02-27,0,0.0,0.0,0.0,107210.55899999982,0.0
2023-02-28,0,0.0,0.0,0.0,107210.55899999982,0.0
2023-03-01,0,0.0,0.0,0.0,107210.55899999982,0.0
2023-03-02,273,234.7799999999882,2.4570000000000003,232.3229999999882,107442.88199999981,0.0021669787208178685
2023-03-03,268,883.0600000000043,4.824000000000001,878.2360000000043,108321.11799999981,0.008173980292151935
2023-03-06,267,-364.45499999998725,4.806000000000001,-369.26099999998723,107951.85699999983,-0.003408947459349412
2023-03-07,266,888.4399999999933,2.394,886.0459999999933,108837.90299999982,0.008207788403306436
2023-03-08,0,0.0,0.0,0.0,108837.90299999982,0.0
2023-03-09,272,1086.6400000000012,4.896000000000001,1081.7440000000013,109919.64699999982,0.009939037506079138
2023-03-10,281,989.1199999999949,2.5290000000000004,986.5909999999949,110906.23799999982,0.008975565578371958
2023-03-13,290,-667.0000000000033,2.6100000000000003,-669.6100000000033,110236.62799999982,-0.006037622518581907
2023-03-14,282,-166.37999999999295,2.5380000000000003,-168.91799999999296,110067.70999999983,-0.0015323219066533241
2023-03-15,0,0.0,0.0,0.0,110067.70999999983,0.0
2023-03-16,284,1215.5199999999923,2.5560000000000005,1212.9639999999922,111280.67399999982,0.011020162043890929
2023-03-17,283,305.6399999999955,2.547,303.09299999999547,111583.76699999982,0.002723680483818744
2023-03-20,285,341.99999999999676,2.5650000000000004,339.43499999999676,111923.20199999982,0.0030419747345507464
2023-03-21,0,0.0,0.0,0.0,111923.20199999982,0.0
2023-03-22,0,0.0,0.0,0.0,111923.20199999982,0.0
2023-03-23,283,-965.029999999991,2.547,-967.576999999991,110955.62499999983,-0.00864500820839626
2023-03-24,0,0.0,0.0,0.0,110955.62499999983,0.0
2023-03-27,0,0.0,0.0,0.0,110955.62499999983,0.0
2023-03-28,0,0.0,0.0,0.0,110955.62499999983,0.0
2023-03-29,0,0.0,0.0,0.0,110955.62499999983,0.0
2023-03-30,0,0.0,0.0,0.0,110955.62499999983,0.0
2023-03-31,274,526.0800000000044,7.398000000000001,518.6820000000043,111474.30699999983,0.004674679629807008
2023-04-03,272,-322.3200000000006,2.4480000000000004,-324.7680000000006,111149.53899999983,-0.0029133888224126938
2023-04-04,270,45.9000000000043,2.43,43.4700000000043,111193.00899999983,0.0003910947394932908
2023-04-05,0,0.0,0.0,0.0,111193.00899999983,0.0
2023-04-06,273,-32.76000000000124,2.4570000000000003,-35.21700000000124,111157.79199999983,-0.0003167195520358775
2023-04-10,0,0.0,0.0,0.0,111157.79199999983,0.0
2023-04-11,0,0.0,0.0,0.0,111157.79199999983,0.0
2023-04-12,269,-129.1200000000049,2.4210000000000003,-131.54100000000489,111026.25099999981,-0.0011833718323588606
2023-04-13,271,585.3600000000067,4.878000000000001,580.4820000000067,111606.73299999982,0.0052283310908157
2023-04-14,270,-834.2999999999932,7.290000000000001,-841.5899999999932,110765.14299999982,-0.007540674091768232
2023-04-17,0,0.0,0.0,0.0,110765.14299999982,0.0
2023-04-18,0,0.0,0.0,0.0,110765.14299999982,0.0
2023-04-19,0,0.0,0.0,0.0,110765.14299999982,0.0
2023-04-20,0,0.0,0.0,0.0,110765.14299999982,0.0
2023-04-21,268,-302.8399999999988,2.4120000000000004,-305.25199999999876,110459.89099999983,-0.00275584892261638
2023-04-24,268,-364.4799999999884,2.4120000000000004,-366.8919999999884,110092.99899999984,-0.003321495220378128
2023-04-25,268,663.3000000000061,4.824000000000001,658.4760000000061,110751.47499999985,0.005981088770231494
2023-04-26,272,-251.59999999998763,4.896000000000001,-256.49599999998765,110494.97899999986,-0.0023159601260388453
2023-04-27,271,829.2600000000007,4.878000000000001,824.3820000000006,111319.36099999986,0.007460809599321266
2023-04-28,270,147.1500000000043,4.86,142.29000000000428,111461.65099999987,0.001278214308111277
2023-05-01,0,0.0,0.0,0.0,111461.65099999987,0.0
2023-05-02,268,576.2000000000091,4.824000000000001,571.3760000000092,112033.02699999987,0.005126211525433172
2023-05-03,272,-233.9200000000037,2.4480000000000004,-236.36800000000372,111796.65899999987,-0.002109806423421943
2023-05-04,274,-163.0299999999919,4.932,-167.9619999999919,111628.69699999988,-0.001502388367437636
2023-05-05,273,681.1350000000012,2.4570000000000003,678.6780000000012,112307.37499999988,0.006079780721618582
2023-05-08,0,0.0,0.0,0.0,112307.37499999988,0.0
2023-05-09,0,0.0,0.0,0.0,112307.37499999988,0.0
2023-05-10,0,0.0,0.0,0.0,112307.37499999988,0.0
2023-05-11,272,-153.67999999999938,2.4480000000000004,-156.1279999999994,112151.24699999989,-0.0013901847496658128
2023-05-12,271,-420.0499999999877,4.878000000000001,-424.92799999998766,111726.3189999999,-0.0037888834174085294
2023-05-15,0,0.0,0.0,0.0,111726.3189999999,0.0
2023-05-16,0,0.0,0.0,0.0,111726.3189999999,0.0
2023-05-17,270,175.49999999999386,2.43,173.06999999999385,111899.3889999999,0.0015490530928526699
2023-05-18,269,367.18500000000245,4.8420000000000005,362.34300000000246,112261.7319999999,0.0032381141956012182
2023-05-19,0,0.0,0.0,0.0,112261.7319999999,0.0
2023-05-22,0,0.0,0.0,0.0,112261.7319999999,0.0
2023-05-23,269,60.525000000006116,2.4210000000000003,58.10400000000612,112319.83599999991,0.0005175761941745756
2023-05-24,272,-705.839999999992,7.344000000000001,-713.183999999992,111606.65199999991,-0.006349581920685787
2023-05-25,0,0.0,0.0,0.0,111606.65199999991,0.0
2023-05-26,268,801.3199999999872,2.4120000000000004,798.9079999999872,112405.5599999999,0.007158247162543571
2023-05-30,0,0.0,0.0,0.0,112405.5599999999,0.0
2023-05-31,268,-56.28000000000975,2.4120000000000004,-58.69200000000975,112346.86799999989,-0.0005221449899810098
2023-06-01,268,645.8800000000067,2.4120000000000004,643.4680000000067,112990.3359999999,0.005727511691736768
2023-06-02,266,235.40999999999758,2.394,233.01599999999758,113223.3519999999,0.002062264864846475
2023-06-05,0,0.0,0.0,0.0,113223.3519999999,0.0
2023-06-06,0,0.0,0.0,0.0,113223.3519999999,0.0
2023-06-07,264,-253.4400000000096,2.3760000000000003,-255.8160000000096,112967.53599999989,-0.002259392567709971
2023-06-08,264,-113.5199999999868,7.128000000000001,-120.6479999999868,112846.8879999999,-0.0010679882404444664
2023-06-09,262,34.05999999999881,2.358,31.701999999998808,112878.58999999991,0.00028092932434254487
2023-06-12,261,138.32999999999288,2.349,135.9809999999929,113014.57099999991,0.0012046660044211484
2023-06-13,0,0.0,0.0,0.0,113014.57099999991,0.0
2023-06-14,258,-633.3899999999959,4.644,-638.0339999999959,112376.53699999991,-0.005645590602648896
2023-06-15,257,989.4499999999912,2.313,987.1369999999912,113363.6739999999,0.008784191312106298
2023-06-16,255,-183.59999999999246,6.885000000000001,-190.48499999999245,113173.18899999991,-0.0016803001638778276
2023-06-20,258,-216.71999999999355,2.322,-219.04199999999355,112954.14699999992,-0.00193545840614241
2023-06-21,258,-2.5799999999976535,2.322,-4.901999999997654,112949.24499999992,-4.3398141017324994e-05
2023-06-22,0,0.0,0.0,0.0,112949.24499999992,0.0
2023-06-23,0,0.0,0.0,0.0,112949.24499999992,0.0
2023-06-26,261,-91.3499999999911,2.349,-93.6989999999911,112855.54599999993,-0.0008295672981257304
2023-06-27,261,601.6050000000018,2.349,599.2560000000018,113454.80199999994,0.0053099384234072304
2023-06-28,0,0.0,0.0,0.0,113454.80199999994,0.0
2023-06-29,260,-249.59999999999468,4.680000000000001,-254.2799999999947,113200.52199999994,-0.0022412449320566865
2023-06-30,256,112.64000000001397,4.6080000000000005,108.03200000001397,113308.55399999996,0.0009543418889889397
2023-07-05,0,0.0,0.0,0.0,113308.55399999996,0.0
2023-07-06,257,10.27999999999065,2.313,7.96699999999065,113316.52099999995,7.031243201630348e-05
2023-07-07,258,-286.3800000000035,2.322,-288.7020000000035,113027.81899999994,-0.0025477485317432543
2023-07-10,0,0.0,0.0,0.0,113027.81899999994,0.0
2023-07-11,0,0.0,0.0,0.0,113027.81899999994,0.0
2023-07-12,0,0.0,0.0,0.0,113027.81899999994,0.0
2023-07-13,252,85.68000000000802,2.2680000000000002,83.41200000000802,113111.23099999996,0.0007379776123965381
2023-07-14,0,0.0,0.0,0.0,113111.23099999996,0.0
2023-07-17,251,-45.18000000000171,6.777000000000001,-51.95700000000171,113059.27399999996,-0.0004593443068443109
2023-07-18,250,473.75000000000966,2.2500000000000004,471.50000000000966,113530.77399999998,0.004170378805015233
2023-07-19,249,-38.594999999993206,2.241,-40.835999999993206,113489.93799999998,-0.0003596910208679914
2023-07-20,249,-34.8599999999966,2.241,-37.1009999999966,113452.83699999998,-0.0003269100384916644
2023-07-21,0,0.0,0.0,0.0,113452.83699999998,0.0
2023-07-24,250,-50.00000000001137,4.500000000000001,-54.50000000001137,113398.33699999997,-0.00048037582347994857
2023-07-25,249,0.0,2.241,-2.241,113396.09599999998,-1.9762194572571208e-05
2023-07-26,0,0.0,0.0,0.0,113396.09599999998,0.0
2023-07-27,247,350.74000000000393,2.2230000000000003,348.5170000000039,113744.61299999998,0.0030734479606776234
2023-07-28,249,-186.75,2.241,-188.991,113555.62199999999,-0.00166153802817897
2023-07-31,0,0.0,0.0,0.0,113555.62199999999,0.0
2023-08-01,0,0.0,0.0,0.0,113555.62199999999,0.0
2023-08-02,250,447.4999999999909,2.2500000000000004,445.2499999999909,114000.87199999997,0.0039209859640414015
2023-08-03,0,0.0,0.0,0.0,114000.87199999997,0.0
2023-08-04,252,-233.09999999998854,2.2680000000000002,-235.36799999998854,113765.50399999999,-0.0020646157864475686
2023-08-07,253,-313.7200000000023,4.554,-318.2740000000023,113447.22999999998,-0.0027976318726632837
2023-08-08,253,17.709999999998274,2.277,15.432999999998273,113462.66299999999,0.00013603681641233793
2023-08-09,252,-31.5,2.2680000000000002,-33.768,113428.89499999999,-0.00029761332148532427
2023-08-10,253,-441.48500000000115,2.277,-443.76200000000114,112985.13299999999,-0.003912248285588969
2023-08-11,0,0.0,0.0,0.0,112985.13299999999,0.0
2023-08-14,254,-257.80999999999653,4.572000000000001,-262.38199999999654,112722.75099999999,-0.0023222701344255314
2023-08-15,252,403.20000000000573,4.5360000000000005,398.66400000000573,113121.415,0.0035366773474150375
2023-08-16,255,126.22500000000116,2.2950000000000004,123.93000000000116,113245.345,0.001095548530753449
2023-08-17,256,218.88000000000466,2.3040000000000003,216.57600000000465,113461.921,0.001912449469777364
2023-08-18,0,0.0,0.0,0.0,113461.921,0.0
2023-08-21,259,-571.0949999999959,2.3310000000000004,-573.425999999996,112888.49500000001,-0.005053907028420539
2023-08-22,0,0.0,0.0,0.0,112888.49500000001,0.0
2023-08-23,257,648.9250000000088,2.313,646.6120000000088,113535.10700000002,0.0057278821902976805
2023-08-24,255,1072.274999999996,2.2950000000000004,1069.979999999996,114605.08700000001,0.009424221531759298
2023-08-25,261,19.574999999997033,2.349,17.225999999997033,114622.31300000001,0.00015030746410058595
2023-08-28,0,0.0,0.0,0.0,114622.31300000001,0.0
2023-08-29,258,1315.8000000000059,2.322,1313.478000000006,115935.79100000001,0.011459182471740959
2023-08-30,257,-478.0200000000035,2.313,-480.3330000000035,115455.45800000001,-0.0041430950343885045
2023-08-31,0,0.0,0.0,0.0,115455.45800000001,0.0
2023-09-01,0,0.0,0.0,0.0,115455.45800000001,0.0
2023-09-05,256,-106.24000000000524,2.3040000000000003,-108.54400000000524,115346.914,-0.0009401374511026168
2023-09-06,257,89.95000000000584,2.313,87.63700000000584,115434.551,0.0007597689176149597
2023-09-07,0,0.0,0.0,0.0,115434.551,0.0
2023-09-08,259,-1.2949999999988222,2.3310000000000004,-3.6259999999988226,115430.925,-3.1411739107460315e-05
2023-09-11,0,0.0,0.0,0.0,115430.925,0.0
2023-09-12,0,0.0,0.0,0.0,115430.925,0.0
2023-09-13,258,-220.58999999999003,2.322,-222.91199999999003,115208.013,-0.001931128941399283
2023-09-14,0,0.0,0.0,0.0,115208.013,0.0
2023-09-15,257,839.1049999999965,2.313,836.7919999999965,116044.80500000001,0.007263314227978192
2023-09-18,0,0.0,0.0,0.0,116044.80500000001,0.0
2023-09-19,262,75.98000000000536,2.358,73.62200000000536,116118.42700000001,0.000634427366222946
2023-09-20,261,614.6550000000047,2.349,612.3060000000047,116730.73300000002,0.005273116557116336
2023-09-21,267,429.86999999998847,4.806000000000001,425.0639999999885,117155.797,0.003641406072554932
2023-09-22,270,-268.6500000000012,2.43,-271.08000000000123,116884.717,-0.0023138419689125687
2023-09-25,272,-240.71999999999753,2.4480000000000004,-243.16799999999753,116641.54900000001,-0.0020804088527672745
2023-09-26,271,186.98999999999938,7.317000000000001,179.67299999999938,116821.22200000001,0.0015403859220010818
2023-09-27,273,-473.6550000000037,2.4570000000000003,-476.1120000000037,116345.11,-0.004075560859995144
2023-09-28,273,185.64000000000186,4.914000000000001,180.72600000000187,116525.836,0.0015533613746207457
2023-09-29,269,-515.1349999999902,2.4210000000000003,-517.5559999999903,116008.28,-0.004441555776523159
2023-10-02,0,0.0,0.0,0.0,116008.28,0.0
2023-10-03,272,231.19999999999072,2.4480000000000004,228.75199999999072,116237.03199999999,0.0019718592500465545
2023-10-04,275,20.624999999996874,7.425000000000001,13.199999999996873,116250.23199999999,0.00011356105513771956
2023-10-05,273,24.569999999993172,2.4570000000000003,22.11299999999317,116272.34499999999,0.00019021897521884665
2023-10-06,275,136.12500000000125,2.475,133.65000000000126,116405.99499999998,0.0011494564765164173
2023-10-09,272,27.200000000006185,2.4480000000000004,24.752000000006184,116430.74699999999,0.0002126350966718354
2023-10-10,268,77.71999999999025,2.4120000000000004,75.30799999999024,116506.05499999998,0.0006468050917855079
2023-10-11,0,0.0,0.0,0.0,116506.05499999998,0.0
2023-10-12,266,-248.70999999998548,4.788,-253.4979999999855,116252.55699999999,-0.0021758354104427064
2023-10-13,267,-691.5299999999934,4.806000000000001,-696.3359999999934,115556.22099999999,-0.00598985534571935
2023-10-16,266,-2.660000000012701,2.394,-5.054000000012701,115551.16699999997,-4.373628659951334e-05
2023-10-17,0,0.0,0.0,0.0,115551.16699999997,0.0
2023-10-18,266,74.47999999999274,2.394,72.08599999999274,115623.25299999997,0.0006238448461536762
2023-10-19,268,135.33999999999878,2.4120000000000004,132.92799999999878,115756.18099999997,0.0011496649380726108
2023-10-20,271,1021.6699999999951,2.4390000000000005,1019.2309999999951,116775.41199999997,0.008804981221693858
2023-10-23,278,-1092.5400000000018,2.5020000000000002,-1095.0420000000017,115680.36999999997,-0.00937733364623027
2023-10-24,273,-79.17000000000559,2.4570000000000003,-81.62700000000558,115598.74299999996,-0.0007056253364335332
2023-10-25,273,335.78999999998945,4.914000000000001,330.87599999998946,115929.61899999995,0.0028622802585317867
2023-10-26,278,725.579999999988,2.5020000000000002,723.077999999988,116652.69699999994,0.006237215357362542
2023-10-27,281,-289.42999999999233,2.5290000000000004,-291.95899999999233,116360.73799999995,-0.00250280540020427
2023-10-30,281,210.75,2.5290000000000004,208.221,116568.95899999996,0.0017894437898803984
2023-10-31,280,-308.00000000000637,2.5200000000000005,-310.52000000000635,116258.43899999995,-0.0026638309431930886
2023-11-01,277,-282.53999999999496,4.986000000000001,-287.52599999999495,115970.91299999996,-0.002473162399849486
2023-11-02,271,861.7800000000018,2.4390000000000005,859.3410000000018,116830.25399999996,0.007409970118972868
2023-11-03,269,-338.93999999998226,7.263000000000001,-346.20299999998224,116484.05099999998,-0.0029632992152870126
2023-11-06,0,0.0,0.0,0.0,116484.05099999998,0.0
2023-11-07,267,-69.41999999999757,2.4030000000000005,-71.82299999999758,116412.22799999997,-0.0006165908498494578
2023-11-08,0,0.0,0.0,0.0,116412.22799999997,0.0
2023-11-09,265,230.5500000000012,2.3850000000000002,228.1650000000012,116640.39299999998,0.0019599745140175587
2023-11-10,267,521.9850000000109,2.4030000000000005,519.5820000000109,117159.97499999999,0.004454563180355634
2023-11-13,0,0.0,0.0,0.0,117159.97499999999,0.0
2023-11-14,262,-281.649999999997,7.074000000000001,-288.72399999999703,116871.25099999999,-0.0024643569614964246
2023-11-15,0,0.0,0.0,0.0,116871.25099999999,0.0
2023-11-16,0,0.0,0.0,0.0,116871.25099999999,0.0
2023-11-17,0,0.0,0.0,0.0,116871.25099999999,0.0
2023-11-20,259,541.3099999999936,2.3310000000000004,538.9789999999936,117410.22999999998,0.004611732957320647
2023-11-21,259,-132.08999999999764,2.3310000000000004,-134.42099999999763,117275.80899999998,-0.0011448832014041507
2023-11-22,0,0.0,0.0,0.0,117275.80899999998,0.0
2023-11-27,0,0.0,0.0,0.0,117275.80899999998,0.0
2023-11-28,258,-170.28000000000645,2.322,-172.60200000000646,117103.20699999997,-0.0014717613246224247
2023-11-29,256,-435.20000000001164,2.3040000000000003,-437.5040000000116,116665.70299999995,-0.0037360548118892402
2023-11-30,256,-144.63999999999942,2.3040000000000003,-146.94399999999942,116518.75899999995,-0.0012595304037211303
2023-12-01,255,390.15000000000754,2.2950000000000004,387.8550000000075,116906.61399999996,0.0033286914770522718
2023-12-04,256,-29.44000000000233,2.3040000000000003,-31.74400000000233,116874.86999999995,-0.00027153296904144653
2023-12-05,0,0.0,0.0,0.0,116874.86999999995,0.0
2023-12-06,254,63.5,2.2860000000000005,61.214,116936.08399999996,0.0005237567323069538
2023-12-07,255,-279.22500000000696,4.590000000000001,-283.81500000000693,116652.26899999996,-0.0024270951300199776
2023-12-08,254,-139.70000000001733,4.572000000000001,-144.27200000001733,116507.99699999994,-0.0012367697708478983
2023-12-11,253,12.650000000002876,2.277,10.373000000002875,116518.36999999995,8.903251508137146e-05
2023-12-12,252,157.5,2.2680000000000002,155.232,116673.60199999996,0.0013322534463878963
2023-12-13,251,771.8250000000114,2.2590000000000003,769.5660000000114,117443.16799999996,0.006595887902732374
2023-12-14,248,-212.0400000000045,2.232,-214.2720000000045,117228.89599999995,-0.0018244739447083424
2023-12-15,0,0.0,0.0,0.0,117228.89599999995,0.0
2023-12-18,248,-145.07999999999493,4.464,-149.54399999999492,117079.35199999996,-0.0012756581790209385
2023-12-19,247,160.54999999999438,2.2230000000000003,158.32699999999437,117237.67899999995,0.0013523050588800187
2023-12-20,247,598.9750000000029,2.2230000000000003,596.7520000000029,117834.43099999995,0.0050901041805851786
2023-12-21,0,0.0,0.0,0.0,117834.43099999995,0.0
2023-12-22,248,-262.88000000000056,2.232,-265.1120000000006,117569.31899999996,-0.002249868716215897
2023-12-26,247,-87.6850000000045,6.6690000000000005,-94.35400000000449,117474.96499999995,-0.0008025393087460557
2023-12-27,0,0.0,0.0,0.0,117474.96499999995,0.0
2023-12-28,0,0.0,0.0,0.0,117474.96499999995,0.0
2023-12-29,246,98.3999999999944,2.2140000000000004,96.18599999999441,117571.15099999995,0.0008187787074462584
2024-01-02,0,0.0,0.0,0.0,117571.15099999995,0.0
2024-01-03,249,-23.655000000006794,4.482,-28.137000000006793,117543.01399999995,-0.0002393189125111721
2024-01-04,251,-35.14000000001084,2.2590000000000003,-37.399000000010844,117505.61499999995,-0.0003181728860552347
2024-01-05,251,266.06000000000057,2.2590000000000003,263.80100000000056,117769.41599999995,0.002245007610912897
2024-01-08,251,1189.739999999988,2.2590000000000003,1187.480999999988,118956.89699999994,0.010083101711228563
2024-01-09,0,0.0,0.0,0.0,118956.89699999994,0.0
2024-01-10,250,36.25000000000966,6.750000000000001,29.500000000009663,118986.39699999995,0.0002479889837745993
2024-01-11,249,18.67499999999717,2.241,16.43399999999717,119002.83099999995,0.00013811662857559403
2024-01-12,0,0.0,0.0,0.0,119002.83099999995,0.0
2024-01-16,250,-367.5000000000068,4.500000000000001,-372.0000000000068,118630.83099999995,-0.003125976053460501
2024-01-17,0,0.0,0.0,0.0,118630.83099999995,0.0
2024-01-18,250,185.00000000000227,2.2500000000000004,182.75000000000227,118813.58099999995,0.0015404932972272812
2024-01-19,248,763.8400000000101,2.232,761.6080000000102,119575.18899999995,0.006410108958840408
2024-01-22,247,-155.60999999999888,2.2230000000000003,-157.8329999999989,119417.35599999996,-0.0013199477359805715
2024-01-23,0,0.0,0.0,0.0,119417.35599999996,0.0
2024-01-24,0,0.0,0.0,0.0,119417.35599999996,0.0
2024-01-25,0,0.0,0.0,0.0,119417.35599999996,0.0
2024-01-26,0,0.0,0.0,0.0,119417.35599999996,0.0
2024-01-29,244,68.31999999999334,2.196,66.12399999999334,119483.47999999995,0.0005537218559753858
2024-01-30,0,0.0,0.0,0.0,119483.47999999995,0.0
2024-01-31,244,1156.5600000000022,2.196,1154.3640000000023,120637.84399999995,0.009661285392758921
2024-02-01,248,157.47999999999774,4.464,153.01599999999775,120790.85999999996,0.0012683913681348434
2024-02-02,246,901.590000000005,2.2140000000000004,899.376000000005,121690.23599999996,0.007445728923529523
2024-02-05,246,-182.04000000000224,2.2140000000000004,-184.25400000000224,121505.98199999996,-0.0015141231215954113
2024-02-06,0,0.0,0.0,0.0,121505.98199999996,0.0
2024-02-07,244,-65.87999999999556,4.392,-70.27199999999556,121435.70999999996,-0.0005783418959569873
2024-02-08,0,0.0,0.0,0.0,121435.70999999996,0.0
2024-02-09,243,168.88499999998453,6.561000000000001,162.32399999998452,121598.03399999994,0.0013367072996895606
2024-02-12,242,-205.7000000000055,2.1780000000000004,-207.8780000000055,121390.15599999993,-0.0017095506659261087
2024-02-13,245,-782.7750000000123,4.41,-787.1850000000122,120602.97099999992,-0.0064847515312527705
2024-02-14,242,-467.0599999999879,2.1780000000000004,-469.2379999999879,120133.73299999993,-0.003890766505246278
2024-02-15,240,108.00000000001091,2.16,105.84000000001092,120239.57299999995,0.0008810181566572228
2024-02-16,239,-155.35000000000815,2.1510000000000002,-157.50100000000816,120082.07199999994,-0.0013098932079541586
2024-02-20,241,-369.935000000006,4.338,-374.27300000000605,119707.79899999994,-0.0031168099764301723
2024-02-21,0,0.0,0.0,0.0,119707.79899999994,0.0
2024-02-22,237,205.00500000000216,6.399000000000001,198.60600000000215,119906.40499999994,0.0016590898977267325
2024-02-23,0,0.0,0.0,0.0,119906.40499999994,0.0
2024-02-26,235,-85.77499999998878,2.115,-87.88999999998877,119818.51499999996,-0.0007329883670516918
2024-02-27,0,0.0,0.0,0.0,119818.51499999996,0.0
2024-02-28,0,0.0,0.0,0.0,119818.51499999996,0.0
2024-02-29,0,0.0,0.0,0.0,119818.51499999996,0.0
2024-03-01,235,594.5499999999936,2.115,592.4349999999936,120410.94999999995,0.004944436174993437
2024-03-04,0,0.0,0.0,0.0,120410.94999999995,0.0
2024-03-05,235,618.0499999999989,2.115,615.9349999999989,121026.88499999995,0.00511527398463345
2024-03-06,0,0.0,0.0,0.0,121026.88499999995,0.0
2024-03-07,235,79.90000000000748,2.115,77.78500000000749,121104.66999999995,0.0006427084362289216
2024-03-08,234,-1016.7300000000064,6.3180000000000005,-1023.0480000000064,120081.62199999994,-0.008447634595759245
2024-03-11,235,-262.02500000000214,2.115,-264.14000000000215,119817.48199999995,-0.0021996704874622883
2024-03-12,233,90.86999999997033,4.194000000000001,86.67599999997033,119904.15799999991,0.0007234002797686098
2024-03-13,231,-108.5700000000063,2.079,-110.6490000000063,119793.5089999999,-0.0009228120345918812
2024-03-14,231,-613.3049999999937,8.316,-621.6209999999937,119171.8879999999,-0.005189104194284803
2024-03-15,233,-200.37999999998993,2.0970000000000004,-202.47699999998994,118969.41099999992,-0.0016990332485123513
2024-03-18,231,-242.5499999999895,2.079,-244.6289999999895,118724.78199999993,-0.0020562344382791782
2024-03-19,231,-60.0599999999979,2.079,-62.1389999999979,118662.64299999994,-0.0005233869370254808
2024-03-20,230,652.0500000000084,2.0700000000000003,649.9800000000083,119312.62299999995,0.005477545279351385
2024-03-21,0,0.0,0.0,0.0,119312.62299999995,0.0
2024-03-22,0,0.0,0.0,0.0,119312.62299999995,0.0
2024-03-25,0,0.0,0.0,0.0,119312.62299999995,0.0
2024-03-26,0,0.0,0.0,0.0,119312.62299999995,0.0
2024-03-27,0,0.0,0.0,0.0,119312.62299999995,0.0
2024-03-28,0,0.0,0.0,0.0,119312.62299999995,0.0
2024-04-01,227,45.40000000001032,2.043,43.35700000001032,119355.97999999995,0.0003633898820580815
2024-04-02,230,-1.149999999998954,2.0700000000000003,-3.2199999999989544,119352.75999999995,-2.6978120409207444e-05
2024-04-03,230,-154.0999999999906,2.0700000000000003,-156.16999999999058,119196.58999999997,-0.001308474140019809
2024-04-04,227,1051.0099999999989,2.043,1048.966999999999,120245.55699999997,0.008800310478680634
2024-04-05,233,603.4699999999809,2.0970000000000004,601.372999999981,120846.92999999995,0.005001207653767874
2024-04-08,0,0.0,0.0,0.0,120846.92999999995,0.0
2024-04-09,232,-298.120000000019,4.176,-302.296000000019,120544.63399999993,-0.0025014785232857725
2024-04-10,0,0.0,0.0,0.0,120544.63399999993,0.0
2024-04-11,233,-15.145000000012715,4.194000000000001,-19.339000000012717,120525.29499999993,-0.00016043020214415125
2024-04-12,234,-49.13999999998191,4.212000000000001,-53.35199999998191,120471.94299999994,-0.00044266226438177935
2024-04-15,233,442.70000000000795,2.0970000000000004,440.60300000000797,120912.54599999994,0.003657307992451057
2024-04-16,0,0.0,0.0,0.0,120912.54599999994,0.0
2024-04-17,238,-22.610000000006494,2.1420000000000003,-24.752000000006493,120887.79399999994,-0.00020470993969481466
2024-04-18,0,0.0,0.0,0.0,120887.79399999994,0.0
2024-04-19,242,131.8899999999901,4.356000000000001,127.5339999999901,121015.32799999992,0.001054978304922912
2024-04-22,243,-247.8600000000094,2.1870000000000003,-250.0470000000094,120765.28099999992,-0.0020662423854274853
2024-04-23,240,508.8000000000011,2.16,506.64000000000107,121271.92099999991,0.004195245486159233
2024-04-24,0,0.0,0.0,0.0,121271.92099999991,0.0
2024-04-25,242,-350.89999999999725,2.1780000000000004,-353.07799999999725,120918.84299999992,-0.002911457137716137
2024-04-26,238,177.31000000000108,4.284000000000001,173.0260000000011,121091.86899999992,0.0014309266918804476
2024-04-30,238,-433.1600000000119,4.284000000000001,-437.4440000000119,120654.4249999999,-0.003612496888622738
2024-05-01,240,-1785.5999999999995,2.16,-1787.7599999999995,118866.6649999999,-0.01481719381614061
2024-05-02,0,0.0,0.0,0.0,118866.6649999999,0.0
2024-05-03,0,0.0,0.0,0.0,118866.6649999999,0.0
2024-05-06,0,0.0,0.0,0.0,118866.6649999999,0.0
2024-05-07,0,0.0,0.0,0.0,118866.6649999999,0.0
2024-05-09,229,-234.7249999999948,4.122000000000001,-238.8469999999948,118627.81799999991,-0.0020093690691161815
2024-05-10,0,0.0,0.0,0.0,118627.81799999991,0.0
2024-05-13,0,0.0,0.0,0.0,118627.81799999991,0.0
2024-05-14,227,-90.79999999999484,2.043,-92.84299999999484,118534.97499999992,-0.0007826410496734831
2024-05-15,225,582.7499999999816,2.0250000000000004,580.7249999999816,119115.6999999999,0.0048991869277399515
2024-05-16,224,-62.720000000019354,2.016,-64.73600000001936,119050.96399999988,-0.0005434715994618629
2024-05-20,224,-282.24000000002343,4.032,-286.2720000000234,118764.69199999985,-0.0024046172360269484
2024-05-21,0,0.0,0.0,0.0,118764.69199999985,0.0
2024-05-23,222,321.89999999998486,5.994000000000001,315.90599999998483,119080.59799999984,0.0026599319602494758
2024-05-28,0,0.0,0.0,0.0,119080.59799999984,0.0
2024-05-29,0,0.0,0.0,0.0,119080.59799999984,0.0
2024-05-30,0,0.0,0.0,0.0,119080.59799999984,0.0
2024-05-31,227,-91.93500000001961,2.043,-93.97800000001962,118986.61999999982,-0.000789196574239741
2024-06-04,225,-151.87499999998977,2.0250000000000004,-153.89999999998977,118832.71999999983,-0.0012934227394642355
2024-06-05,223,564.1899999999939,2.007,562.182999999994,119394.90299999982,0.004730877152353281
2024-06-06,0,0.0,0.0,0.0,119394.90299999982,0.0
2024-06-07,223,-102.57999999998276,2.007,-104.58699999998277,119290.31599999983,-0.0008759754174764306
2024-06-10,0,0.0,0.0,0.0,119290.31599999983,0.0
2024-06-12,220,8.800000000017008,3.9600000000000004,4.840000000017007,119295.15599999984,4.057328509396365e-05
2024-06-13,219,-224.47499999999502,1.9710000000000003,-226.44599999999502,119068.70999999985,-0.0018981994541337063
2024-06-14,0,0.0,0.0,0.0,119068.70999999985,0.0
2024-06-17,219,348.2099999999821,1.9710000000000003,346.23899999998207,119414.94899999983,0.0029078924261460672
2024-06-18,0,0.0,0.0,0.0,119414.94899999983,0.0
2024-06-20,217,-217.0,1.9530000000000003,-218.953,119195.99599999984,-0.0018335476574210178
2024-06-21,218,-75.21000000000595,1.9620000000000002,-77.17200000000595,119118.82399999983,-0.0006474378552112275
2024-06-24,218,-69.7600000000109,3.9240000000000004,-73.68400000001091,119045.13999999982,-0.0006185756165625931
2024-06-28,217,64.01499999999112,1.9530000000000003,62.061999999991116,119107.20199999982,0.0005213316562103351
2024-07-01,0,0.0,0.0,0.0,119107.20199999982,0.0
2024-07-10,213,483.5099999999961,1.9170000000000003,481.59299999999615,119588.79499999981,0.00404335751250371
2024-07-11,213,709.2900000000087,1.9170000000000003,707.3730000000087,120296.16799999982,0.005915044131015869
2024-07-12,215,224.6749999999912,1.9350000000000003,222.7399999999912,120518.9079999998,0.0018515968023186868
2024-07-15,214,21.400000000004866,1.9260000000000002,19.474000000004864,120538.38199999981,0.00016158460380345376
2024-07-16,0,0.0,0.0,0.0,120538.38199999981,0.0
2024-07-17,215,-134.375,1.9350000000000003,-136.31,120402.07199999981,-0.0011308431201606823
2024-07-18,215,212.85000000000196,1.9350000000000003,210.91500000000195,120612.98699999982,0.0017517555677945666
2024-07-19,218,-264.87000000000694,5.886000000000001,-270.75600000000696,120342.23099999981,-0.002244832888518111
2024-07-24,219,1206.689999999998,1.9710000000000003,1204.718999999998,121546.94999999981,0.010010775020449803
2024-07-25,224,-337.1199999999735,6.048000000000001,-343.1679999999735,121203.78199999983,-0.0028233369903561878
2024-07-30,0,0.0,0.0,0.0,121203.78199999983,0.0
2024-07-31,220,-778.800000000017,1.9800000000000002,-780.780000000017,120423.00199999982,-0.006441878191556911
2024-08-01,217,41.22999999998717,3.9060000000000006,37.32399999998717,120460.32599999981,0.00030994078689374665
2024-08-02,224,115.35999999997148,6.048000000000001,109.31199999997148,120569.63799999979,0.0009074523009340988
2024-08-05,0,0.0,0.0,0.0,120569.63799999979,0.0
2024-08-06,232,125.28000000001794,2.088,123.19200000001794,120692.82999999981,0.0010217497708670084
2024-08-07,228,-2862.5400000000145,2.052,-2864.5920000000147,117828.2379999998,-0.023734566502417908
2024-08-08,224,607.0400000000081,2.016,605.0240000000082,118433.2619999998,0.005134796295604533
2024-08-09,0,0.0,0.0,0.0,118433.2619999998,0.0
2024-08-12,221,-415.479999999999,1.9890000000000003,-417.46899999999897,118015.7929999998,-0.0035249303527584985
2024-08-13,0,0.0,0.0,0.0,118015.7929999998,0.0
2024-08-14,0,0.0,0.0,0.0,118015.7929999998,0.0
2024-08-15,0,0.0,0.0,0.0,118015.7929999998,0.0
2024-08-16,0,0.0,0.0,0.0,118015.7929999998,0.0
2024-08-19,0,0.0,0.0,0.0,118015.7929999998,0.0
2024-08-20,0,0.0,0.0,0.0,118015.7929999998,0.0
2024-08-21,0,0.0,0.0,0.0,118015.7929999998,0.0
2024-08-22,209,-709.5549999999962,5.643000000000001,-715.1979999999962,117300.59499999981,-0.006060188910479104
2024-08-23,209,-530.8599999999924,1.8810000000000002,-532.7409999999924,116767.85399999982,-0.004541673467214665
2024-08-26,207,-296.00999999998965,1.8630000000000002,-297.87299999998964,116469.98099999983,-0.002550984622873947
2024-08-28,207,-110.74499999999341,3.7260000000000004,-114.47099999999341,116355.50999999983,-0.0009828369423361852
2024-08-29,207,199.7550000000066,3.7260000000000004,196.0290000000066,116551.53899999984,0.0016847418742782947
2024-08-30,207,-108.6749999999953,1.8630000000000002,-110.5379999999953,116441.00099999984,-0.0009484044650838583
2024-09-03,207,1434.5100000000132,1.8630000000000002,1432.6470000000131,117873.64799999986,0.012303630058968791
2024-09-04,214,-706.1999999999903,1.9260000000000002,-708.1259999999903,117165.52199999987,-0.006007500505965432
2024-09-05,212,-1217.940000000001,3.8160000000000003,-1221.756000000001,115943.76599999987,-0.010427606851783603
2024-09-06,210,1549.799999999999,1.8900000000000001,1547.909999999999,117491.67599999988,0.013350523735791027
2024-09-09,0,0.0,0.0,0.0,117491.67599999988,0.0
2024-09-10,0,0.0,0.0,0.0,117491.67599999988,0.0
2024-09-11,214,954.4400000000078,3.8520000000000003,950.5880000000078,118442.26399999988,0.008090683802995616
2024-09-12,213,247.07999999999322,1.9170000000000003,245.16299999999322,118687.42699999988,0.00206989457749637
2024-09-13,212,-16.959999999984575,3.8160000000000003,-20.775999999984574,118666.6509999999,-0.00017504802762288035
2024-09-16,0,0.0,0.0,0.0,118666.6509999999,0.0
2024-09-17,0,0.0,0.0,0.0,118666.6509999999,0.0
2024-09-19,0,0.0,0.0,0.0,118666.6509999999,0.0
2024-09-20,0,0.0,0.0,0.0,118666.6509999999,0.0
2024-09-23,0,0.0,0.0,0.0,118666.6509999999,0.0
2024-09-24,0,0.0,0.0,0.0,118666.6509999999,0.0
2024-09-25,0,0.0,0.0,0.0,118666.6509999999,0.0
2024-09-26,0,0.0,0.0,0.0,118666.6509999999,0.0
2024-09-27,0,0.0,0.0,0.0,118666.6509999999,0.0
2024-09-30,0,0.0,0.0,0.0,118666.6509999999,0.0
2024-10-01,206,-166.85999999998876,3.7080000000000006,-170.56799999998876,118496.08299999991,-0.0014373709762820297
2024-10-03,0,0.0,0.0,0.0,118496.08299999991,0.0
2024-10-04,0,0.0,0.0,0.0,118496.08299999991,0.0
2024-10-07,207,312.5699999999981,1.8630000000000002,310.7069999999981,118806.7899999999,0.0026220866726877237
2024-10-08,208,276.6400000000085,1.8720000000000003,274.7680000000085,119081.55799999992,0.002312729769064619
2024-10-09,207,436.7700000000028,1.8630000000000002,434.9070000000028,119516.46499999992,0.0036521776109110287
2024-10-10,0,0.0,0.0,0.0,119516.46499999992,0.0
2024-10-11,207,490.59000000000094,1.8630000000000002,488.72700000000094,120005.19199999992,0.004089202270164209
2024-10-14,206,179.21999999997752,1.8540000000000003,177.3659999999775,120182.5579999999,0.0014779860524699432
2024-10-15,205,410.0,1.8450000000000002,408.155,120590.7129999999,0.0033961250849728155
2024-10-17,0,0.0,0.0,0.0,120590.7129999999,0.0
2024-10-18,0,0.0,0.0,0.0,120590.7129999999,0.0
2024-10-21,206,-332.6900000000019,1.8540000000000003,-334.54400000000186,120256.16899999989,-0.0027742103158474745
2024-10-22,0,0.0,0.0,0.0,120256.16899999989,0.0
2024-10-23,206,-191.5799999999897,3.7080000000000006,-195.2879999999897,120060.8809999999,-0.001623933321873823
2024-10-24,0,0.0,0.0,0.0,120060.8809999999,0.0
2024-10-25,206,-199.82000000000562,1.8540000000000003,-201.67400000000563,119859.20699999991,-0.0016797644521699437
2024-10-28,0,0.0,0.0,0.0,119859.20699999991,0.0
2024-10-29,0,0.0,0.0,0.0,119859.20699999991,0.0
2024-10-30,0,0.0,0.0,0.0,119859.20699999991,0.0
2024-10-31,208,1092.0,1.8720000000000003,1090.128,120949.3349999999,0.009095071019450352
2024-11-01,211,-453.6499999999952,1.8990000000000002,-455.5489999999952,120493.7859999999,-0.0037664448506475505
2024-11-04,210,-188.99999999999523,1.8900000000000001,-190.8899999999952,120302.8959999999,-0.0015842310739575846
2024-11-05,210,535.5000000000143,1.8900000000000001,533.6100000000143,120836.50599999992,0.004435554070119931
2024-11-06,0,0.0,0.0,0.0,120836.50599999992,0.0
2024-11-07,203,-114.69500000001108,3.6540000000000004,-118.34900000001107,120718.1569999999,-0.0009794142839582862
2024-11-08,202,-144.43000000000643,1.8180000000000003,-146.24800000000644,120571.9089999999,-0.0012114830414450956
2024-11-11,0,0.0,0.0,0.0,120571.9089999999,0.0
2024-11-12,201,-190.9499999999863,1.8090000000000002,-192.7589999999863,120379.1499999999,-0.0015987057151096982
2024-11-13,0,0.0,0.0,0.0,120379.1499999999,0.0
2024-11-14,201,271.35000000000457,1.8090000000000002,269.54100000000454,120648.6909999999,0.002239100375771093
2024-11-15,204,210.11999999999443,1.8360000000000003,208.28399999999442,120856.9749999999,0.0017263676735621988
2024-11-18,206,-248.23000000000843,5.562,-253.79200000000844,120603.1829999999,-0.0020999367227254252
2024-11-19,206,-164.79999999999063,1.8540000000000003,-166.65399999999065,120436.52899999991,-0.0013818374926306113
2024-11-20,203,-615.0900000000175,5.481000000000001,-620.5710000000175,119815.9579999999,-0.005152680878074941
2024-11-21,201,-822.0900000000064,1.8090000000000002,-823.8990000000064,118992.05899999989,-0.006876371175866299
2024-11-22,200,-688.0000000000109,3.6000000000000005,-691.6000000000109,118300.45899999989,-0.0058121525571720005
2024-11-25,0,0.0,0.0,0.0,118300.45899999989,0.0
2024-11-26,0,0.0,0.0,0.0,118300.45899999989,0.0
2024-11-27,197,-3.9399999999964166,1.7730000000000001,-5.712999999996416,118294.74599999988,-4.829228938153504e-05
2024-12-02,0,0.0,0.0,0.0,118294.74599999988,0.0
2024-12-03,0,0.0,0.0,0.0,118294.74599999988,0.0
2024-12-04,0,0.0,0.0,0.0,118294.74599999988,0.0
2024-12-05,0,0.0,0.0,0.0,118294.74599999988,0.0
2024-12-06,194,-23.280000000000882,1.7460000000000002,-25.02600000000088,118269.71999999988,-0.00021155631037071508
2024-12-09,194,-61.10999999998853,5.238,-66.34799999998853,118203.3719999999,-0.0005609888989336289
2024-12-10,195,-38.9999999999867,1.7550000000000001,-40.7549999999867,118162.61699999991,-0.000344787118255702
2024-12-11,195,18.52500000000532,1.7550000000000001,16.77000000000532,118179.38699999992,0.00014192305845769592
2024-12-12,194,72.74999999997794,3.4920000000000004,69.25799999997794,118248.64499999989,0.0005860412865399106
2024-12-13,195,-160.87500000000887,1.7550000000000001,-162.63000000000886,118086.01499999988,-0.0013753223134185513
2024-12-16,194,-29.100000000017644,1.7460000000000002,-30.846000000017643,118055.16899999986,-0.00026121636842447153
2024-12-17,195,-121.875,1.7550000000000001,-123.63,117931.53899999986,-0.0010472222525046756
2024-12-18,195,1958.7750000000142,5.265000000000001,1953.510000000014,119885.04899999987,0.01656478001190179
2024-12-19,0,0.0,0.0,0.0,119885.04899999987,0.0
2024-12-20,206,813.699999999986,1.8540000000000003,811.8459999999859,120696.89499999986,0.00677187027716848
2024-12-27,0,0.0,0.0,0.0,120696.89499999986,0.0
2024-12-30,205,-384.375,1.8450000000000002,-386.22,120310.67499999986,-0.003199916617573306
2024-12-31,203,-235.47999999999354,1.8270000000000002,-237.30699999999354,120073.36799999986,-0.001972451737969169
2025-01-02,203,-956.1299999999843,3.6540000000000004,-959.7839999999843,119113.58399999987,-0.00799331288849985
2025-01-03,202,12.120000000011942,3.6360000000000006,8.48400000001194,119122.06799999988,7.122613320082746e-05
2025-01-06,199,117.41000000000633,1.7910000000000001,115.61900000000634,119237.68699999989,0.0009705926193289933
2025-01-07,199,700.480000000019,3.5820000000000003,696.898000000019,119934.5849999999,0.005844611863361788
2025-01-08,203,-243.60000000000923,1.8270000000000002,-245.42700000000923,119689.1579999999,-0.00204634051137134
2025-01-10,204,202.97999999997774,3.6720000000000006,199.30799999997774,119888.46599999987,0.0016652134857526354
2025-01-13,0,0.0,0.0,0.0,119888.46599999987,0.0
2025-01-14,0,0.0,0.0,0.0,119888.46599999987,0.0
2025-01-15,203,125.86000000000092,1.8270000000000002,124.03300000000092,120012.49899999987,0.0010345699143402257
2025-01-16,0,0.0,0.0,0.0,120012.49899999987,0.0
2025-01-17,0,0.0,0.0,0.0,120012.49899999987,0.0
2025-01-21,0,0.0,0.0,0.0,120012.49899999987,0.0
2025-01-22,0,0.0,0.0,0.0,120012.49899999987,0.0
2025-01-23,0,0.0,0.0,0.0,120012.49899999987,0.0
2025-01-24,0,0.0,0.0,0.0,120012.49899999987,0.0
2025-01-27,0,0.0,0.0,0.0,120012.49899999987,0.0
2025-01-28,199,-91.54000000000724,3.5820000000000003,-95.12200000000723,119917.37699999986,-0.0007926007773574262
2025-01-29,198,-599.9399999999946,1.7820000000000003,-601.7219999999946,119315.65499999987,-0.005017804884107791
2025-01-30,0,0.0,0.0,0.0,119315.65499999987,0.0
2025-01-31,196,-22.540000000001783,3.5280000000000005,-26.06800000000178,119289.58699999987,-0.00021847929343389022
2025-02-03,0,0.0,0.0,0.0,119289.58699999987,0.0
2025-02-04,199,262.67999999998733,3.5820000000000003,259.09799999998734,119548.68499999985,0.002172008525773399
2025-02-05,0,0.0,0.0,0.0,119548.68499999985,0.0
2025-02-06,0,0.0,0.0,0.0,119548.68499999985,0.0
2025-02-07,197,532.8849999999857,1.7730000000000001,531.1119999999856,120079.79699999983,0.004442641924501188
2025-02-10,0,0.0,0.0,0.0,120079.79699999983,0.0
2025-02-11,0,0.0,0.0,0.0,120079.79699999983,0.0
2025-02-12,0,0.0,0.0,0.0,120079.79699999983,0.0
2025-02-13,198,294.0300000000252,3.5640000000000005,290.4660000000252,120370.26299999986,0.002418941464399924
2025-02-14,0,0.0,0.0,0.0,120370.26299999986,0.0
2025-02-18,0,0.0,0.0,0.0,120370.26299999986,0.0
2025-02-19,0,0.0,0.0,0.0,120370.26299999986,0.0
2025-02-20,196,-186.2000000000089,3.5280000000000005,-189.7280000000089,120180.53499999986,-0.001576203252127223
2025-02-21,196,1551.3399999999929,1.7640000000000002,1549.575999999993,121730.11099999984,0.01289373524589481
2025-02-24,202,-310.06999999999357,1.8180000000000003,-311.88799999999355,121418.22299999985,-0.0025621269662687973
2025-02-25,203,42.630000000007385,3.6540000000000004,38.97600000000738,121457.19899999986,0.00032100618043147795
2025-02-26,203,-603.9250000000046,3.6540000000000004,-607.5790000000046,120849.61999999986,-0.005002412413610866
2025-02-27,202,498.9400000000055,3.6360000000000006,495.3040000000055,121344.92399999987,0.0040985151628942324
2025-02-28,207,1203.7049999999876,1.8630000000000002,1201.8419999999876,122546.76599999986,0.009904345071739373
2025-03-03,205,846.6499999999991,1.8450000000000002,844.804999999999,123391.57099999985,0.006893735571936676
2025-03-04,212,-260.76000000000386,1.9080000000000001,-262.6680000000039,123128.90299999985,-0.002128735357458122
2025-03-05,213,488.8349999999913,1.9170000000000003,486.9179999999913,123615.82099999984,0.003954538602524477
2025-03-06,214,-47.08000000000584,1.9260000000000002,-49.00600000000584,123566.81499999983,-0.00039643792844288033
2025-03-07,216,-2072.5199999999813,3.8880000000000003,-2076.4079999999813,121490.40699999985,-0.01680392911316832
2025-03-11,217,4.339999999996053,1.9530000000000003,2.3869999999960525,121492.79399999985,1.9647641809250467e-05
2025-03-12,0,0.0,0.0,0.0,121492.79399999985,0.0
2025-03-13,217,721.5249999999852,1.9530000000000003,719.5719999999852,122212.36599999983,0.005922754562710823
2025-03-14,219,543.120000000004,1.9710000000000003,541.149000000004,122753.51499999984,0.0044279398043893916
2025-03-17,218,292.12000000000694,1.9620000000000002,290.15800000000695,123043.67299999985,0.0023637449404198922
2025-03-18,217,-60.75999999999408,1.9530000000000003,-62.71299999999408,122980.95999999986,-0.0005096808187772009
2025-03-19,218,318.28000000000793,1.9620000000000002,316.31800000000794,123297.27799999987,0.0025720892079555105
2025-03-20,218,8.71999999999207,1.9620000000000002,6.7579999999920695,123304.03599999986,5.4810617960212195e-05
2025-03-21,0,0.0,0.0,0.0,123304.03599999986,0.0
2025-03-24,0,0.0,0.0,0.0,123304.03599999986,0.0
2025-03-25,0,0.0,0.0,0.0,123304.03599999986,0.0
2025-03-26,214,811.0599999999922,1.9260000000000002,809.1339999999922,124113.16999999985,0.00656210474732549
2025-03-27,0,0.0,0.0,0.0,124113.16999999985,0.0
2025-03-28,219,854.099999999995,1.9710000000000003,852.128999999995,124965.29899999985,0.006865741967592932
2025-03-31,0,0.0,0.0,0.0,124965.29899999985,0.0
2025-04-01,224,-1355.2000000000153,2.016,-1357.2160000000154,123608.08299999984,-0.010860743029150972
2025-04-02,222,-235.32000000001312,1.9980000000000002,-237.31800000001311,123370.76499999982,-0.0019199229875607197
2025-04-03,226,627.1500000000206,2.0340000000000003,625.1160000000206,123995.88099999985,0.005066970282627504
2025-04-04,236,2439.059999999995,2.124,2436.935999999995,126432.81699999985,0.01965336251774362
2025-04-07,0,0.0,0.0,0.0,126432.81699999985,0.0
2025-04-08,242,202.06999999999505,2.1780000000000004,199.89199999999505,126632.70899999984,0.0015810135749802624
2025-04-09,255,10822.200000000013,2.2950000000000004,10819.905000000013,137452.61399999986,0.08544320883161417
2025-04-10,258,1346.760000000007,2.322,1344.4380000000072,138797.05199999985,0.009781101725719152
2025-04-11,265,593.6000000000024,2.3850000000000002,591.2150000000024,139388.26699999985,0.0042595645331141695
2025-04-14,0,0.0,0.0,0.0,139388.26699999985,0.0
2025-04-15,0,0.0,0.0,0.0,139388.26699999985,0.0
2025-04-16,0,0.0,0.0,0.0,139388.26699999985,0.0
2025-04-17,0,0.0,0.0,0.0,139388.26699999985,0.0
2025-04-21,267,929.1600000000049,2.4030000000000005,926.7570000000048,140315.02399999986,0.006648744689536931
2025-04-22,269,535.3100000000024,2.4210000000000003,532.8890000000024,140847.91299999985,0.003797804289296939
2025-04-23,260,-2159.3000000000166,2.3400000000000003,-2161.6400000000167,138686.27299999984,-0.01534733425549599
2025-04-24,258,1816.32000000002,2.322,1813.99800000002,140500.27099999986,0.013079866959868638
2025-04-25,0,0.0,0.0,0.0,140500.27099999986,0.0
2025-04-28,0,0.0,0.0,0.0,140500.27099999986,0.0
2025-04-29,0,0.0,0.0,0.0,140500.27099999986,0.0
2025-04-30,256,-3059.1999999999825,2.3040000000000003,-3061.5039999999826,137438.76699999988,-0.02179002202778659
2025-05-01,245,-1222.5500000000022,2.205,-1224.7550000000022,136214.01199999987,-0.008911277558245289
2025-05-02,0,0.0,0.0,0.0,136214.01199999987,0.0
2025-05-05,0,0.0,0.0,0.0,136214.01199999987,0.0
2025-05-06,0,0.0,0.0,0.0,136214.01199999987,0.0
2025-05-07,0,0.0,0.0,0.0,136214.01199999987,0.0
2025-05-08,240,-1219.1999999999825,2.16,-1221.3599999999826,134992.65199999989,-0.008966478426609912
2025-05-09,0,0.0,0.0,0.0,134992.65199999989,0.0
2025-05-12,0,0.0,0.0,0.0,134992.65199999989,0.0
2025-05-13,231,-20.790000000007353,2.079,-22.869000000007354,134969.78299999988,-0.00016940922088120303
2025-05-14,0,0.0,0.0,0.0,134969.78299999988,0.0
2025-05-15,230,-125.34999999999059,2.0700000000000003,-127.41999999999058,134842.3629999999,-0.0009440631611594922
2025-05-16,228,95.75999999999067,2.052,93.70799999999066,134936.07099999988,0.0006949448075156524
2025-05-19,0,0.0,0.0,0.0,134936.07099999988,0.0
2025-05-20,0,0.0,0.0,0.0,134936.07099999988,0.0
2025-05-21,229,380.1399999999927,2.0610000000000004,378.07899999999273,135314.14999999988,0.002801912025436053
2025-05-22,232,-299.28000000001794,2.088,-301.36800000001796,135012.78199999986,-0.0022271728418647883
2025-05-23,0,0.0,0.0,0.0,135012.78199999986,0.0
2025-05-27,230,731.3999999999885,2.0700000000000003,729.3299999999884,135742.11199999985,0.005401932981426819
2025-05-28,229,-9.159999999991669,2.0610000000000004,-11.220999999991669,135730.89099999986,-8.266410353178888e-05
2025-05-29,0,0.0,0.0,0.0,135730.89099999986,0.0
2025-05-30,230,-1225.8999999999833,6.210000000000001,-1232.1099999999833,134498.78099999987,-0.00907759457646222
2025-06-02,0,0.0,0.0,0.0,134498.78099999987,0.0
2025-06-03,227,410.8700000000134,2.043,408.8270000000134,134907.6079999999,0.003039633496752761
2025-06-04,0,0.0,0.0,0.0,134907.6079999999,0.0
2025-06-05,225,-562.5,4.050000000000001,-566.55,134341.0579999999,-0.004199540770154345
2025-06-06,224,-271.04000000000815,2.016,-273.05600000000817,134068.0019999999,-0.0020325580583116175
2025-06-09,0,0.0,0.0,0.0,134068.0019999999,0.0
2025-06-10,0,0.0,0.0,0.0,134068.0019999999,0.0
2025-06-11,0,0.0,0.0,0.0,134068.0019999999,0.0
2025-06-12,0,0.0,0.0,0.0,134068.0019999999,0.0
2025-06-13,223,-538.5450000000172,2.007,-540.5520000000172,133527.44999999987,-0.0040319240380714974
2025-06-16,222,-78.8099999999788,1.9980000000000002,-80.8079999999788,133446.64199999988,-0.0006051789351176771
2025-06-17,222,-51.06000000000404,1.9980000000000002,-53.058000000004036,133393.5839999999,-0.00039759711600689124
2025-06-18,222,-730.3799999999919,1.9980000000000002,-732.377999999992,132661.2059999999,-0.005490354018825918
2025-06-20,221,417.6900000000221,1.9890000000000003,415.70100000002213,133076.90699999992,0.0031335536027014745
2025-06-23,223,724.75,2.007,722.743,133799.6499999999,0.005431017419122918
2025-06-24,221,44.20000000001005,3.9780000000000006,40.22200000001005,133839.87199999992,0.0003006136413661028
2025-06-25,0,0.0,0.0,0.0,133839.87199999992,0.0
2025-06-26,219,166.4400000000229,3.9420000000000006,162.4980000000229,134002.36999999994,0.001214122500057554
2025-06-27,218,-83.92999999999802,1.9620000000000002,-85.89199999999802,133916.47799999994,-0.0006409737380017836
2025-06-30,0,0.0,0.0,0.0,133916.47799999994,0.0
2025-07-01,0,0.0,0.0,0.0,133916.47799999994,0.0
2025-07-02,216,-32.39999999999509,1.9440000000000002,-34.34399999999509,133882.13399999996,-0.00025645835757415235
2025-07-07,214,-479.36000000000195,1.9260000000000002,-481.28600000000193,133400.84799999997,-0.0035948485852488883
2025-07-08,0,0.0,0.0,0.0,133400.84799999997,0.0
2025-07-09,214,-220.41999999999416,1.9260000000000002,-222.34599999999415,133178.50199999998,-0.0016667510239514684
2025-07-10,213,2.1299999999980628,3.8340000000000005,-1.7040000000019377,133176.79799999998,-1.27948578367546e-05
2025-07-11,0,0.0,0.0,0.0,133176.79799999998,0.0
2025-07-14,0,0.0,0.0,0.0,133176.79799999998,0.0
2025-07-15,0,0.0,0.0,0.0,133176.79799999998,0.0
2025-07-16,0,0.0,0.0,0.0,133176.79799999998,0.0
2025-07-17,213,471.7950000000068,1.9170000000000003,469.8780000000068,133646.67599999998,0.0035282271916464523
2025-07-18,0,0.0,0.0,0.0,133646.67599999998,0.0
2025-07-21,212,-87.97999999999229,1.9080000000000001,-89.88799999999229,133556.78799999997,-0.000672579391349713
2025-07-22,212,-265.0,1.9080000000000001,-266.908,133289.87999999998,-0.0019984607596283317
2025-07-23,0,0.0,0.0,0.0,133289.87999999998,0.0
2025-07-24,0,0.0,0.0,0.0,133289.87999999998,0.0
2025-07-25,209,58.5199999999943,1.8810000000000002,56.6389999999943,133346.51899999997,0.0004249309850079714
2025-07-28,0,0.0,0.0,0.0,133346.51899999997,0.0
2025-07-29,208,-151.84000000000378,3.7440000000000007,-155.58400000000378,133190.93499999997,-0.0011667646157302676
2025-07-30,209,-363.65999999997814,1.8810000000000002,-365.5409999999781,132825.394,-0.0027444885794966315
2025-07-31,0,0.0,0.0,0.0,132825.394,0.0
2025-08-01,212,-919.0199999999836,5.724000000000001,-924.7439999999837,131900.65000000002,-0.0069621024425493795
2025-08-04,210,405.30000000001337,1.8900000000000001,403.4100000000134,132304.06000000003,0.0030584383018583557
2025-08-05,209,-544.4450000000276,3.7620000000000005,-548.2070000000276,131755.853,-0.004143538754593227
2025-08-06,209,168.2450000000133,1.8810000000000002,166.3640000000133,131922.217,0.0012626687635653902
2025-08-07,207,-341.5499999999953,3.7260000000000004,-345.2759999999953,131576.94100000002,-0.0026172695384583727
2025-08-08,207,2.069999999974584,5.589,-3.5190000000254162,131573.422,-2.6744807815720658e-05
2025-08-11,0,0.0,0.0,0.0,131573.422,0.0
2025-08-12,206,307.97000000000094,1.8540000000000003,306.11600000000095,131879.538,0.0023265792995792187
2025-08-13,0,0.0,0.0,0.0,131879.538,0.0
2025-08-14,0,0.0,0.0,0.0,131879.538,0.0
2025-08-15,0,0.0,0.0,0.0,131879.538,0.0
2025-08-18,0,0.0,0.0,0.0,131879.538,0.0
2025-08-19,205,200.90000000000373,1.8450000000000002,199.05500000000373,132078.593,0.0015093698614564734
2025-08-20,206,-885.7999999999906,5.562,-891.3619999999906,131187.231,-0.006748724223614274
2025-08-21,0,0.0,0.0,0.0,131187.231,0.0
2025-08-22,205,209.09999999999627,1.8450000000000002,207.25499999999627,131394.486,0.0015798412575687055
2025-08-25,0,0.0,0.0,0.0,131394.486,0.0
2025-08-26,0,0.0,0.0,0.0,131394.486,0.0
2025-08-27,0,0.0,0.0,0.0,131394.486,0.0
2025-08-28,0,0.0,0.0,0.0,131394.486,0.0
2025-08-29,202,115.1400000000101,1.8180000000000003,113.3220000000101,131507.80800000002,0.0008624562829829107
2025-09-02,206,-56.649999999995316,1.8540000000000003,-58.503999999995315,131449.30400000003,-0.0004448709235575982
2025-09-03,0,0.0,0.0,0.0,131449.30400000003,0.0
2025-09-04,203,421.22499999998615,3.6540000000000004,417.57099999998616,131866.87500000003,0.0031766695394597603
2025-09-05,202,-125.24000000000092,1.8180000000000003,-127.05800000000092,131739.81700000004,-0.0009635323503343875
2025-09-08,0,0.0,0.0,0.0,131739.81700000004,0.0
2025-09-09,0,0.0,0.0,0.0,131739.81700000004,0.0
2025-09-10,0,0.0,0.0,0.0,131739.81700000004,0.0
2025-09-11,201,392.9549999999854,1.8090000000000002,391.14599999998535,132130.96300000002,0.0029690795759947444
2025-09-12,0,0.0,0.0,0.0,132130.96300000002,0.0
2025-09-15,200,0.0,1.8000000000000003,-1.8000000000000003,132129.16300000003,-1.3622847810471192e-05
2025-09-16,0,0.0,0.0,0.0,132129.16300000003,0.0
2025-09-17,200,-558.9999999999918,3.6000000000000005,-562.5999999999918,131566.56300000002,-0.004257954771120375
2025-09-18,198,-451.4400000000171,3.5640000000000005,-455.00400000001713,131111.559,-0.0034583559046078983
2025-09-19,0,0.0,0.0,0.0,131111.559,0.0
2025-09-22,197,171.3899999999785,3.5460000000000003,167.8439999999785,131279.403,0.0012801617285321007
2025-09-23,196,68.60000000000446,1.7640000000000002,66.83600000000446,131346.239,0.0005091126138043488
2025-09-24,197,-191.09000000002777,3.5460000000000003,-194.63600000002776,131151.60299999997,-0.00148185438336021
2025-09-25,199,-818.8850000000018,3.5820000000000003,-822.4670000000018,130329.13599999997,-0.006271116640488199
2025-09-26,197,-545.6899999999964,3.5460000000000003,-549.2359999999965,129779.89999999998,-0.004214222673892326
2025-09-29,0,0.0,0.0,0.0,129779.89999999998,0.0
2025-09-30,0,0.0,0.0,0.0,129779.89999999998,0.0
2025-10-01,195,106.27499999999202,1.7550000000000001,104.51999999999202,129884.41999999997,0.0008053635424283116
2025-10-02,0,0.0,0.0,0.0,129884.41999999997,0.0
2025-10-03,193,-208.4400000000079,1.737,-210.1770000000079,129674.24299999996,-0.0016181848446488651
2025-10-06,0,0.0,0.0,0.0,129674.24299999996,0.0
2025-10-07,192,18.24000000000524,1.7280000000000002,16.512000000005237,129690.75499999996,0.00012733446224941713
2025-10-08,193,103.25499999999386,3.474,99.78099999999385,129790.53599999995,0.0007693763522310737
2025-10-09,192,180.47999999998865,3.4560000000000004,177.02399999998866,129967.55999999994,0.0013639207099043703
2025-10-10,193,3060.9800000000027,1.737,3059.2430000000027,133026.80299999996,0.02353851222566619
2025-10-13,201,47.23500000000274,1.8090000000000002,45.426000000002745,133072.22899999996,0.00034148005496307957
2025-10-14,0,0.0,0.0,0.0,133072.22899999996,0.0
2025-10-15,199,-656.699999999991,1.7910000000000001,-658.490999999991,132413.73799999998,-0.004948372811880916
2025-10-16,198,-396.0,1.7820000000000003,-397.782,132015.95599999998,-0.003004084062637066
2025-10-17,200,383.9999999999918,1.8000000000000003,382.1999999999918,132398.15599999996,0.002895104588721017
2025-10-20,198,496.9799999999982,1.7820000000000003,495.1979999999982,132893.35399999996,0.003740218255003479
2025-10-21,0,0.0,0.0,0.0,132893.35399999996,0.0
2025-10-22,197,-298.4550000000197,5.319000000000001,-303.7740000000197,132589.57999999993,-0.002285847943908616
2025-10-23,198,-375.2099999999964,7.128000000000001,-382.3379999999964,132207.24199999994,-0.0028836202663889317
2025-10-24,0,0.0,0.0,0.0,132207.24199999994,0.0
2025-10-27,0,0.0,0.0,0.0,132207.24199999994,0.0
2025-10-28,0,0.0,0.0,0.0,132207.24199999994,0.0
2025-10-29,0,0.0,0.0,0.0,132207.24199999994,0.0
2025-10-30,0,0.0,0.0,0.0,132207.24199999994,0.0
2025-10-31,0,0.0,0.0,0.0,132207.24199999994,0.0
2025-11-03,192,-384.0,1.7280000000000002,-385.728,131821.51399999994,-0.00291760114018565
2025-11-04,0,0.0,0.0,0.0,131821.51399999994,0.0
2025-11-05,195,87.75000000000887,1.7550000000000001,85.99500000000887,131907.50899999993,0.0006523593713239321
2025-11-06,194,558.7199999999991,3.4920000000000004,555.2279999999992,132462.73699999994,0.004209222084544099
2025-11-07,198,-385.1099999999874,1.7820000000000003,-386.8919999999874,132075.84499999994,-0.0029207610288166366
2025-11-10,195,282.7499999999867,1.7550000000000001,280.9949999999867,132356.83999999994,0.0021275275581237947
2025-11-11,0,0.0,0.0,0.0,132356.83999999994,0.0
2025-11-12,0,0.0,0.0,0.0,132356.83999999994,0.0
2025-11-13,194,803.1599999999974,3.4920000000000004,799.6679999999974,133156.50799999994,0.006041758023234748
2025-11-14,200,-162.00000000001182,1.8000000000000003,-163.80000000001183,132992.70799999993,-0.0012301313879454687
2025-11-17,198,8.909999999991896,1.7820000000000003,7.127999999991896,132999.83599999992,5.359692352449805e-05
2025-11-18,200,-324.0000000000009,1.8000000000000003,-325.8000000000009,132674.03599999993,-0.0024496270807431754
2025-11-19,200,-610.0000000000136,1.8000000000000003,-611.8000000000136,132062.23599999992,-0.0046113016415662055
2025-11-20,196,1195.6000000000045,1.7640000000000002,1193.8360000000046,133256.07199999993,0.009039949921792974
2025-11-21,203,-322.77000000000646,1.8270000000000002,-324.59700000000646,132931.47499999992,-0.0024358890002401288
2025-11-24,200,650.9999999999991,1.8000000000000003,649.1999999999991,133580.67499999993,0.0048837192245102185
2025-11-25,199,191.04000000000724,1.7910000000000001,189.24900000000724,133769.92399999994,0.0014167393599411543
2025-11-26,0,0.0,0.0,0.0,133769.92399999994,0.0
2025-12-01,0,0.0,0.0,0.0,133769.92399999994,0.0
2025-12-02,0,0.0,0.0,0.0,133769.92399999994,0.0
2025-12-03,0,0.0,0.0,0.0,133769.92399999994,0.0
2025-12-04,0,0.0,0.0,0.0,133769.92399999994,0.0
2025-12-05,195,-202.7999999999929,1.7550000000000001,-204.5549999999929,133565.36899999995,-0.0015291553877237233
2025-12-08,0,0.0,0.0,0.0,133565.36899999995,0.0
2025-12-09,0,0.0,0.0,0.0,133565.36899999995,0.0
2025-12-10,195,-109.19999999998936,1.7550000000000001,-110.95499999998935,133454.41399999996,-0.0008307168304981016
2025-12-11,194,-691.6100000000106,1.7460000000000002,-693.3560000000106,132761.05799999996,-0.005195451984076081
2025-12-12,192,136.32000000000698,3.4560000000000004,132.864000000007,132893.92199999996,0.0010007753930373698
2025-12-15,193,-285.63999999998157,1.737,-287.3769999999816,132606.54499999998,-0.002162454051133969
2025-12-16,195,-425.09999999999025,1.7550000000000001,-426.85499999999024,132179.69,-0.003218958762555727
2025-12-17,194,583.9400000000203,1.7460000000000002,582.1940000000203,132761.88400000002,0.004404564725488616
2025-12-18,195,-39.00000000000887,1.7550000000000001,-40.75500000000887,132721.12900000002,-0.000306978168523195
2025-12-19,196,98.0,1.7640000000000002,96.236,132817.36500000002,0.000725099317080101
2025-12-22,0,0.0,0.0,0.0,132817.36500000002,0.0
2025-12-23,194,66.92999999998324,3.4920000000000004,63.43799999998324,132880.803,0.00047763332753953693
2025-12-26,0,0.0,0.0,0.0,132880.803,0.0
2025-12-29,0,0.0,0.0,0.0,132880.803,0.0
2025-12-30,0,0.0,0.0,0.0,132880.803,0.0
2025-12-31,193,10.614999999990346,3.474,7.1409999999903455,132887.94400000002,5.37398919841743e-05
2026-01-02,0,0.0,0.0,0.0,132887.94400000002,0.0
2026-01-05,193,-57.900000000013165,1.737,-59.63700000001317,132828.307,-0.00044877660233808085
2026-01-06,193,-39.5650000000079,3.474,-43.0390000000079,132785.26799999998,-0.00032401978894459524
2026-01-07,0,0.0,0.0,0.0,132785.26799999998,0.0
2026-01-08,0,0.0,0.0,0.0,132785.26799999998,0.0
2026-01-09,192,300.47999999998865,3.4560000000000004,297.02399999998863,133082.29199999996,0.002236874650883626
2026-01-12,0,0.0,0.0,0.0,133082.29199999996,0.0
2026-01-13,191,-343.80000000001303,3.4380000000000006,-347.238000000013,132735.05399999995,-0.0026091976233773694
2026-01-14,192,-464.63999999999214,3.4560000000000004,-468.09599999999216,132266.95799999996,-0.0035265439376699417
2026-01-15,0,0.0,0.0,0.0,132266.95799999996,0.0
2026-01-16,0,0.0,0.0,0.0,132266.95799999996,0.0
2026-01-20,194,227.95000000001323,1.7460000000000002,226.20400000001322,132493.16199999998,0.0017102079266086492
2026-01-21,195,536.25,1.7550000000000001,534.495,133027.65699999998,0.0040341327199965235
2026-01-22,0,0.0,0.0,0.0,133027.65699999998,0.0
2026-01-23,0,0.0,0.0,0.0,133027.65699999998,0.0
2026-01-26,192,102.71999999999389,1.7280000000000002,100.9919999999939,133128.64899999998,0.0007591804762824163
2026-01-27,191,-143.25,1.7190000000000003,-144.969,132983.67999999996,-0.0010889391659041024
2026-01-28,0,0.0,0.0,0.0,132983.67999999996,0.0
2026-01-29,190,-258.4000000000242,3.4200000000000004,-261.8200000000242,132721.85999999993,-0.0019688130152513772
2026-01-30,191,-433.5699999999965,1.7190000000000003,-435.2889999999965,132286.57099999994,-0.0032797084067386997
2026-02-02,191,132.74499999998784,1.7190000000000003,131.02599999998785,132417.59699999992,0.0009904709072849722
2026-02-03,190,307.80000000002246,3.4200000000000004,304.38000000002245,132721.97699999996,0.002298637091262294
2026-02-04,192,-332.1600000000035,1.7280000000000002,-333.8880000000035,132388.08899999995,-0.002515694895051206
2026-02-05,194,-578.1200000000035,1.7460000000000002,-579.8660000000035,131808.22299999994,-0.004380046606760853
2026-02-06,193,1138.6999999999957,1.737,1136.9629999999956,132945.18599999993,0.00862588823460579
2026-02-09,192,-48.95999999999913,1.7280000000000002,-50.68799999999913,132894.49799999993,-0.00038126991676102625
2026-02-10,0,0.0,0.0,0.0,132894.49799999993,0.0
2026-02-11,0,0.0,0.0,0.0,132894.49799999993,0.0
2026-02-12,191,460.3099999999939,1.7190000000000003,458.5909999999939,133353.08899999992,0.0034507899642315827
2026-02-13,0,0.0,0.0,0.0,133353.08899999992,0.0
2026-02-17,196,-1242.6400000000062,1.7640000000000002,-1244.4040000000061,132108.6849999999,-0.009331647353140855
2026-02-18,193,-2.894999999997367,1.737,-4.631999999997367,132104.05299999993,-3.506204001650134e-05
2026-02-19,0,0.0,0.0,0.0,132104.05299999993,0.0
2026-02-20,193,121.59000000002106,1.737,119.85300000002107,132223.90599999996,0.0009072620958875587
2026-02-23,192,113.28000000000611,3.4560000000000004,109.82400000000611,132333.72999999995,0.0008305911035482959
2026-02-24,194,201.75999999999294,1.7460000000000002,200.01399999999293,132533.74399999995,0.0015114362755436048
2026-02-25,0,0.0,0.0,0.0,132533.74399999995,0.0
2026-02-26,191,-75.44499999999653,3.4380000000000006,-78.88299999999653,132454.86099999995,-0.0005951918177154685
2026-02-27,0,0.0,0.0,0.0,132454.86099999995,0.0
2026-03-02,0,0.0,0.0,0.0,132454.86099999995,0.0
2026-03-03,196,-1558.1999999999866,1.7640000000000002,-1559.9639999999865,130894.89699999995,-0.011777325408993386
2026-03-04,192,-213.12000000000262,1.7280000000000002,-214.84800000000263,130680.04899999996,-0.0016413779675459976
2026-03-05,191,-968.3699999999878,1.7190000000000003,-970.0889999999879,129709.95999999996,-0.007423390237632894
2026-03-06,192,-288.0,1.7280000000000002,-289.728,129420.23199999996,-0.0022336603912297874
2026-03-09,194,-2401.720000000021,3.4920000000000004,-2405.2120000000214,127015.01999999993,-0.01858451312311063
2026-03-10,187,-1136.9600000000078,1.6830000000000003,-1138.6430000000078,125876.37699999992,-0.008964632686748452
2026-03-11,0,0.0,0.0,0.0,125876.37699999992,0.0
2026-03-12,187,519.8600000000162,1.6830000000000003,518.1770000000162,126394.55399999993,0.0041165547686522344
2026-03-13,0,0.0,0.0,0.0,126394.55399999993,0.0
2026-03-16,189,-325.08000000000516,1.7010000000000003,-326.7810000000052,126067.77299999993,-0.0025854041148007482
2026-03-17,0,0.0,0.0,0.0,126067.77299999993,0.0
2026-03-18,188,353.43999999999915,1.6920000000000002,351.74799999999914,126419.52099999992,0.002790150025098003
2026-03-19,0,0.0,0.0,0.0,126419.52099999992,0.0
2026-03-20,192,885.1200000000026,1.7280000000000002,883.3920000000027,127302.91299999993,0.006987781578447866
2026-03-23,193,-932.1900000000079,1.737,-933.9270000000079,126368.98599999992,-0.007336257890658075
2026-03-24,0,0.0,0.0,0.0,126368.98599999992,0.0
2026-03-25,0,0.0,0.0,0.0,126368.98599999992,0.0
2026-03-26,193,826.0399999999947,1.737,824.3029999999948,127193.28899999992,0.006522984998866694
2026-03-27,197,979.0900000000054,1.7730000000000001,977.3170000000054,128170.60599999993,0.007683715136889069
2026-03-30,200,-473.0000000000018,1.8000000000000003,-474.80000000000183,127695.80599999992,-0.0037044375057413872
2026-03-31,199,1484.5400000000072,1.7910000000000001,1482.7490000000073,129178.55499999993,0.0116115716439427
2026-04-01,197,-246.25,1.7730000000000001,-248.023,128930.53199999993,-0.0019200013500692908
2026-04-02,0,0.0,0.0,0.0,128930.53199999993,0.0
2026-04-06,196,168.56000000000267,1.7640000000000002,166.79600000000266,129097.32799999994,0.0012936889145854355
2026-04-07,196,-1021.1600000000071,1.7640000000000002,-1022.9240000000071,128074.40399999992,-0.007923665159049673
2026-04-08,0,0.0,0.0,0.0,128074.40399999992,0.0
2026-04-09,189,194.66999999999484,1.7010000000000003,192.96899999999485,128267.37299999992,0.0015066944992380754
2026-04-10,0,0.0,0.0,0.0,128267.37299999992,0.0
2026-04-13,0,0.0,0.0,0.0,128267.37299999992,0.0
2026-04-14,186,626.8200000000008,1.6740000000000002,625.1460000000009,128892.51899999993,0.004873772537619533
2026-04-15,0,0.0,0.0,0.0,128892.51899999993,0.0
2026-04-16,0,0.0,0.0,0.0,128892.51899999993,0.0
2026-04-17,182,27.299999999995862,3.2760000000000002,24.023999999995862,128916.54299999992,0.00018638785389861047
2026-04-20,0,0.0,0.0,0.0,128916.54299999992,0.0
2026-04-21,181,-436.20999999999424,3.2580000000000005,-439.4679999999942,128477.07499999992,-0.003408934103980701
2026-04-22,0,0.0,0.0,0.0,128477.07499999992,0.0
2026-04-23,0,0.0,0.0,0.0,128477.07499999992,0.0
2026-04-24,180,-216.00000000000819,4.86,-220.8600000000082,128256.21499999991,-0.0017190615524209929
2026-04-27,0,0.0,0.0,0.0,128256.21499999991,0.0
2026-04-28,0,0.0,0.0,0.0,128256.21499999991,0.0
2026-04-29,0,0.0,0.0,0.0,128256.21499999991,0.0
2026-04-30,179,91.28999999999837,1.6110000000000002,89.67899999999837,128345.89399999991,0.000699217577877208
2026-05-01,177,-480.55500000000563,3.1860000000000004,-483.7410000000056,127862.1529999999,-0.00376904149345055
2026-05-04,177,-226.5600000000153,3.1860000000000004,-229.7460000000153,127632.40699999989,-0.001796825679918087
2026-05-05,176,-110.88000000001921,4.752000000000001,-115.6320000000192,127516.77499999988,-0.0009059768025844667
2026-05-06,175,715.7500000000056,1.5750000000000002,714.1750000000055,128230.94999999988,0.005600635681070245
2026-05-07,174,-234.90000000000396,3.1320000000000006,-238.03200000000396,127992.91799999987,-0.0018562757275057556
2026-05-08,174,-51.32999999999288,1.5660000000000003,-52.89599999999288,127940.02199999988,-0.00041327286561271254
2026-05-11,173,-306.20999999999685,3.1140000000000003,-309.32399999999683,127630.69799999989,-0.0024177266438175
2026-05-12,173,153.96999999999764,1.5570000000000002,152.41299999999765,127783.11099999989,0.0011941719538351016
2026-05-13,173,98.60999999998899,1.5570000000000002,97.05299999998898,127880.16399999987,0.0007595135166179282
2026-05-14,171,221.444999999993,3.0780000000000003,218.366999999993,128098.53099999987,0.0017075908660861055
2026-05-15,172,-307.87999999999374,1.5480000000000003,-309.42799999999374,127789.10299999987,-0.002415546826216095
2026-05-18,172,-927.9399999999969,3.0960000000000005,-931.0359999999969,126858.06699999988,-0.007285722946188908
2026-05-19,172,-262.2999999999961,3.0960000000000005,-265.3959999999961,126592.67099999989,-0.002092070345041568
2026-05-20,172,574.4799999999859,1.5480000000000003,572.9319999999859,127165.60299999987,0.004525791228466824
2026-05-21,0,0.0,0.0,0.0,127165.60299999987,0.0
2026-05-22,170,-314.49999999998454,1.5300000000000002,-316.0299999999845,126849.57299999989,-0.00248518461395559
2026-05-26,169,-19.435000000001537,1.5210000000000001,-20.956000000001538,126828.61699999988,-0.0001652035517691617
2026-05-27,0,0.0,0.0,0.0,126828.61699999988,0.0
2026-05-28,169,324.4799999999931,1.5210000000000001,322.95899999999307,127151.57599999987,0.002546420576359304
2026-05-29,168,-198.2399999999916,1.5120000000000002,-199.7519999999916,126951.82399999988,-0.0015709754159869147
2026-06-01,168,-183.11999999998625,1.5120000000000002,-184.63199999998625,126767.1919999999,-0.0014543469655070606
2026-06-02,0,0.0,0.0,0.0,126767.1919999999,0.0
2026-06-03,167,198.7300000000091,4.509,194.2210000000091,126961.4129999999,0.0015321077712284522
2026-06-04,168,77.28000000000611,1.5120000000000002,75.76800000000611,127037.18099999991,0.0005967797475600415
2026-06-05,168,1900.0799999999908,1.5120000000000002,1898.567999999991,128935.7489999999,0.014944978982176818
2026-06-08,173,-997.3449999999976,1.5570000000000002,-998.9019999999977,127936.84699999989,-0.007747285045049829
2026-06-09,172,-695.739999999993,1.5480000000000003,-697.287999999993,127239.5589999999,-0.005450251560443674
2026-06-10,173,688.5399999999835,1.5570000000000002,686.9829999999835,127926.54199999988,0.005399130627291658
2026-06-11,175,477.7499999999833,1.5750000000000002,476.1749999999833,128402.71699999987,0.0037222533538034956
2026-06-12,173,-890.9499999999961,1.5570000000000002,-892.5069999999961,127510.20999999988,-0.006950842013724655
2026-06-15,169,338.0,1.5210000000000001,336.479,127846.68899999988,0.002638839666251042
2026-06-16,0,0.0,0.0,0.0,127846.68899999988,0.0
2026-06-17,170,868.7000000000023,1.5300000000000002,867.1700000000023,128713.85899999988,0.006782889778240586
2026-06-18,0,0.0,0.0,0.0,128713.85899999988,0.0
2026-06-22,172,-560.7199999999984,3.0960000000000005,-563.8159999999984,128150.04299999989,-0.004380383001336313
2026-06-23,0,0.0,0.0,0.0,128150.04299999989,0.0
2026-06-24,174,-281.8800000000008,1.5660000000000003,-283.44600000000077,127866.59699999989,-0.002211829144684727
2026-06-25,173,-971.3950000000016,1.5570000000000002,-972.9520000000016,126893.64499999989,-0.0076091178058019515
2026-06-26,0,0.0,0.0,0.0,126893.64499999989,0.0
2026-06-29,172,75.67999999998983,1.5480000000000003,74.13199999998983,126967.77699999987,0.0005842057732677621
2026-06-30,171,147.91500000000156,3.0780000000000003,144.83700000000155,127112.61399999987,0.001140738252036985
2026-07-01,0,0.0,0.0,0.0,127112.61399999987,0.0
2026-07-02,170,-598.3999999999969,3.0600000000000005,-601.4599999999969,126511.15399999988,-0.004731709789242454
2026-07-06,169,-11.830000000008454,1.5210000000000001,-13.351000000008455,126497.80299999987,-0.00010553219678960851
2026-07-07,168,-117.60000000000764,1.5120000000000002,-119.11200000000764,126378.69099999986,-0.000941613191495569
2026-07-08,170,-108.79999999999768,1.5300000000000002,-110.32999999999768,126268.36099999986,-0.0008730110996322774
2026-07-09,168,65.51999999999771,1.5120000000000002,64.00799999999771,126332.36899999986,0.0005069203361244055
2026-07-10,0,0.0,0.0,0.0,126332.36899999986,0.0
2026-07-13,167,-187.04000000000076,3.0060000000000002,-190.04600000000076,126142.32299999986,-0.0015043333826820027
2026-07-14,0,0.0,0.0,0.0,126142.32299999986,0.0
2026-07-15,0,0.0,0.0,0.0,126142.32299999986,0.0
2026-07-16,167,-305.61000000000683,1.5030000000000001,-307.1130000000068,125835.20999999985,-0.0024346547034812985
2026-07-17,0,0.0,0.0,0.0,125835.20999999985,0.0
2026-07-20,0,0.0,0.0,0.0,125835.20999999985,0.0
2026-07-21,168,17.640000000003056,1.5120000000000002,16.128000000003055,125851.33799999984,0.00012816762494379018
2026-07-22,0,0.0,0.0,0.0,125851.33799999984,0.0
2026-07-23,170,-328.95000000001005,1.5300000000000002,-330.48000000001,125520.85799999983,-0.0026259553950869433
2026-07-24,169,-261.9500000000115,1.5210000000000001,-263.47100000001154,125257.38699999983,-0.002099021662200651
2026-07-27,168,-288.9600000000046,1.5120000000000002,-290.4720000000046,124966.91499999982,-0.0023190009544108163
2026-07-28,169,-741.9099999999977,6.0840000000000005,-747.9939999999976,124218.92099999983,-0.005985536251735099
2026-07-29,167,1219.0999999999924,3.0060000000000002,1216.0939999999923,125435.01499999982,0.009789925642648224
2026-07-30,170,511.69999999999845,1.5300000000000002,510.1699999999985,125945.18499999982,0.00406720563632092
2026-07-31,169,-117.45500000000845,1.5210000000000001,-118.97600000000845,125826.20899999981,-0.00094466493498746
2026-08-03,167,713.089999999997,1.5030000000000001,711.5869999999969,126537.79599999981,0.0056553162147641115
2026-08-04,166,1283.180000000003,1.4940000000000002,1281.686000000003,127819.48199999981,0.010128878805507288
2026-08-05,0,0.0,0.0,0.0,127819.48199999981,0.0
2026-08-06,0,0.0,0.0,0.0,127819.48199999981,0.0
2026-08-07,0,0.0,0.0,0.0,127819.48199999981,0.0
2026-08-10,0,0.0,0.0,0.0,127819.48199999981,0.0
2026-08-11,165,-89.925000000012,1.485,-91.410000000012,127728.0719999998,-0.0007151491976787399
2026-08-12,0,0.0,0.0,0.0,127728.0719999998,0.0
2026-08-13,164,-235.3400000000097,1.4760000000000002,-236.8160000000097,127491.25599999979,-0.0018540638427550216
2026-08-14,0,0.0,0.0,0.0,127491.25599999979,0.0
2026-08-17,0,0.0,0.0,0.0,127491.25599999979,0.0
2026-08-18,0,0.0,0.0,0.0,127491.25599999979,0.0
2026-08-19,0,0.0,0.0,0.0,127491.25599999979,0.0
2026-08-20,0,0.0,0.0,0.0,127491.25599999979,0.0
2026-08-21,0,0.0,0.0,0.0,127491.25599999979,0.0
2026-08-24,166,-128.6500000000151,1.4940000000000002,-130.1440000000151,127361.11199999978,-0.0010208072622644435
2026-08-25,0,0.0,0.0,0.0,127361.11199999978,0.0
2026-08-26,166,-262.2800000000068,1.4940000000000002,-263.7740000000068,127097.33799999977,-0.002071071741270658
2026-08-27,165,-156.74999999998875,1.485,-158.23499999998876,126939.10299999978,-0.0012449906700641444
2026-08-28,164,-706.0200000000104,4.428000000000001,-710.4480000000104,126228.65499999978,-0.005596762409767553
2026-08-31,164,-88.55999999999403,4.428000000000001,-92.98799999999403,126135.66699999978,-0.0007366631609914103
2026-09-01,0,0.0,0.0,0.0,126135.66699999978,0.0
2026-09-02,165,-18.15000000000225,1.485,-19.63500000000225,126116.03199999977,-0.00015566572458844877
2026-09-03,164,-111.5199999999918,2.9520000000000004,-114.4719999999918,126001.55999999978,-0.000907672071382582
2026-09-04,163,-330.889999999977,4.401000000000001,-335.29099999997703,125666.2689999998,-0.0026610067367418117
2026-09-08,163,59.495000000038544,4.401000000000001,55.09400000003854,125721.36299999984,0.0004384151804494063
2026-09-09,164,-213.19999999999254,1.4760000000000002,-214.67599999999254,125506.68699999985,-0.001707553870538238
2026-09-10,165,-313.49999999999625,1.485,-314.98499999999626,125191.70199999984,-0.002509706913066685
2026-09-11,163,-370.8249999999963,1.467,-372.2919999999963,124819.40999999984,-0.0029737753705113518
2026-09-14,0,0.0,0.0,0.0,124819.40999999984,0.0
2026-09-15,164,9.840000000009695,1.4760000000000002,8.364000000009694,124827.77399999986,6.700880896656781e-05
2026-09-16,164,-21.319999999999254,1.4760000000000002,-22.795999999999253,124804.97799999986,-0.00018261961476617598
2026-09-17,0,0.0,0.0,0.0,124804.97799999986,0.0
2026-09-18,163,-102.68999999999926,2.934,-105.62399999999926,124699.35399999986,-0.0008463123962891879
2026-09-21,162,945.2700000000059,1.4580000000000002,943.8120000000059,125643.16599999987,0.007568699995029702
2026-09-22,0,0.0,0.0,0.0,125643.16599999987,0.0
2026-09-23,162,243.0,2.9160000000000004,240.084,125883.24999999987,0.0019108401009251888
2026-09-24,0,0.0,0.0,0.0,125883.24999999987,0.0
2026-09-25,163,-277.91499999998814,2.934,-280.84899999998817,125602.40099999988,-0.002231027559266133
2026-09-28,163,-728.6100000000044,1.467,-730.0770000000044,124872.32399999988,-0.0058126038530107805
2026-09-29,162,-213.02999999999042,2.9160000000000004,-215.94599999999042,124656.37799999988,-0.001729334355945763
2026-09-30,162,-106.10999999999558,2.9160000000000004,-109.02599999999558,124547.35199999988,-0.0008746122881895035
2026-10-01,162,-20.25,1.4580000000000002,-21.708,124525.64399999988,-0.00017429515482593333
2026-10-02,0,0.0,0.0,0.0,124525.64399999988,0.0
