date,shares,gross,costs,pnl,aum,ret
2020-08-18,0,0.0,0.0,0.0,100000.0,0.0
2020-08-19,0,0.0,0.0,0.0,100000.0,0.0
2020-08-20,0,0.0,0.0,0.0,100000.0,0.0
2020-08-24,0,0.0,0.0,0.0,100000.0,0.0
2020-08-25,0,0.0,0.0,0.0,100000.0,0.0
2020-08-26,977,1582.7400000000043,8.793000000000001,1573.9470000000044,101573.947,0.015739470000000044
2020-08-27,950,-1852.499999999989,25.650000000000002,-1878.1499999999892,99695.797,-0.018490469805214807
2020-08-28,0,0.0,0.0,0.0,99695.797,0.0
2020-08-31,924,-600.599999999979,8.316,-608.915999999979,99086.88100000002,-0.006107739928093247
2020-09-01,885,677.024999999988,15.930000000000001,661.0949999999881,99747.97600000001,0.006671872132093732
2020-09-02,857,1825.4099999999962,7.713000000000001,1817.6969999999963,101565.67300000001,0.018222896071595437
2020-09-03,798,5713.679999999975,7.182000000000001,5706.497999999975,107272.17099999999,0.05618530189821097
2020-09-04,502,958.8200000000126,9.036000000000001,949.7840000000126,108221.955,0.008853964557126497
2020-09-08,525,-362.2499999999988,4.7250000000000005,-366.97499999999883,107854.98,-0.0033909477979768413
2020-09-09,443,753.0999999999949,3.9870000000000005,749.1129999999949,108604.093,0.006945557822179328
2020-09-10,413,1532.2299999999916,3.7170000000000005,1528.5129999999915,110132.60599999999,0.014074174902413592
2020-09-11,408,-342.7199999999898,3.6720000000000006,-346.3919999999898,109786.21399999999,-0.003145226582579821
2020-09-14,405,220.72500000000645,3.6450000000000005,217.08000000000644,110003.294,0.0019772974410066316
2020-09-15,0,0.0,0.0,0.0,110003.294,0.0
2020-09-16,0,0.0,0.0,0.0,110003.294,0.0
2020-09-17,0,0.0,0.0,0.0,110003.294,0.0
2020-09-18,415,834.1499999999962,7.470000000000001,826.6799999999962,110829.97399999999,0.007515047685753813
2020-09-21,426,-1099.079999999993,7.668000000000001,-1106.747999999993,109723.226,-0.009985998913976044
2020-09-22,0,0.0,0.0,0.0,109723.226,0.0
2020-09-23,411,1196.0100000000105,7.398000000000001,1188.6120000000105,110911.838,0.010832820391190563
2020-09-24,437,-760.380000000004,3.9330000000000003,-764.313000000004,110147.525,-0.006891176034789036
2020-09-25,491,1193.1300000000033,4.4190000000000005,1188.7110000000032,111336.236,0.01079199010599651
2020-09-28,0,0.0,0.0,0.0,111336.236,0.0
2020-09-29,478,-219.87999999999022,4.3020000000000005,-224.1819999999902,111112.05400000002,-0.0020135582812408907
2020-09-30,522,391.5,4.698,386.802,111498.85600000001,0.0034811884586347396
2020-10-01,0,0.0,0.0,0.0,111498.85600000001,0.0
2020-10-02,0,0.0,0.0,0.0,111498.85600000001,0.0
2020-10-06,0,0.0,0.0,0.0,111498.85600000001,0.0
2020-10-12,536,332.32000000000244,4.824000000000001,327.4960000000024,111826.35200000001,0.0029372139925812548
2020-10-13,0,0.0,0.0,0.0,111826.35200000001,0.0
2020-10-14,347,69.39999999999606,3.123,66.27699999999605,111892.62900000002,0.0005926778332176663
2020-10-15,0,0.0,0.0,0.0,111892.62900000002,0.0
2020-10-16,369,-284.1299999999933,3.321,-287.4509999999933,111605.17800000003,-0.0025689895980546963
2020-10-19,369,66.42000000000252,3.321,63.09900000000252,111668.27700000003,0.0005653769935298387
2020-10-20,393,-369.4199999999991,7.074000000000001,-376.4939999999991,111291.78300000002,-0.003371539439083483
2020-10-21,392,-133.28000000001248,3.5280000000000005,-136.80800000001247,111154.975,-0.0012292731440919807
2020-10-22,0,0.0,0.0,0.0,111154.975,0.0
2020-10-23,0,0.0,0.0,0.0,111154.975,0.0
2020-10-26,415,45.65000000000566,3.7350000000000003,41.91500000000566,111196.89000000001,0.0003770861358207823
2020-10-27,0,0.0,0.0,0.0,111196.89000000001,0.0
2020-10-28,406,844.4799999999935,3.6540000000000004,840.8259999999935,112037.716,0.007561596371984805
2020-10-29,365,773.8000000000017,3.2850000000000006,770.5150000000017,112808.231,0.006877282289474749
2020-10-30,362,-1183.7399999999934,6.516000000000001,-1190.2559999999935,111617.975,-0.01055114497806453
2020-11-02,594,-819.7199999999973,5.346000000000001,-825.0659999999973,110792.90900000001,-0.0073918739342834095
2020-11-03,547,525.1199999999887,9.846000000000002,515.2739999999887,111308.183,0.004650785006466331
2020-11-04,488,646.5999999999945,4.392,642.2079999999944,111950.391,0.005769638697632809
2020-11-05,429,-227.3699999999883,3.8610000000000007,-231.23099999998828,111719.16000000002,-0.002065477377385741
2020-11-06,401,-531.3249999999955,3.6090000000000004,-534.9339999999955,111184.22600000002,-0.004788202847210769
2020-11-09,0,0.0,0.0,0.0,111184.22600000002,0.0
2020-11-10,0,0.0,0.0,0.0,111184.22600000002,0.0
2020-11-11,0,0.0,0.0,0.0,111184.22600000002,0.0
2020-11-12,402,-325.62000000002377,7.236000000000001,-332.85600000002376,110851.37,-0.0029937340212272887
2020-11-13,0,0.0,0.0,0.0,110851.37,0.0
2020-11-16,0,0.0,0.0,0.0,110851.37,0.0
2020-11-17,408,-387.60000000001855,3.6720000000000006,-391.2720000000186,110460.09799999998,-0.0035296992720975718
2020-11-18,0,0.0,0.0,0.0,110460.09799999998,0.0
2020-11-19,0,0.0,0.0,0.0,110460.09799999998,0.0
2020-11-20,0,0.0,0.0,0.0,110460.09799999998,0.0
2020-11-23,0,0.0,0.0,0.0,110460.09799999998,0.0
2020-11-24,564,451.2000000000064,5.0760000000000005,446.1240000000064,110906.222,0.0040387796867607925
2020-11-25,600,-362.9999999999768,10.8,-373.7999999999768,110532.42200000002,-0.003370415052096688
2020-11-30,665,63.175000000018144,5.985,57.190000000018145,110589.61200000004,0.0005174047484458283
2020-12-01,660,-828.299999999997,17.820000000000004,-846.119999999997,109743.49200000004,-0.007650989859698547
2020-12-07,0,0.0,0.0,0.0,109743.49200000004,0.0
2020-12-08,659,-105.44000000001648,11.862000000000002,-117.30200000001648,109626.19000000003,-0.0010688743164835362
2020-12-09,659,991.794999999997,5.931000000000001,985.863999999997,110612.05400000003,0.008992960532515056
2020-12-10,0,0.0,0.0,0.0,110612.05400000003,0.0
2020-12-11,728,-462.2799999999934,6.5520000000000005,-468.8319999999934,110143.22200000004,-0.00423852539615613
2020-12-14,771,-1102.5300000000052,6.939000000000001,-1109.4690000000053,109033.75300000003,-0.010072966632481525
2020-12-15,769,-211.47500000002623,6.921000000000001,-218.39600000002622,108815.357,-0.0020030127734851624
2020-12-16,0,0.0,0.0,0.0,108815.357,0.0
2020-12-17,0,0.0,0.0,0.0,108815.357,0.0
2020-12-18,847,440.4399999999846,7.623000000000001,432.8169999999846,109248.17399999998,0.003977536001650802
2020-12-21,796,-1802.9399999999891,7.164000000000001,-1810.1039999999891,107438.06999999999,-0.01656873459505135
2020-12-22,0,0.0,0.0,0.0,107438.06999999999,0.0
2020-12-29,0,0.0,0.0,0.0,107438.06999999999,0.0
2020-12-30,0,0.0,0.0,0.0,107438.06999999999,0.0
2020-12-31,0,0.0,0.0,0.0,107438.06999999999,0.0
2021-01-04,878,3195.9199999999882,7.902000000000001,3188.017999999988,110626.08799999997,0.029673075847322913
2021-01-05,799,-263.6700000000327,14.382000000000001,-278.0520000000327,110348.03599999993,-0.0025134396870296343
2021-01-06,814,1815.2200000000148,7.3260000000000005,1807.8940000000148,112155.92999999995,0.016383563002426393
2021-01-07,801,696.8700000000036,7.2090000000000005,689.6610000000037,112845.59099999996,0.006149126488452318
2021-01-08,0,0.0,0.0,0.0,112845.59099999996,0.0
2021-01-11,0,0.0,0.0,0.0,112845.59099999996,0.0
2021-01-12,0,0.0,0.0,0.0,112845.59099999996,0.0
2021-01-13,0,0.0,0.0,0.0,112845.59099999996,0.0
2021-01-15,778,-602.9499999999823,7.002000000000001,-609.9519999999823,112235.63899999998,-0.005405191240479945
2021-01-19,0,0.0,0.0,0.0,112235.63899999998,0.0
2021-01-20,733,201.57499999998333,13.194,188.38099999998335,112424.01999999996,0.0016784419073872193
2021-01-21,0,0.0,0.0,0.0,112424.01999999996,0.0
2021-01-22,0,0.0,0.0,0.0,112424.01999999996,0.0
2021-01-25,705,-1247.8499999999872,6.345000000000001,-1254.1949999999872,111169.82499999997,-0.01115593447023143
2021-01-26,0,0.0,0.0,0.0,111169.82499999997,0.0
2021-01-27,819,2072.0700000000243,14.742,2057.328000000024,113227.15299999999,0.018506172875598435
2021-01-28,598,1046.5,5.382000000000001,1041.118,114268.271,0.009194949907466101
2021-01-29,598,275.07999999998776,5.382000000000001,269.69799999998776,114537.96899999998,0.002360217737082832
2021-02-01,570,-5.699999999994816,5.130000000000001,-10.829999999994817,114527.13899999998,-9.455379813828215e-05
2021-02-02,516,203.8199999999906,4.644,199.1759999999906,114726.31499999997,0.001739116175773767
2021-02-03,0,0.0,0.0,0.0,114726.31499999997,0.0
2021-02-04,491,414.8950000000134,8.838000000000001,406.0570000000134,115132.37199999999,0.003539353634778677
2021-02-05,0,0.0,0.0,0.0,115132.37199999999,0.0
2021-02-08,0,0.0,0.0,0.0,115132.37199999999,0.0
2021-02-09,0,0.0,0.0,0.0,115132.37199999999,0.0
2021-02-10,0,0.0,0.0,0.0,115132.37199999999,0.0
2021-02-11,0,0.0,0.0,0.0,115132.37199999999,0.0
2021-02-12,0,0.0,0.0,0.0,115132.37199999999,0.0
2021-02-16,0,0.0,0.0,0.0,115132.37199999999,0.0
2021-02-17,0,0.0,0.0,0.0,115132.37199999999,0.0
2021-02-18,676,-287.3000000000077,6.0840000000000005,-293.3840000000077,114838.98799999998,-0.002548232047195273
2021-02-19,0,0.0,0.0,0.0,114838.98799999998,0.0
2021-02-22,0,0.0,0.0,0.0,114838.98799999998,0.0
2021-02-23,1035,-6122.0250000000215,27.945000000000004,-6149.970000000021,108689.01799999997,-0.05355297975980093
2021-02-24,1125,3813.7499999999845,10.125000000000002,3803.6249999999845,112492.64299999995,0.034995485928486225
2021-02-25,1064,4995.480000000053,19.152,4976.328000000053,117468.971,0.04423691956459815
2021-02-26,744,-2864.400000000017,6.696000000000001,-2871.096000000017,114597.87499999999,-0.024441313953452583
2021-03-01,726,1851.3000000000084,6.534000000000001,1844.7660000000083,116442.64099999999,0.016097733051332833
2021-03-02,570,-404.70000000002074,5.130000000000001,-409.83000000002073,116032.81099999997,-0.003519586952687038
2021-03-03,564,84.60000000001924,15.228000000000002,69.37200000001923,116102.18299999999,0.0005978653744760113
2021-03-04,545,130.80000000000496,4.905,125.89500000000496,116228.078,0.0010843465363610343
2021-03-05,531,-307.97999999999155,9.558000000000002,-317.53799999999154,115910.54000000001,-0.0027320248726817246
2021-03-08,476,-2277.659999999985,12.852000000000002,-2290.5119999999847,113620.02800000002,-0.01976103294834089
2021-03-09,464,-187.91999999998734,4.176,-192.09599999998733,113427.93200000003,-0.0016906878424637185
2021-03-10,0,0.0,0.0,0.0,113427.93200000003,0.0
2021-03-11,428,252.52000000001362,3.8520000000000003,248.66800000001362,113676.60000000005,0.0021922995122578234
2021-03-12,0,0.0,0.0,0.0,113676.60000000005,0.0
2021-03-15,0,0.0,0.0,0.0,113676.60000000005,0.0
2021-03-16,0,0.0,0.0,0.0,113676.60000000005,0.0
2021-03-17,0,0.0,0.0,0.0,113676.60000000005,0.0
2021-03-18,0,0.0,0.0,0.0,113676.60000000005,0.0
2021-03-19,485,-164.90000000001544,4.365,-169.26500000001545,113507.33500000004,-0.0014890047731900443
2021-03-22,563,343.4300000000077,10.134,333.29600000000767,113840.63100000004,0.0029363388718447805
2021-03-23,566,-135.84000000000515,5.094,-140.93400000000514,113699.69700000003,-0.0012379938407053022
2021-03-24,0,0.0,0.0,0.0,113699.69700000003,0.0
2021-03-25,642,121.97999999999854,5.7780000000000005,116.20199999999853,113815.89900000003,0.0010220080006017825
2021-03-26,728,1364.9999999999586,19.656000000000002,1345.3439999999587,115161.24299999999,0.011820352093339422
2021-03-29,672,-604.7999999999847,6.048000000000001,-610.8479999999847,114550.395,-0.005304284532600823
2021-03-30,0,0.0,0.0,0.0,114550.395,0.0
2021-03-31,725,-580.0000000000082,13.05,-593.0500000000081,113957.345,-0.005177197337468876
2021-04-01,757,-98.40999999999656,20.439000000000004,-118.84899999999656,113838.496,-0.0010429253156081916
2021-04-05,698,1179.6199999999985,6.282000000000001,1173.3379999999986,115011.834,0.010307040598990333
2021-04-06,0,0.0,0.0,0.0,115011.834,0.0
2021-04-07,0,0.0,0.0,0.0,115011.834,0.0
2021-04-08,0,0.0,0.0,0.0,115011.834,0.0
2021-04-09,765,546.9749999999808,13.770000000000001,533.2049999999808,115545.03899999999,0.004636088143764239
2021-04-12,0,0.0,0.0,0.0,115545.03899999999,0.0
2021-04-14,800,-380.0000000000182,7.200000000000001,-387.2000000000182,115157.83899999998,-0.0033510742075219535
2021-04-15,872,344.4400000000337,7.848000000000001,336.5920000000337,115494.43100000001,0.0029228752720866337
2021-04-16,0,0.0,0.0,0.0,115494.43100000001,0.0
2021-04-19,919,-1341.7400000000334,24.813000000000002,-1366.5530000000335,114127.87799999998,-0.011832198212224046
2021-04-20,979,48.95000000001113,8.811000000000002,40.13900000001113,114168.01699999999,0.00035170197416630437
2021-04-21,881,2290.59999999997,7.929000000000001,2282.67099999997,116450.68799999997,0.019993962056816403
2021-04-22,884,-671.839999999992,7.956000000000001,-679.795999999992,115770.89199999998,-0.005837629744188305
2021-04-23,780,1950.0,7.0200000000000005,1942.98,117713.87199999997,0.0167829751195145
2021-04-26,0,0.0,0.0,0.0,117713.87199999997,0.0
2021-04-27,0,0.0,0.0,0.0,117713.87199999997,0.0
2021-04-28,0,0.0,0.0,0.0,117713.87199999997,0.0
2021-04-29,0,0.0,0.0,0.0,117713.87199999997,0.0
2021-04-30,0,0.0,0.0,0.0,117713.87199999997,0.0
2021-05-03,0,0.0,0.0,0.0,117713.87199999997,0.0
2021-05-04,857,68.56000000003507,7.713000000000001,60.847000000035074,117774.71900000001,0.0005169059429124469
2021-05-05,0,0.0,0.0,0.0,117774.71900000001,0.0
2021-05-06,908,-1012.4200000000083,16.344,-1028.7640000000083,116745.955,-0.00873501553419124
2021-05-07,854,760.0599999999883,15.372000000000002,744.6879999999884,117490.643,0.0063787049409976425
2021-05-10,843,1441.5300000000307,7.587000000000001,1433.9430000000307,118924.58600000002,0.012204742125720008
2021-05-11,842,-1726.1000000000095,7.578000000000001,-1733.6780000000094,117190.90800000001,-0.014577961196350173
2021-05-12,831,3191.039999999979,7.479000000000001,3183.5609999999792,120374.46899999998,0.027165597180968844
2021-05-13,688,-1393.2000000000626,18.576,-1411.7760000000626,118962.69299999993,-0.011728201268327612
2021-05-14,660,547.7999999999895,11.88,535.9199999999895,119498.61299999991,0.004504941729925278
2021-05-17,0,0.0,0.0,0.0,119498.61299999991,0.0
2021-05-18,0,0.0,0.0,0.0,119498.61299999991,0.0
2021-05-19,0,0.0,0.0,0.0,119498.61299999991,0.0
2021-05-20,597,1185.0450000000083,5.373,1179.6720000000082,120678.28499999992,0.009871846797083821
2021-05-21,574,-815.0800000000091,5.166,-820.2460000000092,119858.0389999999,-0.006796964342010742
2021-05-24,571,139.8950000000026,10.278,129.6170000000026,119987.6559999999,0.001081420996717648
2021-05-25,0,0.0,0.0,0.0,119987.6559999999,0.0
2021-05-26,0,0.0,0.0,0.0,119987.6559999999,0.0
2021-05-27,0,0.0,0.0,0.0,119987.6559999999,0.0
2021-05-28,0,0.0,0.0,0.0,119987.6559999999,0.0
2021-06-01,0,0.0,0.0,0.0,119987.6559999999,0.0
2021-06-02,0,0.0,0.0,0.0,119987.6559999999,0.0
2021-06-03,0,0.0,0.0,0.0,119987.6559999999,0.0
2021-06-04,920,105.80000000000837,16.560000000000002,89.24000000000837,120076.8959999999,0.0007437431730478045
2021-06-07,1058,179.86000000001684,9.522,170.33800000001685,120247.23399999992,0.0014185743109150404
2021-06-08,1068,-1196.1600000000049,9.612000000000002,-1205.772000000005,119041.46199999991,-0.010027440631191613
2021-06-09,0,0.0,0.0,0.0,119041.46199999991,0.0
2021-06-10,1125,-556.8750000000051,10.125000000000002,-567.0000000000051,118474.46199999991,-0.004763046340946363
2021-06-11,0,0.0,0.0,0.0,118474.46199999991,0.0
2021-06-14,1116,-680.7600000000152,30.132000000000005,-710.8920000000153,117763.56999999989,-0.006000381753158042
2021-06-15,1107,-675.2700000000151,19.926000000000002,-695.1960000000151,117068.37399999988,-0.00590331967687474
2021-06-16,1102,551.0,9.918000000000001,541.082,117609.45599999987,0.004621931453494012
2021-06-17,1115,-2007.0000000000127,10.035000000000002,-2017.0350000000128,115592.42099999986,-0.01715027914082023
2021-06-18,1108,-2105.200000000038,19.944000000000003,-2125.144000000038,113467.27699999981,-0.018384803965651352
2021-06-21,934,2680.5800000000045,8.406,2672.1740000000045,116139.45099999981,0.023550172971895756
2021-06-22,783,892.6199999999893,7.047000000000001,885.5729999999893,117025.0239999998,0.007625083400816065
2021-06-23,0,0.0,0.0,0.0,117025.0239999998,0.0
2021-06-24,0,0.0,0.0,0.0,117025.0239999998,0.0
2021-06-25,0,0.0,0.0,0.0,117025.0239999998,0.0
2021-06-28,0,0.0,0.0,0.0,117025.0239999998,0.0
2021-06-29,0,0.0,0.0,0.0,117025.0239999998,0.0
2021-06-30,0,0.0,0.0,0.0,117025.0239999998,0.0
2021-07-01,807,540.6900000000128,14.526000000000002,526.1640000000128,117551.18799999982,0.004496166563486573
2021-07-02,792,419.7599999999784,7.128000000000001,412.6319999999784,117963.8199999998,0.003510232495480854
2021-07-06,765,963.899999999993,6.885000000000001,957.014999999993,118920.8349999998,0.008112784072268892
2021-07-07,0,0.0,0.0,0.0,118920.8349999998,0.0
2021-07-08,0,0.0,0.0,0.0,118920.8349999998,0.0
2021-07-09,747,1494.0,6.723000000000001,1487.277,120408.1119999998,0.012506445989889009
2021-07-12,992,-218.24000000002707,26.784000000000002,-245.02400000002706,120163.08799999977,-0.0020349459511500973
2021-07-13,0,0.0,0.0,0.0,120163.08799999977,0.0
2021-07-14,0,0.0,0.0,0.0,120163.08799999977,0.0
2021-07-15,1105,-1303.9000000000076,9.945,-1313.8450000000075,118849.24299999977,-0.01093384850429285
2021-07-16,1090,1433.3500000000595,19.62,1413.7300000000596,120262.97299999982,0.011895153593869019
2021-07-19,1026,-2021.220000000028,18.468000000000004,-2039.688000000028,118223.2849999998,-0.01696023263951766
2021-07-20,790,2235.6999999999875,7.110000000000001,2228.5899999999874,120451.87499999978,0.018850685801870513
2021-07-21,681,-401.7900000000217,6.1290000000000004,-407.9190000000217,120043.95599999976,-0.0033865724381627305
2021-07-22,0,0.0,0.0,0.0,120043.95599999976,0.0
2021-07-23,659,-461.2999999999925,11.862000000000002,-473.16199999999253,119570.79399999976,-0.003941572868524872
2021-07-26,0,0.0,0.0,0.0,119570.79399999976,0.0
2021-07-27,645,416.02500000002493,5.805000000000001,410.2200000000249,119981.01399999979,0.003430770895441455
2021-07-28,0,0.0,0.0,0.0,119981.01399999979,0.0
2021-07-29,669,56.86499999998631,12.042000000000002,44.82299999998631,120025.83699999978,0.00037358410723205244
2021-07-30,0,0.0,0.0,0.0,120025.83699999978,0.0
2021-08-02,0,0.0,0.0,0.0,120025.83699999978,0.0
2021-08-03,702,-410.67000000002554,12.636000000000001,-423.30600000002556,119602.53099999976,-0.003526790652582796
2021-08-04,0,0.0,0.0,0.0,119602.53099999976,0.0
2021-08-05,0,0.0,0.0,0.0,119602.53099999976,0.0
2021-08-06,0,0.0,0.0,0.0,119602.53099999976,0.0
2021-08-09,888,-39.95999999996366,7.992000000000001,-47.95199999996366,119554.5789999998,-0.00040092797032835166
2021-08-10,1075,-940.625,9.675,-950.3,118604.27899999979,-0.007948670874412946
2021-08-11,0,0.0,0.0,0.0,118604.27899999979,0.0
2021-08-12,1069,245.86999999995868,9.621,236.24899999995867,118840.52799999974,0.0019919095836328053
2021-08-13,0,0.0,0.0,0.0,118840.52799999974,0.0
2021-08-16,1069,-411.5649999999903,9.621,-421.18599999999026,118419.34199999976,-0.003544127639688635
2021-08-17,1066,-37.31000000002666,9.594000000000001,-46.90400000002666,118372.43799999973,-0.00039608394378704416
2021-08-18,1068,2376.299999999964,9.612000000000002,2366.6879999999637,120739.1259999997,0.019993573166077472
2021-08-19,1071,-2565.0450000000415,19.278000000000002,-2584.3230000000412,118154.80299999965,-0.021404188398713834
2021-08-20,1073,1663.1500000000121,9.657000000000002,1653.4930000000122,119808.29599999967,0.013994293570952145
2021-08-23,1010,929.2000000000161,9.090000000000002,920.110000000016,120728.40599999968,0.0076798521531432065
2021-08-24,0,0.0,0.0,0.0,120728.40599999968,0.0
2021-08-25,1057,-211.39999999998798,19.026000000000003,-230.425999999988,120497.97999999969,-0.0019086311799725792
2021-08-26,1074,714.210000000022,19.332,694.878000000022,121192.85799999972,0.005766719076950698
2021-08-27,1032,784.3200000000493,9.288,775.0320000000493,121967.88999999977,0.006395030307809484
2021-08-30,958,76.64000000003921,8.622000000000002,68.01800000003921,122035.9079999998,0.0005576713674397363
2021-08-31,945,-458.3250000000129,8.505,-466.8300000000129,121569.07799999979,-0.003825349502869382
2021-09-01,0,0.0,0.0,0.0,121569.07799999979,0.0
2021-09-02,0,0.0,0.0,0.0,121569.07799999979,0.0
2021-09-03,0,0.0,0.0,0.0,121569.07799999979,0.0
2021-09-07,930,-1288.0500000000443,16.740000000000002,-1304.7900000000443,120264.28799999975,-0.010732910222450208
2021-09-08,970,-1741.1500000000153,17.46,-1758.6100000000154,118505.67799999974,-0.014622877907031047
2021-09-09,1051,-451.9300000000072,18.918000000000003,-470.84800000000723,118034.82999999973,-0.003973210465071625
2021-09-10,1046,1056.46000000005,18.828000000000003,1037.63200000005,119072.46199999978,0.00879089672090901
2021-09-13,0,0.0,0.0,0.0,119072.46199999978,0.0
2021-09-14,1062,90.27000000003864,19.116000000000003,71.15400000003864,119143.61599999982,0.0005975688988444596
2021-09-15,1071,1986.7050000000195,9.639000000000001,1977.0660000000196,121120.68199999984,0.01659397344462017
2021-09-16,1067,464.1450000000024,9.603000000000002,454.5420000000024,121575.22399999984,0.0037528025147678993
2021-09-17,1093,2289.83500000003,9.837000000000002,2279.99800000003,123855.22199999988,0.018753804640327318
2021-09-20,1067,-1189.7050000000097,9.603000000000002,-1199.3080000000098,122655.91399999987,-0.009683144405489912
2021-09-21,0,0.0,0.0,0.0,122655.91399999987,0.0
2021-09-22,873,-1139.265000000006,15.714000000000002,-1154.979000000006,121500.93499999987,-0.009416415094342757
2021-09-23,763,579.8800000000365,6.867000000000001,573.0130000000365,122073.9479999999,0.004716120085825159
2021-09-24,0,0.0,0.0,0.0,122073.9479999999,0.0
2021-09-27,0,0.0,0.0,0.0,122073.9479999999,0.0
2021-09-28,685,2102.9499999999953,12.330000000000002,2090.6199999999953,124164.5679999999,0.017125848997691113
2021-09-29,0,0.0,0.0,0.0,124164.5679999999,0.0
2021-09-30,591,-886.5,5.319000000000001,-891.819,123272.7489999999,-0.0071825562989918405
2021-10-01,578,115.59999999999343,5.202000000000001,110.39799999999343,123383.14699999988,0.0008955588392045474
2021-10-04,538,742.4399999999976,4.8420000000000005,737.5979999999976,124120.74499999988,0.005978109798090969
2021-10-05,525,876.7500000000084,4.7250000000000005,872.0250000000084,124992.76999999989,0.0070256184814231435
2021-10-06,0,0.0,0.0,0.0,124992.76999999989,0.0
2021-10-07,504,241.91999999998052,4.5360000000000005,237.38399999998052,125230.15399999986,0.0018991818486779734
2021-10-08,0,0.0,0.0,0.0,125230.15399999986,0.0
2021-10-11,565,96.04999999997688,5.085000000000001,90.96499999997687,125321.11899999985,0.000726382561183922
2021-10-12,0,0.0,0.0,0.0,125321.11899999985,0.0
2021-10-13,0,0.0,0.0,0.0,125321.11899999985,0.0
2021-10-14,607,813.3799999999849,5.463000000000001,807.9169999999849,126129.03599999983,0.006446774545637323
2021-10-15,0,0.0,0.0,0.0,126129.03599999983,0.0
2021-10-18,0,0.0,0.0,0.0,126129.03599999983,0.0
2021-10-19,0,0.0,0.0,0.0,126129.03599999983,0.0
2021-10-20,0,0.0,0.0,0.0,126129.03599999983,0.0
2021-10-21,0,0.0,0.0,0.0,126129.03599999983,0.0
2021-10-22,0,0.0,0.0,0.0,126129.03599999983,0.0
2021-10-25,0,0.0,0.0,0.0,126129.03599999983,0.0
2021-10-26,0,0.0,0.0,0.0,126129.03599999983,0.0
2021-10-27,0,0.0,0.0,0.0,126129.03599999983,0.0
2021-10-28,923,895.3100000000252,16.614,878.6960000000252,127007.73199999986,0.006966643271578055
2021-10-29,0,0.0,0.0,0.0,127007.73199999986,0.0
2021-11-01,0,0.0,0.0,0.0,127007.73199999986,0.0
2021-11-02,1079,-625.8199999999829,38.844,-664.6639999999829,126343.06799999987,-0.005233256192622853
2021-11-03,1072,830.8000000000366,9.648000000000001,821.1520000000365,127164.2199999999,0.006499383092391246
2021-11-04,1092,-1173.8999999999876,9.828000000000001,-1183.7279999999876,125980.49199999991,-0.009308656161300628
2021-11-05,1073,-257.52000000000976,9.657000000000002,-267.17700000000974,125713.3149999999,-0.0021207807316708203
2021-11-08,0,0.0,0.0,0.0,125713.3149999999,0.0
2021-11-09,1070,-738.2999999999976,19.26,-757.5599999999976,124955.7549999999,-0.0060260919855625325
2021-11-10,1073,525.7700000000098,9.657000000000002,516.1130000000097,125471.86799999991,0.004130365984343899
2021-11-11,0,0.0,0.0,0.0,125471.86799999991,0.0
2021-11-12,1078,463.54000000000735,9.702000000000002,453.83800000000736,125925.70599999992,0.0036170498394110756
2021-11-15,0,0.0,0.0,0.0,125925.70599999992,0.0
2021-11-16,1077,-1023.1499999999878,19.386000000000003,-1042.5359999999878,124883.16999999993,-0.008278976811930587
2021-11-17,1065,-617.699999999983,9.585,-627.284999999983,124255.88499999994,-0.005022974673048285
2021-11-18,1059,-730.7099999999975,9.531,-740.2409999999975,123515.64399999994,-0.005957391877253925
2021-11-19,0,0.0,0.0,0.0,123515.64399999994,0.0
2021-11-22,1049,-618.9100000000334,9.441,-628.3510000000334,122887.2929999999,-0.005087217939778007
2021-11-23,1052,-5165.319999999967,28.404000000000003,-5193.723999999967,117693.56899999993,-0.042264125713957844
2021-11-24,0,0.0,0.0,0.0,117693.56899999993,0.0
2021-11-29,1014,-385.3199999999954,9.126000000000001,-394.44599999999537,117299.12299999993,-0.003351466043144597
2021-11-30,1015,1913.2749999999908,9.135000000000002,1904.1399999999908,119203.26299999992,0.016233198947275946
2021-12-01,784,1967.8399999999929,14.112000000000002,1953.7279999999928,121156.9909999999,0.016389886911065465
2021-12-02,750,1079.9999999999982,6.750000000000001,1073.2499999999982,122230.2409999999,0.008858341488523753
2021-12-03,632,1270.3199999999943,5.688000000000001,1264.6319999999942,123494.8729999999,0.010346310288302508
2021-12-06,626,-400.63999999999146,11.268,-411.9079999999915,123082.96499999991,-0.003335425916831315
2021-12-07,584,29.20000000000664,5.256,23.94400000000664,123106.90899999991,0.00019453545013322238
2021-12-08,0,0.0,0.0,0.0,123106.90899999991,0.0
2021-12-09,0,0.0,0.0,0.0,123106.90899999991,0.0
2021-12-10,0,0.0,0.0,0.0,123106.90899999991,0.0
2021-12-13,468,463.31999999997765,4.212000000000001,459.10799999997766,123566.01699999989,0.003729343898968156
2021-12-14,0,0.0,0.0,0.0,123566.01699999989,0.0
2021-12-15,462,332.6400000000126,8.316,324.32400000001263,123890.3409999999,0.0026247022269886137
2021-12-16,425,-91.37500000001353,3.8250000000000006,-95.20000000001353,123795.14099999989,-0.0007684214865468294
2021-12-17,428,-1660.639999999998,3.8520000000000003,-1664.4919999999981,122130.64899999989,-0.013445535798533479
2021-12-20,419,-263.9699999999981,3.7710000000000004,-267.7409999999981,121862.9079999999,-0.0021922506937631877
2021-12-21,437,528.7699999999911,3.9330000000000003,524.8369999999911,122387.74499999988,0.004306782175261988
2021-12-22,425,461.1249999999913,7.650000000000001,453.4749999999913,122841.21999999987,0.003705232088392443
2021-12-23,434,138.8800000000217,11.718000000000002,127.1620000000217,122968.3819999999,0.001035173698209948
2021-12-27,443,1134.080000000001,3.9870000000000005,1130.093000000001,124098.4749999999,0.009190110348853756
2021-12-28,0,0.0,0.0,0.0,124098.4749999999,0.0
2021-12-29,0,0.0,0.0,0.0,124098.4749999999,0.0
2021-12-30,0,0.0,0.0,0.0,124098.4749999999,0.0
2021-12-31,0,0.0,0.0,0.0,124098.4749999999,0.0
2022-01-03,0,0.0,0.0,0.0,124098.4749999999,0.0
2022-01-04,510,-433.5000000000116,4.590000000000001,-438.09000000001157,123660.3849999999,-0.003530180366841832
2022-01-05,525,2583.000000000008,4.7250000000000005,2578.2750000000083,126238.6599999999,0.020849643966416653
2022-01-06,0,0.0,0.0,0.0,126238.6599999999,0.0
2022-01-07,526,-1262.4000000000178,4.734000000000001,-1267.1340000000177,124971.52599999988,-0.010037606546203982
2022-01-10,569,-961.610000000031,10.242,-971.852000000031,123999.67399999985,-0.007776587444407392
2022-01-11,597,-1874.5799999999579,21.492,-1896.0719999999578,122103.6019999999,-0.015290943426189653
2022-01-12,0,0.0,0.0,0.0,122103.6019999999,0.0
2022-01-13,679,1941.9399999999707,6.111000000000001,1935.8289999999706,124039.43099999987,0.015853987665326797
2022-01-14,0,0.0,0.0,0.0,124039.43099999987,0.0
2022-01-18,766,-1041.7600000000107,20.682000000000002,-1062.4420000000107,122976.98899999986,-0.008565356930732872
2022-01-19,658,-2707.670000000006,11.844000000000001,-2719.514000000006,120257.47499999985,-0.022114007035901728
2022-01-20,642,-77.04000000000292,5.7780000000000005,-82.81800000000293,120174.65699999985,-0.000688672367351826
2022-01-21,634,1940.0400000000013,11.412,1928.6280000000013,122103.28499999984,0.016048541748698346
2022-01-24,606,-1327.1399999999985,5.454000000000001,-1332.5939999999985,120770.69099999985,-0.010913662150858596
2022-01-25,605,-3605.7999999999874,10.89,-3616.6899999999873,117154.00099999986,-0.02994675256101658
2022-01-26,0,0.0,0.0,0.0,117154.00099999986,0.0
2022-01-27,622,-3122.4399999999887,16.794,-3139.2339999999886,114014.76699999988,-0.02679578992782323
2022-01-28,618,12.359999999988759,22.248,-9.888000000011242,114004.87899999987,-8.672560809610963e-05
2022-01-31,438,2354.25,3.9420000000000006,2350.308,116355.18699999987,0.020615854519700008
2022-02-01,0,0.0,0.0,0.0,116355.18699999987,0.0
2022-02-02,0,0.0,0.0,0.0,116355.18699999987,0.0
2022-02-03,0,0.0,0.0,0.0,116355.18699999987,0.0
2022-02-04,366,-387.96000000000083,3.2940000000000005,-391.2540000000008,115963.93299999987,-0.0033625832254474504
2022-02-07,0,0.0,0.0,0.0,115963.93299999987,0.0
2022-02-08,378,-100.16999999999484,3.4020000000000006,-103.57199999999484,115860.36099999987,-0.0008931397661374158
2022-02-09,0,0.0,0.0,0.0,115860.36099999987,0.0
2022-02-10,0,0.0,0.0,0.0,115860.36099999987,0.0
2022-02-11,379,2429.389999999988,3.4110000000000005,2425.978999999988,118286.33999999987,0.02093881789303238
2022-02-14,364,-1139.3199999999777,6.5520000000000005,-1145.8719999999776,117140.46799999989,-0.009687272427230218
2022-02-15,368,-677.1199999999908,6.6240000000000006,-683.7439999999908,116456.7239999999,-0.00583695806986183
2022-02-16,0,0.0,0.0,0.0,116456.7239999999,0.0
2022-02-17,356,1246.0,9.612000000000002,1236.388,117693.1119999999,0.010616716300554711
2022-02-18,368,-1127.9199999999992,6.6240000000000006,-1134.5439999999992,116558.56799999991,-0.009639850461257241
2022-02-22,395,-268.6000000000027,3.5550000000000006,-272.1550000000027,116286.41299999991,-0.002334920586876144
2022-02-23,397,1198.9400000000153,7.146000000000001,1191.7940000000153,117478.20699999992,0.010248781171021383
2022-02-24,0,0.0,0.0,0.0,117478.20699999992,0.0
2022-02-25,407,2323.9699999999916,3.6630000000000003,2320.3069999999916,119798.51399999991,0.019750956873218137
2022-02-28,0,0.0,0.0,0.0,119798.51399999991,0.0
2022-03-01,371,-144.68999999999494,6.678000000000001,-151.36799999999494,119647.14599999992,-0.0012635215158010645
2022-03-02,369,343.1700000000025,3.321,339.8490000000025,119986.99499999992,0.0028404271339660934
2022-03-03,355,-244.9499999999992,3.1950000000000003,-248.1449999999992,119738.84999999992,-0.0020680991302432345
2022-03-04,375,-97.49999999999659,3.3750000000000004,-100.87499999999659,119637.97499999992,-0.0008424584000931749
2022-03-07,396,3274.919999999993,3.5640000000000005,3271.355999999993,122909.33099999992,0.027343792804918297
2022-03-08,368,-2771.040000000011,6.6240000000000006,-2777.6640000000107,120131.66699999991,-0.022599293132593914
2022-03-09,0,0.0,0.0,0.0,120131.66699999991,0.0
2022-03-10,0,0.0,0.0,0.0,120131.66699999991,0.0
2022-03-11,0,0.0,0.0,0.0,120131.66699999991,0.0
2022-03-14,346,-823.4799999999984,3.1140000000000003,-826.5939999999985,119305.07299999992,-0.006880733620386697
2022-03-15,347,-41.64000000000158,6.246,-47.88600000000158,119257.18699999992,-0.00040137438246235863
2022-03-16,328,355.88000000001193,2.9520000000000004,352.92800000001193,119610.11499999993,0.002959385584032031
2022-03-17,315,-362.24999999999284,2.8350000000000004,-365.0849999999928,119245.02999999994,-0.0030522920239646374
2022-03-18,0,0.0,0.0,0.0,119245.02999999994,0.0
2022-03-21,0,0.0,0.0,0.0,119245.02999999994,0.0
2022-03-22,330,39.6000000000015,2.97,36.6300000000015,119281.65999999995,0.00030718261381628667
2022-03-23,0,0.0,0.0,0.0,119281.65999999995,0.0
2022-03-24,330,-405.900000000006,2.97,-408.87000000000603,118872.78999999994,-0.0034277691977124248
2022-03-25,0,0.0,0.0,0.0,118872.78999999994,0.0
2022-03-28,0,0.0,0.0,0.0,118872.78999999994,0.0
2022-03-29,0,0.0,0.0,0.0,118872.78999999994,0.0
2022-03-30,0,0.0,0.0,0.0,118872.78999999994,0.0
2022-03-31,0,0.0,0.0,0.0,118872.78999999994,0.0
2022-04-01,0,0.0,0.0,0.0,118872.78999999994,0.0
2022-04-04,455,-95.55000000001655,12.285000000000002,-107.83500000001655,118764.95499999991,-0.0009071462022555086
2022-04-05,493,443.6999999999888,8.874,434.82599999998877,119199.7809999999,0.0036612315476395297
2022-04-06,521,-2190.8049999999917,14.067000000000002,-2204.8719999999917,116994.90899999991,-0.01849728230624848
2022-04-07,507,-273.7800000000104,4.563000000000001,-278.34300000001036,116716.5659999999,-0.002379103521504603
2022-04-08,509,-1005.2750000000406,13.743000000000002,-1019.0180000000406,115697.54799999986,-0.008730705802294092
2022-04-11,507,598.2600000000034,9.126000000000001,589.1340000000034,116286.68199999987,0.005092018026172898
2022-04-12,489,-1476.779999999991,13.203000000000001,-1489.982999999991,114796.69899999988,-0.01281301499341079
2022-04-13,511,1798.7199999999907,4.599,1794.1209999999908,116590.81999999986,0.015628681099967803
2022-04-14,532,1460.3400000000024,9.576,1450.7640000000024,118041.58399999986,0.012443209508261492
2022-04-18,0,0.0,0.0,0.0,118041.58399999986,0.0
2022-04-19,550,1859.0000000000286,4.95,1854.0500000000286,119895.63399999989,0.015706752969360617
2022-04-20,0,0.0,0.0,0.0,119895.63399999989,0.0
2022-04-21,526,1927.7899999999809,4.734000000000001,1923.055999999981,121818.68999999987,0.016039416414445774
2022-04-22,547,4501.809999999979,4.923000000000001,4496.886999999979,126315.57699999984,0.03691459003540412
2022-04-25,494,-1662.3100000000045,8.892000000000001,-1671.2020000000045,124644.37499999984,-0.01323037142125398
2022-04-26,493,2430.4900000000316,8.874,2421.616000000032,127065.99099999988,0.01942820123250676
2022-04-27,452,-3184.3400000000074,12.204,-3196.5440000000076,123869.44699999987,-0.02515656608698712
2022-04-28,431,905.1000000000098,3.8790000000000004,901.2210000000098,124770.66799999987,0.007275571352151194
2022-04-29,376,3462.9599999999923,3.3840000000000003,3459.5759999999923,128230.24399999986,0.02772747838458311
2022-05-02,344,-2149.9999999999804,6.192000000000001,-2156.1919999999805,126074.05199999988,-0.01681500348700875
2022-05-03,337,-508.86999999999694,3.0330000000000004,-511.90299999999695,125562.14899999989,-0.004060335904806148
2022-05-04,331,1734.440000000003,2.9790000000000005,1731.461000000003,127293.6099999999,0.013789673192038188
2022-05-05,299,2218.580000000005,2.6910000000000003,2215.889000000005,129509.49899999991,0.01740770019799114
2022-05-06,290,-917.8500000000059,2.6100000000000003,-920.460000000006,128589.0389999999,-0.007107277899360931
2022-05-09,292,-341.64000000000465,7.884000000000001,-349.52400000000466,128239.5149999999,-0.0027181476953102115
2022-05-10,0,0.0,0.0,0.0,128239.5149999999,0.0
2022-05-11,290,-672.8000000000145,5.220000000000001,-678.0200000000145,127561.49499999988,-0.005287137899734065
2022-05-12,0,0.0,0.0,0.0,127561.49499999988,0.0
2022-05-13,299,-728.0650000000007,5.382000000000001,-733.4470000000007,126828.04799999988,-0.005749752305740862
2022-05-16,0,0.0,0.0,0.0,126828.04799999988,0.0
2022-05-17,0,0.0,0.0,0.0,126828.04799999988,0.0
2022-05-18,281,1565.169999999998,5.058000000000001,1560.111999999998,128388.15999999987,0.012301001431481462
2022-05-19,0,0.0,0.0,0.0,128388.15999999987,0.0
2022-05-20,304,-238.6400000000076,2.736,-241.3760000000076,128146.78399999987,-0.0018800487521591386
2022-05-23,0,0.0,0.0,0.0,128146.78399999987,0.0
2022-05-24,296,651.1999999999966,2.664,648.5359999999966,128795.31999999986,0.005060883931351701
2022-05-25,0,0.0,0.0,0.0,128795.31999999986,0.0
2022-05-26,353,946.0400000000025,3.1770000000000005,942.8630000000024,129738.18299999986,0.0073206309049117894
2022-05-27,331,898.6650000000107,5.958000000000001,892.7070000000107,130630.88999999987,0.0068808347655062475
2022-05-31,350,-171.50000000000318,3.1500000000000004,-174.6500000000032,130456.23999999986,-0.0013369732074856365
2022-06-01,345,-167.3250000000047,3.1050000000000004,-170.4300000000047,130285.80999999985,-0.001306415086008955
2022-06-02,359,1220.5999999999917,3.2310000000000003,1217.3689999999917,131503.17899999986,0.00934383414433232
2022-06-03,0,0.0,0.0,0.0,131503.17899999986,0.0
2022-06-06,0,0.0,0.0,0.0,131503.17899999986,0.0
2022-06-07,0,0.0,0.0,0.0,131503.17899999986,0.0
2022-06-08,0,0.0,0.0,0.0,131503.17899999986,0.0
2022-06-09,482,1431.5400000000132,4.338,1427.2020000000132,132930.38099999988,0.01085298477841372
2022-06-10,447,-496.1699999999807,4.023000000000001,-500.1929999999807,132430.1879999999,-0.0037628192760538405
2022-06-13,404,-90.90000000000919,7.272000000000001,-98.17200000000919,132332.0159999999,-0.000741311339073303
2022-06-14,0,0.0,0.0,0.0,132332.0159999999,0.0
2022-06-15,368,-1137.1200000000117,3.3120000000000003,-1140.4320000000116,131191.5839999999,-0.008617959844275422
2022-06-16,365,-1352.3249999999941,13.140000000000002,-1365.4649999999942,129826.11899999989,-0.010408175268315957
2022-06-17,363,-1428.4050000000009,3.2670000000000003,-1431.672000000001,128394.44699999988,-0.011027611477779769
2022-06-21,397,-111.16000000001173,7.146000000000001,-118.30600000001174,128276.14099999987,-0.0009214261423627756
2022-06-22,0,0.0,0.0,0.0,128276.14099999987,0.0
2022-06-23,0,0.0,0.0,0.0,128276.14099999987,0.0
2022-06-24,354,2219.5799999999936,3.1860000000000004,2216.3939999999934,130492.53499999987,0.017278302751561538
2022-06-27,313,-75.11999999998505,2.817,-77.93699999998506,130414.59799999988,-0.0005972525554813165
2022-06-28,315,1537.1999999999985,2.8350000000000004,1534.3649999999984,131948.96299999987,0.011765285662269188
2022-06-29,0,0.0,0.0,0.0,131948.96299999987,0.0
2022-06-30,330,-787.049999999997,2.97,-790.019999999997,131158.94299999988,-0.00598731495904214
2022-07-01,0,0.0,0.0,0.0,131158.94299999988,0.0
2022-07-05,356,-868.639999999979,6.408,-875.047999999979,130283.8949999999,-0.006671660963293824
2022-07-06,0,0.0,0.0,0.0,130283.8949999999,0.0
2022-07-07,410,-262.4000000000177,14.760000000000002,-277.1600000000177,130006.73499999988,-0.002127354267386755
2022-07-08,0,0.0,0.0,0.0,130006.73499999988,0.0
2022-07-11,0,0.0,0.0,0.0,130006.73499999988,0.0
2022-07-12,0,0.0,0.0,0.0,130006.73499999988,0.0
2022-07-13,0,0.0,0.0,0.0,130006.73499999988,0.0
2022-07-14,544,-394.40000000001237,4.896000000000001,-399.2960000000124,129607.43899999987,-0.0030713485728259596
2022-07-15,0,0.0,0.0,0.0,129607.43899999987,0.0
2022-07-18,0,0.0,0.0,0.0,129607.43899999987,0.0
2022-07-19,643,2617.0099999999957,5.787000000000001,2611.222999999996,132218.66199999987,0.0201471691759915
2022-07-20,594,-1238.489999999988,5.346000000000001,-1243.835999999988,130974.82599999988,-0.009407416329776421
2022-07-21,585,-1778.3999999999787,10.530000000000001,-1788.9299999999787,129185.8959999999,-0.013658578939436655
2022-07-22,586,914.1600000000013,5.274000000000001,908.8860000000013,130094.7819999999,0.0070354893850022296
2022-07-25,0,0.0,0.0,0.0,130094.7819999999,0.0
2022-07-26,577,-201.95000000001312,10.386000000000001,-212.33600000001312,129882.4459999999,-0.0016321638480474433
2022-07-27,545,239.79999999996778,14.715000000000002,225.08499999996778,130107.53099999986,0.0017329901532649606
2022-07-28,484,-360.5800000000022,13.068000000000001,-373.6480000000022,129733.88299999986,-0.00287183990909798
2022-07-29,468,383.7599999999968,8.424000000000001,375.33599999999683,130109.21899999985,0.0028931223772898037
2022-08-01,0,0.0,0.0,0.0,130109.21899999985,0.0
2022-08-02,0,0.0,0.0,0.0,130109.21899999985,0.0
2022-08-03,487,1117.6649999999802,8.766000000000002,1108.89899999998,131218.11799999984,0.008522831883265561
2022-08-04,0,0.0,0.0,0.0,131218.11799999984,0.0
2022-08-05,0,0.0,0.0,0.0,131218.11799999984,0.0
2022-08-08,511,-229.9499999999942,4.599,-234.54899999999418,130983.56899999984,-0.0017874741962081368
2022-08-09,0,0.0,0.0,0.0,130983.56899999984,0.0
2022-08-10,0,0.0,0.0,0.0,130983.56899999984,0.0
2022-08-11,0,0.0,0.0,0.0,130983.56899999984,0.0
2022-08-12,548,1493.2999999999813,9.864,1483.4359999999813,132467.00499999983,0.011325359442602935
2022-08-15,0,0.0,0.0,0.0,132467.00499999983,0.0
2022-08-16,0,0.0,0.0,0.0,132467.00499999983,0.0
2022-08-17,0,0.0,0.0,0.0,132467.00499999983,0.0
2022-08-18,0,0.0,0.0,0.0,132467.00499999983,0.0
2022-08-19,716,297.14000000001465,12.888000000000002,284.2520000000147,132751.25699999984,0.0021458324659790946
2022-08-22,664,976.0799999999804,5.976000000000001,970.1039999999804,133721.36099999983,0.007307682216523054
2022-08-23,0,0.0,0.0,0.0,133721.36099999983,0.0
2022-08-24,623,-890.8900000000042,5.607000000000001,-896.4970000000042,132824.86399999983,-0.006704216837876824
2022-08-25,611,824.850000000014,10.998000000000001,813.852000000014,133638.71599999984,0.006127256414883399
2022-08-26,573,5346.089999999991,5.157000000000001,5340.932999999991,138979.64899999983,0.0399654618052451
2022-08-29,0,0.0,0.0,0.0,138979.64899999983,0.0
2022-08-30,472,859.0399999999968,4.248,854.7919999999967,139834.44099999982,0.006150483226504607
2022-08-31,0,0.0,0.0,0.0,139834.44099999982,0.0
2022-09-01,535,-540.3499999999951,4.815,-545.1649999999952,139289.2759999998,-0.0038986461139426725
2022-09-02,576,0.0,10.368000000000002,-10.368000000000002,139278.90799999982,-7.443501967804052e-05
2022-09-06,599,-2066.5499999999934,10.782000000000002,-2077.3319999999935,137201.57599999983,-0.014914907288043903
2022-09-07,605,3079.449999999985,5.445,3074.0049999999846,140275.5809999998,0.02240502689269392
2022-09-08,532,-130.33999999997218,4.788,-135.1279999999722,140140.45299999983,-0.0009633037983993263
2022-09-09,514,316.10999999997546,13.878000000000002,302.23199999997547,140442.68499999982,0.002156636385355311
2022-09-12,481,-269.3600000000011,4.329000000000001,-273.6890000000011,140168.9959999998,-0.001948759381807614
2022-09-13,509,1649.1600000000046,9.162,1639.9980000000046,141808.9939999998,0.011700148012760302
2022-09-14,0,0.0,0.0,0.0,141808.9939999998,0.0
2022-09-15,0,0.0,0.0,0.0,141808.9939999998,0.0
2022-09-16,425,-873.375000000003,3.8250000000000006,-877.200000000003,140931.7939999998,-0.006185785367040995
2022-09-19,0,0.0,0.0,0.0,140931.7939999998,0.0
2022-09-20,466,-554.5399999999989,4.194000000000001,-558.7339999999989,140373.0599999998,-0.003964570265812409
2022-09-21,0,0.0,0.0,0.0,140373.0599999998,0.0
2022-09-22,461,-956.575000000021,8.298000000000002,-964.873000000021,139408.18699999977,-0.006873633730005048
2022-09-23,466,-219.01999999998623,4.194000000000001,-223.2139999999862,139184.9729999998,-0.001601154170378721
2022-09-26,464,-700.6400000000222,8.352,-708.9920000000221,138475.98099999977,-0.005093883231202144
2022-09-27,457,-450.14500000000623,8.226,-458.37100000000623,138017.60999999975,-0.0033101119536391443
2022-09-28,500,2030.0000000000011,4.500000000000001,2025.5000000000011,140043.10999999975,0.014675663489608354
2022-09-29,467,-268.5249999999947,8.406,-276.9309999999947,139766.17899999977,-0.001977469652023546
2022-09-30,493,-1168.4099999999742,4.437,-1172.846999999974,138593.3319999998,-0.008391493624505367
2022-10-03,520,1112.8000000000225,4.680000000000001,1108.1200000000224,139701.45199999982,0.007995478454908812
2022-10-04,525,-301.87499999999403,14.175000000000002,-316.04999999999404,139385.40199999983,-0.002262324374409469
2022-10-05,0,0.0,0.0,0.0,139385.40199999983,0.0
2022-10-06,0,0.0,0.0,0.0,139385.40199999983,0.0
2022-10-07,447,1220.3100000000081,4.023000000000001,1216.2870000000082,140601.68899999984,0.008726071615448005
2022-10-10,430,-1339.450000000004,7.740000000000001,-1347.190000000004,139254.49899999984,-0.009581606092939648
2022-10-11,435,-93.52500000001385,3.9150000000000005,-97.44000000001385,139157.05899999983,-0.0006997260461941267
2022-10-12,0,0.0,0.0,0.0,139157.05899999983,0.0
2022-10-13,457,2545.489999999997,4.113,2541.376999999997,141698.43599999984,0.01826265241779794
2022-10-14,410,1752.7499999999907,3.6900000000000004,1749.0599999999906,143447.49599999984,0.012343537793176438
2022-10-17,403,-521.8850000000064,3.6270000000000002,-525.5120000000063,142921.98399999982,-0.003663444916459238
2022-10-18,0,0.0,0.0,0.0,142921.98399999982,0.0
2022-10-19,0,0.0,0.0,0.0,142921.98399999982,0.0
2022-10-20,397,-754.299999999991,3.5730000000000004,-757.872999999991,142164.11099999983,-0.00530270416621135
2022-10-21,405,919.3499999999926,7.290000000000001,912.0599999999927,143076.17099999983,0.006415543230879091
2022-10-24,0,0.0,0.0,0.0,143076.17099999983,0.0
2022-10-25,435,91.34999999996637,11.745000000000001,79.60499999996637,143155.77599999978,0.0005563819568526646
2022-10-26,0,0.0,0.0,0.0,143155.77599999978,0.0
2022-10-27,0,0.0,0.0,0.0,143155.77599999978,0.0
2022-10-28,482,3075.159999999998,4.338,3070.821999999998,146226.59799999977,0.021450912326443625
2022-10-31,0,0.0,0.0,0.0,146226.59799999977,0.0
2022-11-01,0,0.0,0.0,0.0,146226.59799999977,0.0
2022-11-02,468,933.6600000000021,4.212000000000001,929.4480000000021,147156.04599999977,0.006356217081655717
2022-11-03,469,-1608.6700000000033,4.221,-1612.8910000000033,145543.15499999977,-0.010960412730850392
2022-11-04,0,0.0,0.0,0.0,145543.15499999977,0.0
2022-11-07,0,0.0,0.0,0.0,145543.15499999977,0.0
2022-11-08,521,-1333.7600000000011,4.689000000000001,-1338.4490000000012,144204.70599999977,-0.009196234615087211
2022-11-09,526,226.1799999999737,9.468000000000002,216.7119999999737,144421.41799999974,0.0015028080983707566
2022-11-10,481,1315.5350000000064,12.987000000000002,1302.5480000000064,145723.96599999975,0.00901907776587548
2022-11-11,365,-264.6250000000083,3.2850000000000006,-267.9100000000083,145456.05599999975,-0.0018384759031332483
2022-11-14,0,0.0,0.0,0.0,145456.05599999975,0.0
2022-11-15,0,0.0,0.0,0.0,145456.05599999975,0.0
2022-11-16,0,0.0,0.0,0.0,145456.05599999975,0.0
2022-11-17,0,0.0,0.0,0.0,145456.05599999975,0.0
2022-11-18,0,0.0,0.0,0.0,145456.05599999975,0.0
2022-11-21,0,0.0,0.0,0.0,145456.05599999975,0.0
2022-11-22,384,163.20000000000437,3.4560000000000004,159.74400000000438,145615.79999999976,0.001098228594896074
2022-11-23,413,-487.3400000000028,7.434000000000001,-494.77400000000284,145121.02599999975,-0.003397804359142371
2022-11-28,426,38.34000000001356,3.8340000000000005,34.50600000001356,145155.53199999977,0.00023777395289372897
2022-11-29,411,-723.3600000000197,7.398000000000001,-730.7580000000197,144424.77399999974,-0.005034310369928035
2022-11-30,411,3090.719999999992,7.398000000000001,3083.321999999992,147508.09599999973,0.021348982689077964
2022-12-01,374,-867.6799999999974,3.3660000000000005,-871.0459999999974,146637.04999999973,-0.00590507249174987
2022-12-02,0,0.0,0.0,0.0,146637.04999999973,0.0
2022-12-05,632,1826.4799999999914,5.688000000000001,1820.7919999999913,148457.8419999997,0.012416998296133172
2022-12-06,599,1868.8800000000028,5.391000000000001,1863.4890000000028,150321.3309999997,0.012552310978627901
2022-12-07,0,0.0,0.0,0.0,150321.3309999997,0.0
2022-12-08,609,-182.70000000000692,5.481000000000001,-188.18100000000692,150133.1499999997,-0.0012518582608878528
2022-12-09,0,0.0,0.0,0.0,150133.1499999997,0.0
2022-12-12,601,432.71999999998224,5.409000000000001,427.31099999998224,150560.4609999997,0.002846213511139832
2022-12-13,0,0.0,0.0,0.0,150560.4609999997,0.0
2022-12-14,566,-36.78999999999871,5.094,-41.883999999998714,150518.5769999997,-0.0002781872459861743
2022-12-15,590,864.3499999999852,5.3100000000000005,859.0399999999853,151377.61699999968,0.0057072025069702
2022-12-16,550,-115.49999999998875,4.95,-120.44999999998875,151257.1669999997,-0.0007956922719954629
2022-12-19,550,-637.9999999999825,9.9,-647.8999999999825,150609.2669999997,-0.004283433392613943
2022-12-20,0,0.0,0.0,0.0,150609.2669999997,0.0
2022-12-21,720,-1162.8000000000475,12.96,-1175.7600000000475,149433.50699999966,-0.0078066909388786136
2022-12-22,646,1786.1899999999912,5.814000000000001,1780.375999999991,151213.88299999965,0.0119141686208301
2022-12-23,645,-1783.424999999991,5.805000000000001,-1789.2299999999912,149424.65299999967,-0.011832445305303054
2022-12-27,650,-1293.500000000006,5.8500000000000005,-1299.3500000000058,148125.30299999967,-0.008695686915866611
2022-12-28,672,1031.5200000000168,12.096000000000002,1019.4240000000168,149144.7269999997,0.006882173263807731
2022-12-29,662,1092.299999999985,5.958000000000001,1086.3419999999849,150231.06899999967,0.007283810979116862
2022-12-30,0,0.0,0.0,0.0,150231.06899999967,0.0
2023-01-03,613,-214.5499999999791,5.517,-220.0669999999791,150011.0019999997,-0.0014648567800577893
2023-01-04,0,0.0,0.0,0.0,150011.0019999997,0.0
2023-01-05,664,-149.39999999997735,11.952000000000002,-161.35199999997735,149849.6499999997,-0.0010756011082438987
2023-01-06,652,1411.5799999999763,11.736,1399.8439999999762,151249.4939999997,0.009341656787319684
2023-01-09,624,118.55999999999858,5.6160000000000005,112.94399999999858,151362.43799999967,0.0007467396882663212
2023-01-10,0,0.0,0.0,0.0,151362.43799999967,0.0
2023-01-11,0,0.0,0.0,0.0,151362.43799999967,0.0
2023-01-12,658,-1243.6200000000285,5.922000000000001,-1249.5420000000286,150112.89599999966,-0.008255297790592083
2023-01-13,0,0.0,0.0,0.0,150112.89599999966,0.0
2023-01-17,0,0.0,0.0,0.0,150112.89599999966,0.0
2023-01-18,741,2737.995000000037,6.6690000000000005,2731.3260000000373,152844.2219999997,0.01819514560561168
2023-01-19,0,0.0,0.0,0.0,152844.2219999997,0.0
2023-01-20,726,1314.0600000000015,13.068000000000001,1300.9920000000016,154145.2139999997,0.008511882117467314
2023-01-23,711,1158.9299999999967,6.399000000000001,1152.5309999999968,155297.74499999968,0.007476917187970553
2023-01-24,0,0.0,0.0,0.0,155297.74499999968,0.0
2023-01-25,715,-425.42499999997887,6.4350000000000005,-431.85999999997887,154865.8849999997,-0.0027808517116586578
2023-01-26,0,0.0,0.0,0.0,154865.8849999997,0.0
2023-01-27,0,0.0,0.0,0.0,154865.8849999997,0.0
2023-01-30,0,0.0,0.0,0.0,154865.8849999997,0.0
2023-01-31,788,819.5200000000161,7.0920000000000005,812.4280000000161,155678.3129999997,0.005246010120305177
2023-02-01,748,-452.5400000000136,6.732000000000001,-459.27200000001363,155219.04099999968,-0.002950134743559397
2023-02-02,740,-1838.90000000001,13.320000000000002,-1852.22000000001,153366.82099999968,-0.011932943201214689
2023-02-03,0,0.0,0.0,0.0,153366.82099999968,0.0
2023-02-06,0,0.0,0.0,0.0,153366.82099999968,0.0
2023-02-07,656,-2145.119999999988,11.808000000000002,-2156.927999999988,151209.8929999997,-0.014063850224814874
2023-02-08,695,-510.8250000000095,6.255000000000001,-517.0800000000095,150692.81299999967,-0.0034196175246285674
2023-02-09,670,-355.0999999999817,12.060000000000002,-367.1599999999817,150325.6529999997,-0.0024364798339784294
2023-02-10,0,0.0,0.0,0.0,150325.6529999997,0.0
2023-02-13,732,1742.1599999999967,6.588000000000001,1735.5719999999967,152061.2249999997,0.011545414673834813
2023-02-14,712,-715.5600000000372,6.408,-721.9680000000373,151339.25699999963,-0.004747877047551332
2023-02-15,0,0.0,0.0,0.0,151339.25699999963,0.0
2023-02-16,0,0.0,0.0,0.0,151339.25699999963,0.0
2023-02-17,686,-751.1699999999797,6.174,-757.3439999999797,150581.91299999965,-0.005004279887537584
2023-02-21,728,1921.91999999999,6.5520000000000005,1915.3679999999902,152497.28099999964,0.0127197746518202
2023-02-22,0,0.0,0.0,0.0,152497.28099999964,0.0
2023-02-23,728,-768.040000000005,6.5520000000000005,-774.592000000005,151722.68899999963,-0.005079382366168265
2023-02-24,806,100.75,7.2540000000000004,93.496,151816.18499999965,0.0006162295212155133
2023-02-27,0,0.0,0.0,0.0,151816.18499999965,0.0
2023-02-28,0,0.0,0.0,0.0,151816.18499999965,0.0
2023-03-01,0,0.0,0.0,0.0,151816.18499999965,0.0
2023-03-02,935,804.0999999999597,8.415000000000001,795.6849999999597,152611.86999999962,0.005241107856846498
2023-03-03,894,2945.730000000014,16.092000000000002,2929.638000000014,155541.50799999962,0.019196658818216573
2023-03-06,789,-1076.9849999999624,14.202000000000002,-1091.1869999999624,154450.32099999965,-0.007015407102777768
2023-03-07,840,2805.599999999979,7.5600000000000005,2798.039999999979,157248.36099999963,0.018116116443681496
2023-03-08,0,0.0,0.0,0.0,157248.36099999963,0.0
2023-03-09,808,3227.9600000000037,14.544000000000002,3213.416000000004,160461.77699999962,0.020435290896291196
2023-03-10,806,713.3099999999927,14.508000000000001,698.8019999999926,161160.57899999962,0.0043549436698559945
2023-03-13,792,-1203.8399999999856,14.256000000000002,-1218.0959999999857,159942.48299999963,-0.007558275153627914
2023-03-14,856,-479.36000000000195,7.704000000000001,-487.06400000000195,159455.41899999962,-0.0030452447083743417
2023-03-15,0,0.0,0.0,0.0,159455.41899999962,0.0
2023-03-16,767,3282.7599999999793,6.9030000000000005,3275.8569999999795,162731.2759999996,0.02054403055439582
2023-03-17,714,-178.5,12.852000000000002,-191.352,162539.9239999996,-0.0011758772173580232
2023-03-20,682,61.38000000002171,6.138000000000001,55.24200000002171,162595.16599999962,0.00033986726854887573
2023-03-21,0,0.0,0.0,0.0,162595.16599999962,0.0
2023-03-22,0,0.0,0.0,0.0,162595.16599999962,0.0
2023-03-23,606,-84.83999999999173,5.454000000000001,-90.29399999999174,162504.87199999962,-0.0005553301627675201
2023-03-24,0,0.0,0.0,0.0,162504.87199999962,0.0
2023-03-27,0,0.0,0.0,0.0,162504.87199999962,0.0
2023-03-28,0,0.0,0.0,0.0,162504.87199999962,0.0
2023-03-29,0,0.0,0.0,0.0,162504.87199999962,0.0
2023-03-30,0,0.0,0.0,0.0,162504.87199999962,0.0
2023-03-31,744,1428.4800000000118,20.088,1408.3920000000119,163913.26399999965,0.008666767849274176
2023-04-03,724,-857.9400000000016,6.516000000000001,-864.4560000000016,163048.80799999964,-0.005273862400787794
2023-04-04,753,128.01000000001198,6.777000000000001,121.23300000001198,163170.04099999965,0.000743538094433737
2023-04-05,0,0.0,0.0,0.0,163170.04099999965,0.0
2023-04-06,819,-98.28000000000372,7.371,-105.65100000000372,163064.38999999964,-0.0006474901847944252
2023-04-10,0,0.0,0.0,0.0,163064.38999999964,0.0
2023-04-11,0,0.0,0.0,0.0,163064.38999999964,0.0
2023-04-12,1015,-487.20000000001846,9.135000000000002,-496.33500000001845,162568.05499999961,-0.003043797606577497
2023-04-13,1330,2872.800000000033,23.94,2848.860000000033,165416.91499999966,0.017524107057810587
2023-04-14,1219,-3766.7099999999696,32.913000000000004,-3799.6229999999696,161617.2919999997,-0.022969978614339272
2023-04-17,0,0.0,0.0,0.0,161617.2919999997,0.0
2023-04-18,0,0.0,0.0,0.0,161617.2919999997,0.0
2023-04-19,0,0.0,0.0,0.0,161617.2919999997,0.0
2023-04-20,0,0.0,0.0,0.0,161617.2919999997,0.0
2023-04-21,1285,-1452.0499999999943,11.565000000000001,-1463.6149999999943,160153.6769999997,-0.00905605447219099
2023-04-24,1554,-2113.4399999999328,13.986000000000002,-2127.4259999999326,158026.2509999998,-0.013283653799593603
2023-04-25,1539,3809.0250000000347,27.702,3781.3230000000344,161807.57399999982,0.02392844844493615
2023-04-26,1267,-1171.9749999999422,22.806,-1194.7809999999422,160612.7929999999,-0.007383962137643468
2023-04-27,1245,3809.7000000000025,22.410000000000004,3787.2900000000027,164400.0829999999,0.023580251169656237
2023-04-28,960,523.2000000000153,17.28,505.9200000000153,164906.0029999999,0.003077370709113423
2023-05-01,0,0.0,0.0,0.0,164906.0029999999,0.0
2023-05-02,925,1988.7500000000314,16.650000000000002,1972.1000000000313,166878.10299999994,0.011958933963125844
2023-05-03,887,-762.8200000000121,7.9830000000000005,-770.803000000012,166107.29999999993,-0.004618958306351387
2023-05-04,953,-567.0349999999719,17.154000000000003,-584.1889999999719,165523.11099999995,-0.0035169375457910165
2023-05-05,927,2312.8650000000043,8.343000000000002,2304.5220000000045,167827.63299999994,0.013922660020569607
2023-05-08,0,0.0,0.0,0.0,167827.63299999994,0.0
2023-05-09,0,0.0,0.0,0.0,167827.63299999994,0.0
2023-05-10,0,0.0,0.0,0.0,167827.63299999994,0.0
2023-05-11,794,-448.6099999999982,7.146000000000001,-455.7559999999982,167371.87699999995,-0.002715619542819855
2023-05-12,788,-1221.3999999999642,14.184000000000001,-1235.5839999999641,166136.29299999998,-0.007382267691243998
2023-05-15,0,0.0,0.0,0.0,166136.29299999998,0.0
2023-05-16,0,0.0,0.0,0.0,166136.29299999998,0.0
2023-05-17,859,558.3499999999805,7.731000000000001,550.6189999999805,166686.91199999995,0.003314260779852483
2023-05-18,963,1314.495000000009,17.334000000000003,1297.161000000009,167984.07299999997,0.007782020702381296
2023-05-19,0,0.0,0.0,0.0,167984.07299999997,0.0
2023-05-22,0,0.0,0.0,0.0,167984.07299999997,0.0
2023-05-23,1043,234.67500000002372,9.387,225.28800000002371,168209.361,0.0013411271436430986
2023-05-24,1003,-2602.7849999999703,27.081000000000003,-2629.8659999999704,165579.49500000002,-0.015634480651763313
2023-05-25,0,0.0,0.0,0.0,165579.49500000002,0.0
2023-05-26,1180,3528.1999999999434,10.620000000000001,3517.5799999999435,169097.07499999995,0.021244055612078917
2023-05-30,0,0.0,0.0,0.0,169097.07499999995,0.0
2023-05-31,1098,-230.58000000003995,9.882000000000001,-240.46200000003995,168856.61299999992,-0.0014220352421828704
2023-06-01,1069,2576.290000000027,9.621,2566.6690000000267,171423.28199999995,0.015200287121713308
2023-06-02,1030,911.5499999999906,9.270000000000001,902.2799999999907,172325.56199999995,0.005263462404132426
2023-06-05,0,0.0,0.0,0.0,172325.56199999995,0.0
2023-06-06,0,0.0,0.0,0.0,172325.56199999995,0.0
2023-06-07,991,-951.360000000036,8.919,-960.279000000036,171365.2829999999,-0.005572469857954308
2023-06-08,1021,-439.0299999999489,27.567000000000004,-466.59699999994893,170898.68599999996,-0.0027228210512157775
2023-06-09,1040,135.19999999999527,9.360000000000001,125.83999999999527,171024.52599999995,0.0007363427007273497
2023-06-12,1046,554.3799999999715,9.414000000000001,544.9659999999715,171569.49199999994,0.003186478645758513
2023-06-13,0,0.0,0.0,0.0,171569.49199999994,0.0
2023-06-14,1158,-2842.8899999999812,20.844,-2863.7339999999813,168705.75799999997,-0.0166913940620631
2023-06-15,1287,4954.949999999956,11.583000000000002,4943.3669999999565,173649.12499999994,0.029301708836754446
2023-06-16,1247,-897.8399999999631,33.669000000000004,-931.5089999999631,172717.61599999998,-0.005364317269090549
2023-06-20,1198,-1006.31999999997,10.782000000000002,-1017.1019999999701,171700.514,-0.00588881449127905
2023-06-21,1143,-11.429999999989604,10.287,-21.716999999989604,171678.79700000002,-0.00012648185782361491
2023-06-22,0,0.0,0.0,0.0,171678.79700000002,0.0
2023-06-23,0,0.0,0.0,0.0,171678.79700000002,0.0
2023-06-26,1266,-443.0999999999568,11.394000000000002,-454.4939999999568,171224.30300000007,-0.0026473507966155935
2023-06-27,1241,2860.5050000000083,11.169,2849.3360000000084,174073.63900000008,0.016640955460627615
2023-06-28,0,0.0,0.0,0.0,174073.63900000008,0.0
2023-06-29,1171,-1124.159999999976,21.078000000000003,-1145.237999999976,172928.4010000001,-0.006579043251919238
2023-06-30,1163,511.72000000006346,20.934,490.78600000006344,173419.18700000015,0.0028380878858647583
2023-07-05,0,0.0,0.0,0.0,173419.18700000015,0.0
2023-07-06,1125,44.99999999995907,10.125000000000002,34.87499999995907,173454.06200000012,0.0002011023151663088
2023-07-07,1088,-1207.6800000000148,9.792000000000002,-1217.4720000000148,172236.5900000001,-0.0070189881168652825
2023-07-10,0,0.0,0.0,0.0,172236.5900000001,0.0
2023-07-11,0,0.0,0.0,0.0,172236.5900000001,0.0
2023-07-12,0,0.0,0.0,0.0,172236.5900000001,0.0
2023-07-13,1187,403.5800000000378,10.683000000000002,392.8970000000378,172629.48700000014,0.002281147112817535
2023-07-14,0,0.0,0.0,0.0,172629.48700000014,0.0
2023-07-17,1199,-215.82000000000818,32.373000000000005,-248.19300000000817,172381.29400000014,-0.0014377207759414124
2023-07-18,1331,2522.2450000000513,11.979000000000001,2510.2660000000515,174891.5600000002,0.014562287715510764
2023-07-19,1398,-216.68999999996186,12.582,-229.27199999996185,174662.28800000023,-0.0013109380464097957
2023-07-20,1510,-211.3999999999794,13.590000000000002,-224.9899999999794,174437.29800000024,-0.0012881429790956311
2023-07-21,0,0.0,0.0,0.0,174437.29800000024,0.0
2023-07-24,1361,-272.2000000000619,24.498,-296.6980000000619,174140.60000000018,-0.0017008862405106819
2023-07-25,1525,0.0,13.725000000000001,-13.725000000000001,174126.87500000017,-7.881562369717336e-05
2023-07-26,0,0.0,0.0,0.0,174126.87500000017,0.0
2023-07-27,1517,2154.140000000024,13.653000000000002,2140.487000000024,176267.3620000002,0.012292686008406353
2023-07-28,1546,-1159.5,13.914000000000001,-1173.414,175093.9480000002,-0.0066570123174589674
2023-07-31,0,0.0,0.0,0.0,175093.9480000002,0.0
2023-08-01,0,0.0,0.0,0.0,175093.9480000002,0.0
2023-08-02,1545,2765.549999999944,13.905000000000001,2751.6449999999436,177845.59300000014,0.01571524905018385
2023-08-03,0,0.0,0.0,0.0,177845.59300000014,0.0
2023-08-04,1294,-1196.9499999999412,11.646,-1208.5959999999411,176636.9970000002,-0.006795760185072116
2023-08-07,1285,-1593.4000000000117,23.130000000000003,-1616.5300000000118,175020.4670000002,-0.009151706762768446
2023-08-08,1248,87.35999999999149,11.232000000000001,76.12799999999149,175096.5950000002,0.0004349662716874787
2023-08-09,1241,-155.125,11.169,-166.294,174930.3010000002,-0.0009497272062886193
2023-08-10,1231,-2148.0950000000057,11.079,-2159.174000000006,172771.1270000002,-0.012343053134059395
2023-08-11,0,0.0,0.0,0.0,172771.1270000002,0.0
2023-08-14,1262,-1280.9299999999828,22.716,-1303.6459999999827,171467.48100000023,-0.007545508457555996
2023-08-15,1200,1920.0000000000273,21.6,1898.4000000000274,173365.88100000026,0.011071487076899584
2023-08-16,1126,557.3700000000051,10.134,547.2360000000051,173913.11700000026,0.003156538050298399
2023-08-17,1126,962.7300000000205,10.134,952.5960000000205,174865.71300000028,0.005477424684418824
2023-08-18,0,0.0,0.0,0.0,174865.71300000028,0.0
2023-08-21,1297,-2859.8849999999793,11.673000000000002,-2871.557999999979,171994.1550000003,-0.016421503968590885
2023-08-22,0,0.0,0.0,0.0,171994.1550000003,0.0
2023-08-23,1319,3330.475000000045,11.871000000000002,3318.604000000045,175312.75900000034,0.019294864991197168
2023-08-24,1147,4823.134999999982,10.323,4812.811999999982,180125.57100000032,0.027452719513700496
2023-08-25,1076,80.69999999998777,9.684000000000001,71.01599999998777,180196.5870000003,0.00039425829217767
2023-08-28,0,0.0,0.0,0.0,180196.5870000003,0.0
2023-08-29,1054,5375.400000000024,9.486,5365.914000000024,185562.5010000003,0.029778111169219957
2023-08-30,968,-1800.4800000000132,8.712000000000002,-1809.1920000000132,183753.3090000003,-0.009749771587741266
2023-08-31,0,0.0,0.0,0.0,183753.3090000003,0.0
2023-09-01,0,0.0,0.0,0.0,183753.3090000003,0.0
2023-09-05,964,-400.0600000000197,8.676,-408.7360000000197,183344.57300000027,-0.002224373548560255
2023-09-06,1040,364.00000000002365,9.360000000000001,354.64000000002363,183699.21300000028,0.0019342814144819173
2023-09-07,0,0.0,0.0,0.0,183699.21300000028,0.0
2023-09-08,1102,-5.509999999994989,9.918000000000001,-15.42799999999499,183683.7850000003,-8.398511756277892e-05
2023-09-11,0,0.0,0.0,0.0,183683.7850000003,0.0
2023-09-12,0,0.0,0.0,0.0,183683.7850000003,0.0
2023-09-13,1076,-919.9799999999584,9.684000000000001,-929.6639999999584,182754.12100000033,-0.005061219747839783
2023-09-14,0,0.0,0.0,0.0,182754.12100000033,0.0
2023-09-15,1338,4368.5699999999815,12.042000000000002,4356.527999999981,187110.64900000033,0.023838192956535154
2023-09-18,0,0.0,0.0,0.0,187110.64900000033,0.0
2023-09-19,1142,331.18000000002337,10.278,320.90200000002335,187431.55100000036,0.0017150386774620336
2023-09-20,1372,3231.060000000025,12.348,3218.712000000025,190650.26300000038,0.01717273310084287
2023-09-21,1380,2221.79999999994,24.840000000000003,2196.95999999994,192847.22300000032,0.011523508887055329
2023-09-22,1201,-1194.9950000000053,10.809000000000001,-1205.8040000000053,191641.41900000031,-0.00625263864961127
2023-09-25,1227,-1085.8949999999888,11.043000000000001,-1096.9379999999887,190544.48100000032,-0.005723908775691057
2023-09-26,1173,809.3699999999974,31.671000000000003,777.6989999999973,191322.1800000003,0.004081456444807741
2023-09-27,1095,-1899.8250000000148,9.855,-1909.6800000000148,189412.5000000003,-0.009981487771046784
2023-09-28,1081,735.0800000000074,19.458000000000002,715.6220000000075,190128.1220000003,0.0037781139048373596
2023-09-29,1035,-1982.0249999999623,9.315000000000001,-1991.3399999999624,188136.78200000033,-0.010473674167990568
2023-10-02,0,0.0,0.0,0.0,188136.78200000033,0.0
2023-10-03,1093,929.0499999999627,9.837000000000002,919.2129999999627,189055.9950000003,0.0048858760643623695
2023-10-04,1061,79.57499999998794,28.647000000000002,50.92799999998793,189106.92300000027,0.0002693805081398654
2023-10-05,1079,97.10999999997301,9.711,87.39899999997301,189194.32200000025,0.0004621671095561789
2023-10-06,1182,585.0900000000054,10.638000000000002,574.4520000000053,189768.77400000027,0.00303630676611957
2023-10-09,1036,103.60000000002356,9.324000000000002,94.27600000002356,189863.05000000028,0.0004967940615984768
2023-10-10,987,286.2299999999641,8.883000000000001,277.3469999999641,190140.39700000023,0.0014607739631274422
2023-10-11,0,0.0,0.0,0.0,190140.39700000023,0.0
2023-10-12,1152,-1077.1199999999371,20.736000000000004,-1097.8559999999372,189042.5410000003,-0.005773922939689328
2023-10-13,1122,-2905.9799999999723,20.196,-2926.175999999972,186116.3650000003,-0.015478928629085491
2023-10-16,1103,-11.030000000052667,9.927000000000001,-20.957000000052666,186095.40800000026,-0.00011260159739339757
2023-10-17,0,0.0,0.0,0.0,186095.40800000026,0.0
2023-10-18,1231,344.6799999999664,11.079,333.6009999999664,186429.00900000022,0.0017926342384545347
2023-10-19,1093,551.964999999995,9.837000000000002,542.127999999995,186971.13700000022,0.0029079594581763527
2023-10-20,1063,1865.5650000000558,28.701000000000004,1836.8640000000557,188808.00100000028,0.009824318498956625
2023-10-23,1016,-1666.2399999999861,9.144000000000002,-1675.3839999999861,187132.6170000003,-0.008873479890293334
2023-10-24,1088,304.6399999999703,9.792000000000002,294.8479999999703,187427.46500000026,0.0015756098788484844
2023-10-25,1092,1343.1599999999578,19.656000000000002,1323.5039999999578,188750.96900000022,0.007061419733761837
2023-10-26,1013,-967.4150000000416,27.351000000000003,-994.7660000000416,187756.20300000018,-0.005270256387399211
2023-10-27,1063,-717.5249999999517,9.567000000000002,-727.0919999999517,187029.11100000024,-0.003872532509618076
2023-10-30,1118,-2146.559999999954,10.062000000000001,-2156.621999999954,184872.4890000003,-0.011530942902251998
2023-10-31,1007,-1107.700000000023,9.063,-1116.763000000023,183755.72600000026,-0.006040720315070899
2023-11-01,979,-998.5799999999822,17.622000000000003,-1016.2019999999821,182739.52400000027,-0.00553017868950642
2023-11-02,892,2836.560000000006,8.028,2828.532000000006,185568.05600000027,0.015478490575470702
2023-11-03,776,-977.7599999999488,20.952,-998.7119999999488,184569.34400000033,-0.005381917672295642
2023-11-06,0,0.0,0.0,0.0,184569.34400000033,0.0
2023-11-07,770,-200.199999999993,6.930000000000001,-207.129999999993,184362.21400000033,-0.0011222340368723023
2023-11-08,0,0.0,0.0,0.0,184362.21400000033,0.0
2023-11-09,850,739.5000000000039,7.650000000000001,731.8500000000039,185094.06400000033,0.003969631217381684
2023-11-10,893,1745.8150000000364,8.037,1737.7780000000364,186831.84200000038,0.009388620912229974
2023-11-13,0,0.0,0.0,0.0,186831.84200000038,0.0
2023-11-14,829,-891.1749999999906,22.383000000000003,-913.5579999999907,185918.2840000004,-0.0048897339458869584
2023-11-15,0,0.0,0.0,0.0,185918.2840000004,0.0
2023-11-16,0,0.0,0.0,0.0,185918.2840000004,0.0
2023-11-17,0,0.0,0.0,0.0,185918.2840000004,0.0
2023-11-20,1030,2152.6999999999744,9.270000000000001,2143.4299999999744,188061.71400000036,0.011528882226559114
2023-11-21,1034,-527.3399999999906,9.306000000000001,-536.6459999999906,187525.06800000038,-0.0028535632723202214
2023-11-22,0,0.0,0.0,0.0,187525.06800000038,0.0
2023-11-27,0,0.0,0.0,0.0,187525.06800000038,0.0
2023-11-28,1170,-772.2000000000293,10.530000000000001,-782.7300000000292,186742.33800000034,-0.004174001952635088
2023-11-29,1153,-1960.1000000000524,10.377,-1970.4770000000524,184771.8610000003,-0.010551849254452671
2023-11-30,1135,-641.2749999999974,10.215000000000002,-651.4899999999974,184120.3710000003,-0.0035259156695942808
2023-12-01,1133,1733.4900000000334,10.197000000000001,1723.2930000000335,185843.66400000034,0.009359599867415164
2023-12-04,1276,-146.7400000000116,11.484000000000002,-158.2240000000116,185685.44000000032,-0.0008513822671942764
2023-12-05,0,0.0,0.0,0.0,185685.44000000032,0.0
2023-12-06,1391,347.75,12.519000000000002,335.231,186020.67100000032,0.0018053704156879473
2023-12-07,1628,-1782.6600000000444,29.304000000000002,-1811.9640000000445,184208.7070000003,-0.009740659413060827
2023-12-08,1610,-885.5000000001098,28.980000000000004,-914.4800000001098,183294.2270000002,-0.004964369029527516
2023-12-11,1594,79.70000000001812,14.346000000000002,65.35400000001812,183359.5810000002,0.00035655241886051355
2023-12-12,1589,993.125,14.301000000000002,978.824,184338.4050000002,0.005338275723917579
2023-12-13,1587,4880.025000000072,14.283000000000001,4865.742000000072,189204.1470000003,0.026395704139894595
2023-12-14,1601,-1368.8550000000291,14.409000000000002,-1383.2640000000292,187820.88300000026,-0.007310960261352132
2023-12-15,0,0.0,0.0,0.0,187820.88300000026,0.0
2023-12-18,1512,-884.5199999999691,27.216000000000005,-911.7359999999691,186909.1470000003,-0.004854284494019591
2023-12-19,1485,965.2499999999662,13.365000000000002,951.8849999999662,187861.03200000027,0.005092768413308123
2023-12-20,1493,3620.525000000017,13.437000000000001,3607.088000000017,191468.1200000003,0.01920083138902384
2023-12-21,0,0.0,0.0,0.0,191468.1200000003,0.0
2023-12-22,1110,-1176.6000000000026,9.990000000000002,-1186.5900000000026,190281.5300000003,-0.006197324128946379
2023-12-26,1152,-408.96000000002095,31.104000000000003,-440.06400000002094,189841.46600000028,-0.002312699503730185
2023-12-27,0,0.0,0.0,0.0,189841.46600000028,0.0
2023-12-28,0,0.0,0.0,0.0,189841.46600000028,0.0
2023-12-29,1212,484.79999999997244,10.908000000000001,473.8919999999724,190315.35800000024,0.0024962512668331993
2024-01-02,0,0.0,0.0,0.0,190315.35800000024,0.0
2024-01-03,1149,-109.15500000003135,20.682000000000002,-129.83700000003137,190185.5210000002,-0.0006822202966931928
2024-01-04,1091,-152.74000000004713,9.819,-162.55900000004712,190022.96200000017,-0.0008547390944658029
2024-01-05,1254,1329.240000000003,11.286000000000001,1317.954000000003,191340.91600000017,0.006935761794935086
2024-01-08,1272,6029.279999999939,11.448000000000002,6017.8319999999385,197358.7480000001,0.03145083720619344
2024-01-09,0,0.0,0.0,0.0,197358.7480000001,0.0
2024-01-10,1150,166.75000000004445,31.050000000000004,135.70000000004444,197494.44800000015,0.0006875803650722611
2024-01-11,1145,85.87499999998698,10.305000000000001,75.56999999998698,197570.01800000013,0.00038264366803864236
2024-01-12,0,0.0,0.0,0.0,197570.01800000013,0.0
2024-01-16,1544,-2269.680000000042,27.792,-2297.472000000042,195272.5460000001,-0.01162864701464997
2024-01-17,0,0.0,0.0,0.0,195272.5460000001,0.0
2024-01-18,1484,1098.1600000000135,13.356000000000002,1084.8040000000135,196357.3500000001,0.005555332903786757
2024-01-19,1353,4167.240000000055,12.177000000000001,4155.063000000056,200512.41300000015,0.021160720492510485
2024-01-22,1193,-751.5899999999946,10.737000000000002,-762.3269999999945,199750.08600000016,-0.0038018942996810574
2024-01-23,0,0.0,0.0,0.0,199750.08600000016,0.0
2024-01-24,0,0.0,0.0,0.0,199750.08600000016,0.0
2024-01-25,0,0.0,0.0,0.0,199750.08600000016,0.0
2024-01-26,0,0.0,0.0,0.0,199750.08600000016,0.0
2024-01-29,1408,394.2399999999616,12.672,381.56799999996156,200131.65400000013,0.0019102269623050938
2024-01-30,0,0.0,0.0,0.0,200131.65400000013,0.0
2024-01-31,1633,7740.420000000015,14.697000000000001,7725.7230000000145,207857.37700000015,0.038603203669120775
2024-02-01,1228,779.7799999999888,22.104000000000003,757.6759999999888,208615.05300000013,0.003645172526159551
2024-02-02,1111,4071.815000000023,9.999,4061.816000000023,212676.86900000015,0.019470387882316528
2024-02-05,1080,-799.2000000000098,9.72,-808.9200000000098,211867.94900000014,-0.0038035165921123716
2024-02-06,0,0.0,0.0,0.0,211867.94900000014,0.0
2024-02-07,1122,-302.9399999999796,20.196,-323.1359999999796,211544.81300000017,-0.001525176420148285
2024-02-08,0,0.0,0.0,0.0,211544.81300000017,0.0
2024-02-09,1196,831.2199999999239,32.292,798.9279999999238,212343.7410000001,0.0037766371515803756
2024-02-12,1188,-1009.800000000027,10.692000000000002,-1020.492000000027,211323.24900000007,-0.0048058492103142635
2024-02-13,1193,-3811.63500000006,21.474000000000004,-3833.10900000006,207490.14,-0.0181386052795358
2024-02-14,1000,-1929.99999999995,9.000000000000002,-1938.99999999995,205551.14000000007,-0.009345022370701325
2024-02-15,963,433.3500000000438,8.667000000000002,424.68300000004376,205975.82300000012,0.0020660697868182276
2024-02-16,953,-619.4500000000326,8.577000000000002,-628.0270000000326,205347.7960000001,-0.0030490326041810846
2024-02-20,956,-1467.460000000024,17.208000000000002,-1484.668000000024,203863.12800000006,-0.007230016727328417
2024-02-21,0,0.0,0.0,0.0,203863.12800000006,0.0
2024-02-22,1104,954.96000000001,29.808000000000003,925.15200000001,204788.28000000006,0.004538103624113968
2024-02-23,0,0.0,0.0,0.0,204788.28000000006,0.0
2024-02-26,993,-362.4449999999526,8.937000000000001,-371.3819999999526,204416.8980000001,-0.001813492451813905
2024-02-27,0,0.0,0.0,0.0,204416.8980000001,0.0
2024-02-28,0,0.0,0.0,0.0,204416.8980000001,0.0
2024-02-29,0,0.0,0.0,0.0,204416.8980000001,0.0
2024-03-01,1004,2540.1199999999726,9.036000000000001,2531.0839999999725,206947.98200000008,0.012381970496391993
2024-03-04,0,0.0,0.0,0.0,206947.98200000008,0.0
2024-03-05,984,2587.9199999999955,8.856000000000002,2579.0639999999953,209527.04600000006,0.012462378106204458
2024-03-06,0,0.0,0.0,0.0,209527.04600000006,0.0
2024-03-07,1076,365.84000000003425,9.684000000000001,356.1560000000342,209883.2020000001,0.0016998091979019937
2024-03-08,1037,-4505.765000000028,27.999000000000002,-4533.764000000027,205349.43800000008,-0.02160136664962842
2024-03-11,1008,-1123.9200000000092,9.072000000000001,-1132.992000000009,204216.44600000008,-0.0055173854432463
2024-03-12,1027,400.52999999986923,18.486,382.04399999986924,204598.48999999996,0.0018707797901833484
2024-03-13,980,-460.60000000002674,8.82,-469.42000000002673,204129.06999999995,-0.0022943473336485857
2024-03-14,1257,-3337.334999999966,45.252,-3382.586999999966,200746.48299999998,-0.016570824527834115
2024-03-15,1240,-1066.3999999999464,11.160000000000002,-1077.5599999999465,199668.92300000004,-0.005367765272380621
2024-03-18,1132,-1188.5999999999485,10.188,-1198.7879999999486,198470.1350000001,-0.006003878730792515
2024-03-19,1105,-287.29999999998995,9.945,-297.24499999998994,198172.8900000001,-0.001497681250632443
2024-03-20,1084,3073.1400000000394,9.756000000000002,3063.3840000000396,201236.27400000015,0.015458138598069786
2024-03-21,0,0.0,0.0,0.0,201236.27400000015,0.0
2024-03-22,0,0.0,0.0,0.0,201236.27400000015,0.0
2024-03-25,0,0.0,0.0,0.0,201236.27400000015,0.0
2024-03-26,0,0.0,0.0,0.0,201236.27400000015,0.0
2024-03-27,0,0.0,0.0,0.0,201236.27400000015,0.0
2024-03-28,0,0.0,0.0,0.0,201236.27400000015,0.0
2024-04-01,1334,266.80000000006066,12.006000000000002,254.79400000006066,201491.0680000002,0.0012661434985625924
2024-04-02,1343,-6.714999999993893,12.087000000000002,-18.801999999993896,201472.2660000002,-9.331431009137277e-05
2024-04-03,1418,-950.059999999942,12.762000000000002,-962.821999999942,200509.44400000025,-0.004778930713967058
2024-04-04,1401,6486.629999999994,12.609000000000002,6474.020999999993,206983.46500000026,0.03228786071542837
2024-04-05,1250,3237.4999999998977,11.250000000000002,3226.2499999998977,210209.71500000014,0.015586993869292378
2024-04-08,0,0.0,0.0,0.0,210209.71500000014,0.0
2024-04-09,1288,-1655.0800000001054,23.184,-1678.2640000001054,208531.45100000003,-0.007983760408029212
2024-04-10,0,0.0,0.0,0.0,208531.45100000003,0.0
2024-04-11,1312,-85.2800000000716,23.616000000000003,-108.8960000000716,208422.55499999996,-0.000522204202185653
2024-04-12,1249,-262.28999999990333,22.482000000000003,-284.77199999990336,208137.78300000005,-0.001366320454136566
2024-04-15,1091,2072.9000000000374,9.819,2063.0810000000374,210200.8640000001,0.009912092702553851
2024-04-16,0,0.0,0.0,0.0,210200.8640000001,0.0
2024-04-17,1042,-98.99000000002843,9.378000000000002,-108.36800000002843,210092.49600000007,-0.0005155449789208687
2024-04-18,0,0.0,0.0,0.0,210092.49600000007,0.0
2024-04-19,1143,622.9349999999532,20.574,602.3609999999533,210694.85700000002,0.0028671228695381534
2024-04-22,1133,-1155.6600000000437,10.197000000000001,-1165.8570000000436,209528.99999999997,-0.0055333908791140715
2024-04-23,1026,2175.1200000000044,9.234000000000002,2165.8860000000045,211694.88599999997,0.010336927107942121
2024-04-24,0,0.0,0.0,0.0,211694.88599999997,0.0
2024-04-25,1000,-1449.9999999999886,9.000000000000002,-1458.9999999999886,210235.88599999997,-0.006891994547284382
2024-04-26,1061,790.4450000000048,19.098000000000003,771.3470000000049,211007.23299999998,0.0036689597322124394
2024-04-30,991,-1803.6200000000495,17.838,-1821.4580000000494,209185.77499999994,-0.008632206460903876
2024-05-01,952,-7082.879999999997,8.568000000000001,-7091.447999999998,202094.32699999993,-0.033900240109538994
2024-05-02,0,0.0,0.0,0.0,202094.32699999993,0.0
2024-05-03,0,0.0,0.0,0.0,202094.32699999993,0.0
2024-05-06,0,0.0,0.0,0.0,202094.32699999993,0.0
2024-05-07,0,0.0,0.0,0.0,202094.32699999993,0.0
2024-05-09,943,-966.5749999999786,16.974000000000004,-983.5489999999786,201110.77799999996,-0.004866781836978427
2024-05-10,0,0.0,0.0,0.0,201110.77799999996,0.0
2024-05-13,0,0.0,0.0,0.0,201110.77799999996,0.0
2024-05-14,1065,-425.9999999999758,9.585,-435.58499999997576,200675.193,-0.002165895852682624
2024-05-15,1075,2784.249999999912,9.675,2774.5749999999116,203449.76799999992,0.013826198238662771
2024-05-16,1073,-300.4400000000927,9.657000000000002,-310.0970000000927,203139.67099999983,-0.0015241944144172865
2024-05-20,1059,-1334.3400000001106,19.062,-1353.4020000001105,201786.2689999997,-0.0066624209507561505
2024-05-21,0,0.0,0.0,0.0,201786.2689999997,0.0
2024-05-23,1122,1626.8999999999232,30.294000000000004,1596.6059999999231,203382.87499999962,0.007912361965520684
2024-05-28,0,0.0,0.0,0.0,203382.87499999962,0.0
2024-05-29,0,0.0,0.0,0.0,203382.87499999962,0.0
2024-05-30,0,0.0,0.0,0.0,203382.87499999962,0.0
2024-05-31,1195,-483.97500000010325,10.755,-494.73000000010325,202888.14499999952,-0.0024325056866272747
2024-06-04,1211,-817.4249999999449,10.899000000000001,-828.3239999999449,202059.8209999996,-0.004082663380849319
2024-06-05,1196,3025.8799999999674,10.764000000000001,3015.1159999999672,205074.93699999957,0.014921897807679307
2024-06-06,0,0.0,0.0,0.0,205074.93699999957,0.0
2024-06-07,1115,-512.8999999999138,10.035000000000002,-522.9349999999138,204552.00199999966,-0.002549970306707518
2024-06-10,0,0.0,0.0,0.0,204552.00199999966,0.0
2024-06-12,1094,43.760000000084574,19.692000000000004,24.06800000008457,204576.06999999975,0.00011766201144335225
2024-06-13,1129,-1157.2249999999744,10.161000000000001,-1167.3859999999745,203408.68399999978,-0.005706366340892051
2024-06-14,0,0.0,0.0,0.0,203408.68399999978,0.0
2024-06-17,1136,1806.239999999907,10.224000000000002,1796.015999999907,205204.6999999997,0.008829593529054585
2024-06-18,0,0.0,0.0,0.0,205204.6999999997,0.0
2024-06-20,1282,-1282.0,11.538000000000002,-1293.538,203911.1619999997,-0.00630364704122275
2024-06-21,1278,-440.91000000003487,11.502,-452.4120000000349,203458.74999999965,-0.00221867207053646
2024-06-24,1320,-422.40000000006603,23.76,-446.160000000066,203012.5899999996,-0.002192876934514081
2024-06-28,1412,416.5399999999422,12.708000000000002,403.8319999999422,203416.42199999953,0.0019891968276447435
2024-07-01,0,0.0,0.0,0.0,203416.42199999953,0.0
2024-07-10,1460,3314.1999999999734,13.140000000000002,3301.0599999999736,206717.4819999995,0.016228089981840214
2024-07-11,866,2883.780000000035,7.7940000000000005,2875.9860000000353,209593.46799999953,0.013912640441315178
2024-07-12,829,866.3049999999661,7.461000000000001,858.8439999999661,210452.31199999948,0.00409766586809837
2024-07-15,829,82.90000000001885,7.461000000000001,75.43900000001885,210527.7509999995,0.0003584612555837307
2024-07-16,0,0.0,0.0,0.0,210527.7509999995,0.0
2024-07-17,852,-532.5,7.668000000000001,-540.168,209987.5829999995,-0.002565780508432835
2024-07-18,757,749.4300000000069,6.813000000000001,742.6170000000069,210730.1999999995,0.003536480535613426
2024-07-19,744,-903.9600000000237,20.088,-924.0480000000236,209806.15199999948,-0.004384981364797385
2024-07-24,743,4093.929999999993,6.687000000000001,4087.242999999993,213893.39499999947,0.019481044578711894
2024-07-25,721,-1085.1049999999148,19.467000000000002,-1104.5719999999149,212788.82299999954,-0.00516412393192374
2024-07-30,0,0.0,0.0,0.0,212788.82299999954,0.0
2024-07-31,697,-2467.3800000000538,6.273000000000001,-2473.653000000054,210315.1699999995,-0.011624919791957584
2024-08-01,642,121.97999999996227,11.556000000000001,110.42399999996228,210425.59399999946,0.0005250405855172622
2024-08-02,632,325.4799999999195,17.064000000000004,308.4159999999195,210734.00999999937,0.0014656772217543094
2024-08-05,0,0.0,0.0,0.0,210734.00999999937,0.0
2024-08-06,674,-1907.4199999999512,12.132000000000001,-1919.5519999999512,208814.45799999943,-0.009108885651632393
2024-08-07,626,-1593.1700000000455,5.634,-1598.8040000000456,207215.6539999994,-0.007656577113065849
2024-08-08,646,368.2200000000323,11.628000000000002,356.59200000003233,207572.24599999943,0.0017208738486525414
2024-08-09,0,0.0,0.0,0.0,207572.24599999943,0.0
2024-08-12,546,-1531.5300000000348,4.914000000000001,-1536.4440000000347,206035.80199999938,-0.007401972227057942
2024-08-13,0,0.0,0.0,0.0,206035.80199999938,0.0
2024-08-14,0,0.0,0.0,0.0,206035.80199999938,0.0
2024-08-15,0,0.0,0.0,0.0,206035.80199999938,0.0
2024-08-16,0,0.0,0.0,0.0,206035.80199999938,0.0
2024-08-19,0,0.0,0.0,0.0,206035.80199999938,0.0
2024-08-20,0,0.0,0.0,0.0,206035.80199999938,0.0
2024-08-21,0,0.0,0.0,0.0,206035.80199999938,0.0
2024-08-22,530,-1799.3499999999904,14.310000000000002,-1813.6599999999903,204222.14199999938,-0.008802644891784369
2024-08-23,571,-1450.3399999999792,5.139,-1455.4789999999791,202766.6629999994,-0.007126940231583623
2024-08-26,811,-1159.7299999999595,7.299000000000001,-1167.0289999999595,201599.63399999944,-0.00575552698226317
2024-08-28,790,-422.64999999997485,14.220000000000002,-436.8699999999749,201162.76399999947,-0.0021670178230580326
2024-08-29,808,779.7200000000257,14.544000000000002,765.1760000000257,201927.9399999995,0.0038037655915287966
2024-08-30,982,-515.5499999999777,8.838000000000001,-524.3879999999776,201403.55199999953,-0.002596906599453146
2024-09-03,958,6638.9400000000605,8.622000000000002,6630.31800000006,208033.8699999996,0.03292056140102274
2024-09-04,763,-1701.4900000000139,6.867000000000001,-1708.3570000000138,206325.51299999957,-0.008211917607455061
2024-09-05,819,-4488.120000000015,22.113000000000003,-4510.233000000016,201815.27999999956,-0.021859792976741683
2024-09-06,800,5903.999999999996,7.200000000000001,5896.7999999999965,207712.07999999955,0.029218798497318982
2024-09-09,0,0.0,0.0,0.0,207712.07999999955,0.0
2024-09-10,0,0.0,0.0,0.0,207712.07999999955,0.0
2024-09-11,821,3661.66000000003,14.778000000000002,3646.88200000003,211358.9619999996,0.017557390017951955
2024-09-12,785,910.599999999975,7.065,903.534999999975,212262.49699999957,0.004274883787515841
2024-09-13,761,-60.87999999994463,13.698000000000002,-74.57799999994464,212187.91899999962,-0.0003513479821164301
2024-09-16,0,0.0,0.0,0.0,212187.91899999962,0.0
2024-09-17,0,0.0,0.0,0.0,212187.91899999962,0.0
2024-09-19,0,0.0,0.0,0.0,212187.91899999962,0.0
2024-09-20,0,0.0,0.0,0.0,212187.91899999962,0.0
2024-09-23,0,0.0,0.0,0.0,212187.91899999962,0.0
2024-09-24,0,0.0,0.0,0.0,212187.91899999962,0.0
2024-09-25,0,0.0,0.0,0.0,212187.91899999962,0.0
2024-09-26,0,0.0,0.0,0.0,212187.91899999962,0.0
2024-09-27,0,0.0,0.0,0.0,212187.91899999962,0.0
2024-09-30,0,0.0,0.0,0.0,212187.91899999962,0.0
2024-10-01,1476,-1195.5599999999195,26.568,-1222.1279999999194,210965.7909999997,-0.0057596493040676915
2024-10-03,0,0.0,0.0,0.0,210965.7909999997,0.0
2024-10-04,0,0.0,0.0,0.0,210965.7909999997,0.0
2024-10-07,1270,1917.6999999999884,11.430000000000001,1906.2699999999884,212872.0609999997,0.009035919951590593
2024-10-08,1169,876.75,21.042,855.708,213727.7689999997,0.004019822967749634
2024-10-09,1097,2314.670000000015,9.873000000000001,2304.797000000015,216032.56599999973,0.010783797588791647
2024-10-10,0,0.0,0.0,0.0,216032.56599999973,0.0
2024-10-11,1243,2945.9100000000058,11.187000000000001,2934.723000000006,218967.28899999973,0.01358463242065092
2024-10-14,1270,209.5499999999538,22.860000000000003,186.68999999995378,219153.97899999967,0.000852593101246068
2024-10-15,1211,2422.0,10.899000000000001,2411.101,221565.07999999967,0.011001858195784817
2024-10-17,0,0.0,0.0,0.0,221565.07999999967,0.0
2024-10-18,0,0.0,0.0,0.0,221565.07999999967,0.0
2024-10-21,1143,-1845.9450000000104,10.287,-1856.2320000000104,219708.84799999965,-0.008377818381849762
2024-10-22,0,0.0,0.0,0.0,219708.84799999965,0.0
2024-10-23,1144,-1063.9199999999428,20.592000000000002,-1084.5119999999429,218624.33599999972,-0.004936132567587559
2024-10-24,0,0.0,0.0,0.0,218624.33599999972,0.0
2024-10-25,1154,-1119.3800000000315,10.386000000000001,-1129.7660000000315,217494.5699999997,-0.005167613179166078
2024-10-28,0,0.0,0.0,0.0,217494.5699999997,0.0
2024-10-29,0,0.0,0.0,0.0,217494.5699999997,0.0
2024-10-30,0,0.0,0.0,0.0,217494.5699999997,0.0
2024-10-31,1511,7932.75,13.599000000000002,7919.151,225413.7209999997,0.03641079866959442
2024-11-01,1090,-2054.649999999866,19.62,-2074.269999999866,223339.45099999983,-0.009202057402707391
2024-11-04,1094,-1290.9199999999453,9.846000000000002,-1300.7659999999453,222038.68499999988,-0.005824165834454148
2024-11-05,1171,2986.0500000000798,10.539000000000001,2975.5110000000795,225014.19599999997,0.013400867510992875
2024-11-06,0,0.0,0.0,0.0,225014.19599999997,0.0
2024-11-07,761,-429.9650000000415,13.698000000000002,-443.6630000000415,224570.53299999994,-0.0019717111537266812
2024-11-08,744,-531.9600000000237,6.696000000000001,-538.6560000000237,224031.87699999992,-0.002398604985276603
2024-11-11,0,0.0,0.0,0.0,224031.87699999992,0.0
2024-11-12,742,-704.8999999999494,6.678000000000001,-711.5779999999494,223320.29899999997,-0.00317623549616535
2024-11-13,0,0.0,0.0,0.0,223320.29899999997,0.0
2024-11-14,769,1038.1500000000174,6.921000000000001,1031.2290000000173,224351.528,0.004617712785706137
2024-11-15,763,785.8899999999792,6.867000000000001,779.0229999999792,225130.55099999998,0.0034723320449147077
2024-11-18,717,-863.9850000000293,19.359,-883.3440000000294,224247.20699999994,-0.0039236966998762845
2024-11-19,713,-570.3999999999676,6.417000000000001,-576.8169999999676,223670.38999999996,-0.002572237165031749
2024-11-20,707,-2142.210000000061,19.089000000000002,-2161.299000000061,221509.0909999999,-0.009662874911605696
2024-11-21,845,-3456.050000000027,7.605000000000001,-3463.655000000027,218045.43599999987,-0.015636626850678688
2024-11-22,830,-2855.2000000000453,14.940000000000001,-2870.1400000000453,215175.29599999983,-0.013163036349910333
2024-11-25,0,0.0,0.0,0.0,215175.29599999983,0.0
2024-11-26,0,0.0,0.0,0.0,215175.29599999983,0.0
2024-11-27,1308,-26.159999999976208,11.772000000000002,-37.93199999997621,215137.36399999986,-0.00017628417715747556
2024-12-02,0,0.0,0.0,0.0,215137.36399999986,0.0
2024-12-03,0,0.0,0.0,0.0,215137.36399999986,0.0
2024-12-04,0,0.0,0.0,0.0,215137.36399999986,0.0
2024-12-05,0,0.0,0.0,0.0,215137.36399999986,0.0
2024-12-06,1245,-149.40000000000566,11.205000000000002,-160.60500000000567,214976.75899999985,-0.0007465230446906739
2024-12-09,1345,-423.6749999999204,36.315000000000005,-459.98999999992037,214516.7689999999,-0.002139719670812977
2024-12-10,1417,-283.39999999990334,12.753000000000002,-296.15299999990333,214220.616,-0.0013805587385101042
2024-12-11,1414,134.33000000003858,12.726,121.60400000003858,214342.22000000006,0.0005676577832267954
2024-12-12,1413,529.8749999998394,25.434000000000005,504.44099999983933,214846.6609999999,0.0023534374142426965
2024-12-13,1417,-1169.0250000000644,12.753000000000002,-1181.7780000000644,213664.88299999983,-0.005500564888928225
2024-12-16,1410,-211.50000000012824,12.690000000000001,-224.19000000012824,213440.6929999997,-0.0010492599291579815
2024-12-17,1413,-883.125,12.717000000000002,-895.842,212544.8509999997,-0.004197147167246132
2024-12-18,1407,14133.3150000001,37.989000000000004,14095.326000000101,226640.1769999998,0.06631694879308142
2024-12-19,0,0.0,0.0,0.0,226640.1769999998,0.0
2024-12-20,840,3317.9999999999427,7.5600000000000005,3310.4399999999428,229950.61699999974,0.014606589369191791
2024-12-27,0,0.0,0.0,0.0,229950.61699999974,0.0
2024-12-30,821,-1539.375,7.389000000000001,-1546.764,228403.85299999974,-0.006726505108703412
2024-12-31,802,-930.3199999999745,7.218000000000001,-937.5379999999744,227466.31499999977,-0.00410473811052555
2025-01-02,799,-3763.289999999938,14.382000000000001,-3777.671999999938,223688.64299999984,-0.016607610669737812
2025-01-03,795,47.700000000047,14.310000000000002,33.390000000046996,223722.03299999988,0.0001492699832778145
2025-01-06,724,427.16000000002305,6.516000000000001,420.644000000023,224142.6769999999,0.0018802081956765665
2025-01-07,712,2506.240000000068,12.816,2493.424000000068,226636.10099999997,0.011124271528175196
2025-01-08,729,-874.8000000000332,6.561000000000001,-881.3610000000332,225754.73999999993,-0.0038888817629281107
2025-01-10,730,726.3499999999203,13.140000000000002,713.2099999999203,226467.94999999987,0.0031592249181564055
2025-01-13,0,0.0,0.0,0.0,226467.94999999987,0.0
2025-01-14,0,0.0,0.0,0.0,226467.94999999987,0.0
2025-01-15,693,429.66000000000315,6.237000000000001,423.4230000000031,226891.37299999988,0.0018696817805786796
2025-01-16,0,0.0,0.0,0.0,226891.37299999988,0.0
2025-01-17,0,0.0,0.0,0.0,226891.37299999988,0.0
2025-01-21,0,0.0,0.0,0.0,226891.37299999988,0.0
2025-01-22,0,0.0,0.0,0.0,226891.37299999988,0.0
2025-01-23,0,0.0,0.0,0.0,226891.37299999988,0.0
2025-01-24,0,0.0,0.0,0.0,226891.37299999988,0.0
2025-01-27,0,0.0,0.0,0.0,226891.37299999988,0.0
2025-01-28,802,-368.9200000000292,14.436000000000002,-383.35600000002916,226508.01699999985,-0.0016896014816747986
2025-01-29,787,-2384.6099999999788,7.083000000000001,-2391.692999999979,224116.32399999988,-0.010558977256862305
2025-01-30,0,0.0,0.0,0.0,224116.32399999988,0.0
2025-01-31,814,-93.6100000000074,14.652000000000001,-108.2620000000074,224008.06199999986,-0.0004830616443628955
2025-02-03,0,0.0,0.0,0.0,224008.06199999986,0.0
2025-02-04,900,1187.9999999999427,16.200000000000003,1171.7999999999427,225179.8619999998,0.00523106172848343
2025-02-05,0,0.0,0.0,0.0,225179.8619999998,0.0
2025-02-06,0,0.0,0.0,0.0,225179.8619999998,0.0
2025-02-07,1045,2826.724999999924,9.405000000000001,2817.3199999999238,227997.1819999997,0.012511420759285866
2025-02-10,0,0.0,0.0,0.0,227997.1819999997,0.0
2025-02-11,0,0.0,0.0,0.0,227997.1819999997,0.0
2025-02-12,0,0.0,0.0,0.0,227997.1819999997,0.0
2025-02-13,1123,1667.6550000001432,20.214000000000002,1647.4410000001433,229644.62299999985,0.0072257077282654545
2025-02-14,0,0.0,0.0,0.0,229644.62299999985,0.0
2025-02-18,0,0.0,0.0,0.0,229644.62299999985,0.0
2025-02-19,0,0.0,0.0,0.0,229644.62299999985,0.0
2025-02-20,1341,-1273.950000000061,24.138,-1298.088000000061,228346.5349999998,-0.005652594792084732
2025-02-21,1319,10439.884999999951,11.871000000000002,10428.013999999952,238774.54899999977,0.04566749392540579
2025-02-24,1089,-1671.6149999999652,9.801000000000002,-1681.4159999999652,237093.1329999998,-0.007041856039690255
2025-02-25,1109,232.89000000004035,19.962000000000003,212.92800000004036,237306.06099999984,0.0008980774656178698
2025-02-26,1140,-3391.500000000026,20.520000000000003,-3412.020000000026,233894.04099999982,-0.014378140978034389
2025-02-27,1143,2823.210000000031,20.574,2802.636000000031,236696.67699999985,0.011982502794930261
2025-02-28,1043,2268.5249999999523,18.774,2249.7509999999525,238946.4279999998,0.009504784893959258
2025-03-03,909,3754.169999999996,8.181000000000001,3745.988999999996,242692.4169999998,0.015677108175896227
2025-03-04,882,-335.159999999996,7.938000000000001,-343.097999999996,242349.3189999998,-0.0014137153696071032
2025-03-05,860,-111.79999999999609,15.480000000000002,-127.2799999999961,242222.03899999982,-0.0005251923154774625
2025-03-06,804,-562.8000000000366,7.236000000000001,-570.0360000000366,241652.00299999976,-0.0023533614131620658
2025-03-07,806,-3304.5999999999267,14.508000000000001,-3319.1079999999265,238332.89499999984,-0.01373507340636415
2025-03-11,792,-2653.199999999928,14.256000000000002,-2667.455999999928,235665.43899999993,-0.01119214366107511
2025-03-12,0,0.0,0.0,0.0,235665.43899999993,0.0
2025-03-13,631,123.0449999999596,11.358,111.6869999999596,235777.12599999987,0.0004739218464696456
2025-03-14,630,1562.4000000000115,5.670000000000001,1556.7300000000114,237333.85599999988,0.00660254888338919
2025-03-17,564,-721.9199999999846,10.152000000000001,-732.0719999999847,236601.7839999999,-0.003084566240730463
2025-03-18,547,-716.5699999999702,9.846000000000002,-726.4159999999702,235875.36799999993,-0.0030702050834915534
2025-03-19,543,-939.3899999999481,9.774000000000001,-949.1639999999481,234926.20399999997,-0.004024006440553591
2025-03-20,525,20.9999999999809,4.7250000000000005,16.2749999999809,234942.47899999996,6.927707391884177e-05
2025-03-21,0,0.0,0.0,0.0,234942.47899999996,0.0
2025-03-24,0,0.0,0.0,0.0,234942.47899999996,0.0
2025-03-25,0,0.0,0.0,0.0,234942.47899999996,0.0
2025-03-26,552,2092.07999999998,4.968000000000001,2087.11199999998,237029.59099999996,0.0088835020762677
2025-03-27,0,0.0,0.0,0.0,237029.59099999996,0.0
2025-03-28,598,2332.199999999986,5.382000000000001,2326.817999999986,239356.40899999996,0.009816571805163292
2025-03-31,0,0.0,0.0,0.0,239356.40899999996,0.0
2025-04-01,729,-3273.2100000000064,6.561000000000001,-3279.7710000000066,236076.63799999995,-0.013702457409444204
2025-04-02,725,-1196.250000000066,6.525,-1202.775000000066,234873.8629999999,-0.005094849749597274
2025-04-03,772,-459.34000000002106,20.844,-480.18400000002106,234393.6789999999,-0.002044433526432957
2025-04-04,549,5673.914999999989,4.941000000000001,5668.973999999989,240062.65299999987,0.024185694871063448
2025-04-07,0,0.0,0.0,0.0,240062.65299999987,0.0
2025-04-08,425,354.8749999999913,3.8250000000000006,351.0499999999913,240413.70299999986,0.0014623265868847642
2025-04-09,461,8127.430000000023,8.298000000000002,8119.132000000023,248532.83499999988,0.03377150261688714
2025-04-10,269,1534.645000000011,2.4210000000000003,1532.2240000000108,250065.0589999999,0.006165076739256653
2025-04-11,268,-900.4800000000037,4.824000000000001,-905.3040000000036,249159.7549999999,-0.0036202738744080354
2025-04-14,0,0.0,0.0,0.0,249159.7549999999,0.0
2025-04-15,0,0.0,0.0,0.0,249159.7549999999,0.0
2025-04-16,0,0.0,0.0,0.0,249159.7549999999,0.0
2025-04-17,0,0.0,0.0,0.0,249159.7549999999,0.0
2025-04-21,266,1883.280000000011,2.394,1880.8860000000109,251040.6409999999,0.007548915754873863
2025-04-22,267,-630.1200000000036,2.4030000000000005,-632.5230000000037,250408.11799999987,-0.0025196039871488536
2025-04-23,250,111.24999999998408,2.2500000000000004,108.99999999998408,250517.11799999984,0.00043528940223888483
2025-04-24,250,1465.0000000000034,2.2500000000000004,1462.7500000000034,251979.86799999984,0.005838922352603483
2025-04-25,0,0.0,0.0,0.0,251979.86799999984,0.0
2025-04-28,0,0.0,0.0,0.0,251979.86799999984,0.0
2025-04-29,0,0.0,0.0,0.0,251979.86799999984,0.0
2025-04-30,305,-1287.0999999999735,2.745,-1289.8449999999734,250690.02299999987,-0.005118841478240532
2025-05-01,511,-229.94999999996514,4.599,-234.54899999996513,250455.4739999999,-0.0009356136203312936
2025-05-02,0,0.0,0.0,0.0,250455.4739999999,0.0
2025-05-05,0,0.0,0.0,0.0,250455.4739999999,0.0
2025-05-06,0,0.0,0.0,0.0,250455.4739999999,0.0
2025-05-07,0,0.0,0.0,0.0,250455.4739999999,0.0
2025-05-08,706,-1715.5799999999647,6.354000000000001,-1721.9339999999647,248733.53999999992,-0.006875210082251847
2025-05-09,0,0.0,0.0,0.0,248733.53999999992,0.0
2025-05-12,0,0.0,0.0,0.0,248733.53999999992,0.0
2025-05-13,773,-69.5700000000246,6.957000000000001,-76.5270000000246,248657.0129999999,-0.0003076665897169502
2025-05-14,0,0.0,0.0,0.0,248657.0129999999,0.0
2025-05-15,848,-462.1599999999653,7.632000000000001,-469.7919999999653,248187.22099999993,-0.0018893173143681473
2025-05-16,840,352.7999999999656,7.5600000000000005,345.2399999999656,248532.4609999999,0.001391046640551915
2025-05-19,0,0.0,0.0,0.0,248532.4609999999,0.0
2025-05-20,0,0.0,0.0,0.0,248532.4609999999,0.0
2025-05-21,830,1377.7999999999736,7.470000000000001,1370.3299999999736,249902.79099999988,0.005513686198117896
2025-05-22,737,-3581.820000000094,19.899,-3601.7190000000937,246301.07199999978,-0.014412480091109089
2025-05-23,0,0.0,0.0,0.0,246301.07199999978,0.0
2025-05-27,747,2375.4599999999627,6.723000000000001,2368.736999999963,248669.80899999975,0.009617241942008133
2025-05-28,712,-28.479999999974098,6.408,-34.8879999999741,248634.92099999977,-0.00014029849518231677
2025-05-29,0,0.0,0.0,0.0,248634.92099999977,0.0
2025-05-30,701,-3736.329999999949,18.927000000000003,-3755.256999999949,244879.66399999982,-0.01510349787108124
2025-06-02,0,0.0,0.0,0.0,244879.66399999982,0.0
2025-06-03,978,1770.1800000000578,8.802000000000001,1761.378000000058,246641.04199999987,0.007192830842825965
2025-06-04,0,0.0,0.0,0.0,246641.04199999987,0.0
2025-06-05,981,-2452.5,17.658,-2470.158,244170.88399999987,-0.01001519447035097
2025-06-06,963,-1165.230000000035,8.667000000000002,-1173.897000000035,242996.98699999985,-0.004807686243213321
2025-06-09,0,0.0,0.0,0.0,242996.98699999985,0.0
2025-06-10,0,0.0,0.0,0.0,242996.98699999985,0.0
2025-06-11,0,0.0,0.0,0.0,242996.98699999985,0.0
2025-06-12,0,0.0,0.0,0.0,242996.98699999985,0.0
2025-06-13,1134,-2738.610000000088,10.206000000000001,-2748.816000000088,240248.17099999977,-0.011312140261229205
2025-06-16,1035,-993.59999999992,18.630000000000003,-1012.22999999992,239235.94099999985,-0.0042132682874822846
2025-06-17,1293,-297.3900000000235,11.637000000000002,-309.0270000000235,238926.91399999982,-0.0012917248081885143
2025-06-18,1235,-1383.1999999998652,11.115000000000002,-1394.3149999998652,237532.59899999996,-0.0058357385388565575
2025-06-20,1234,2332.2600000001235,11.106000000000002,2321.1540000001232,239853.75300000008,0.00977193871397889
2025-06-23,1212,2320.979999999956,21.816000000000003,2299.163999999956,242152.91700000004,0.009585691160729744
2025-06-24,1149,229.80000000005225,20.682000000000002,209.11800000005223,242362.0350000001,0.0008635782818178986
2025-06-25,0,0.0,0.0,0.0,242362.0350000001,0.0
2025-06-26,1077,818.5200000001128,19.386000000000003,799.1340000001128,243161.1690000002,0.0032972738490172873
2025-06-27,1080,-415.7999999999902,9.72,-425.5199999999902,242735.6490000002,-0.001749950461868317
2025-06-30,0,0.0,0.0,0.0,242735.6490000002,0.0
2025-07-01,0,0.0,0.0,0.0,242735.6490000002,0.0
2025-07-02,1120,-167.99999999997453,10.080000000000002,-178.07999999997455,242557.56900000022,-0.0007336376042563669
2025-07-07,1120,-2508.80000000001,10.080000000000002,-2518.88000000001,240038.68900000022,-0.010384668721675752
2025-07-08,0,0.0,0.0,0.0,240038.68900000022,0.0
2025-07-09,1316,-1355.479999999964,11.844000000000001,-1367.3239999999641,238671.36500000025,-0.005696265071669188
2025-07-10,1371,13.70999999998753,24.678000000000004,-10.968000000012474,238660.39700000023,-4.5954402615548215e-05
2025-07-11,0,0.0,0.0,0.0,238660.39700000023,0.0
2025-07-14,0,0.0,0.0,0.0,238660.39700000023,0.0
2025-07-15,0,0.0,0.0,0.0,238660.39700000023,0.0
2025-07-16,0,0.0,0.0,0.0,238660.39700000023,0.0
2025-07-17,1529,3386.735000000049,13.761000000000001,3372.974000000049,242033.37100000028,0.014132943891818154
2025-07-18,0,0.0,0.0,0.0,242033.37100000028,0.0
2025-07-21,1539,-638.684999999944,13.851,-652.535999999944,241380.83500000034,-0.0026960579745837743
2025-07-22,1535,-1918.75,13.815000000000001,-1932.565,239448.27000000034,-0.008006290143125892
2025-07-23,0,0.0,0.0,0.0,239448.27000000034,0.0
2025-07-24,0,0.0,0.0,0.0,239448.27000000034,0.0
2025-07-25,1508,422.23999999995885,13.572000000000001,408.66799999995885,239856.9380000003,0.0017067068390177063
2025-07-28,0,0.0,0.0,0.0,239856.9380000003,0.0
2025-07-29,1502,-1096.4600000000273,27.036000000000005,-1123.4960000000274,238733.44200000027,-0.004684025441865793
2025-07-30,1501,-2611.739999999843,13.509000000000002,-2625.248999999843,236108.19300000044,-0.01099656997363545
2025-07-31,0,0.0,0.0,0.0,236108.19300000044,0.0
2025-08-01,1507,-6532.844999999883,40.68900000000001,-6573.533999999883,229534.65900000057,-0.02784119397330643
2025-08-04,1262,2435.6600000000803,11.358,2424.30200000008,231958.96100000065,0.010561812366646007
2025-08-05,1051,-2737.8550000001387,18.918000000000003,-2756.773000000139,229202.18800000052,-0.0118847445604834
2025-08-06,1023,823.5150000000651,9.207,814.3080000000651,230016.4960000006,0.003552793309285788
2025-08-07,1001,-1651.6499999999774,18.018,-1669.6679999999774,228346.82800000062,-0.007258905465632226
2025-08-08,998,9.979999999877464,26.946,-16.966000000122538,228329.8620000005,-7.429925849516286e-05
2025-08-11,0,0.0,0.0,0.0,228329.8620000005,0.0
2025-08-12,952,1423.2400000000043,8.568000000000001,1414.6720000000043,229744.53400000048,0.006195737988927621
2025-08-13,0,0.0,0.0,0.0,229744.53400000048,0.0
2025-08-14,0,0.0,0.0,0.0,229744.53400000048,0.0
2025-08-15,0,0.0,0.0,0.0,229744.53400000048,0.0
2025-08-18,0,0.0,0.0,0.0,229744.53400000048,0.0
2025-08-19,931,912.3800000000169,8.379000000000001,904.0010000000169,230648.5350000005,0.003934809609006911
2025-08-20,919,-3951.6999999999584,24.813000000000002,-3976.5129999999585,226672.02200000055,-0.01724057341183611
2025-08-21,0,0.0,0.0,0.0,226672.02200000055,0.0
2025-08-22,1130,1152.5999999999794,10.170000000000002,1142.4299999999794,227814.45200000054,0.005040013275215662
2025-08-25,0,0.0,0.0,0.0,227814.45200000054,0.0
2025-08-26,0,0.0,0.0,0.0,227814.45200000054,0.0
2025-08-27,0,0.0,0.0,0.0,227814.45200000054,0.0
2025-08-28,0,0.0,0.0,0.0,227814.45200000054,0.0
2025-08-29,1201,684.5700000000601,10.809000000000001,673.7610000000601,228488.2130000006,0.0029574989386540696
2025-09-02,1170,-321.7499999999734,10.530000000000001,-332.27999999997337,228155.93300000063,-0.001454254447689923
2025-09-03,0,0.0,0.0,0.0,228155.93300000063,0.0
2025-09-04,1200,2489.999999999918,21.6,2468.3999999999182,230624.33300000054,0.01081891655212802
2025-09-05,1119,-693.7800000000051,10.071000000000002,-703.8510000000051,229920.48200000054,-0.0030519372819172706
2025-09-08,0,0.0,0.0,0.0,229920.48200000054,0.0
2025-09-09,0,0.0,0.0,0.0,229920.48200000054,0.0
2025-09-10,0,0.0,0.0,0.0,229920.48200000054,0.0
2025-09-11,1164,2275.6199999999153,10.476,2265.143999999915,232185.62600000045,0.009851858261152696
2025-09-12,0,0.0,0.0,0.0,232185.62600000045,0.0
2025-09-15,1408,0.0,12.672,-12.672,232172.95400000046,-5.4577021921244926e-05
2025-09-16,0,0.0,0.0,0.0,232172.95400000046,0.0
2025-09-17,1407,-3932.5649999999423,25.326000000000004,-3957.8909999999423,228215.06300000052,-0.01704716648434397
2025-09-18,1379,-3144.120000000119,24.822000000000003,-3168.942000000119,225046.1210000004,-0.013885770546180433
2025-09-19,0,0.0,0.0,0.0,225046.1210000004,0.0
2025-09-22,1359,1182.3299999998517,24.462000000000003,1157.8679999998517,226203.98900000023,0.005145025361267389
2025-09-23,1357,474.95000000003085,12.213000000000001,462.73700000003083,226666.72600000026,0.002045662421983329
2025-09-24,1364,-1323.0800000001923,24.552000000000003,-1347.6320000001922,225319.09400000007,-0.0059454337378137745
2025-09-25,1369,-5633.435000000012,24.642000000000003,-5658.077000000012,219661.01700000005,-0.025111396018661473
2025-09-26,1332,-3689.6399999999758,23.976000000000003,-3713.615999999976,215947.40100000007,-0.016906122218308655
2025-09-29,0,0.0,0.0,0.0,215947.40100000007,0.0
2025-09-30,0,0.0,0.0,0.0,215947.40100000007,0.0
2025-10-01,1302,709.5899999999467,11.718000000000002,697.8719999999468,216645.27300000002,0.003231675846841734
2025-10-02,0,0.0,0.0,0.0,216645.27300000002,0.0
2025-10-03,1293,-1396.4400000000528,11.637000000000002,-1408.0770000000527,215237.19599999997,-0.006499458679627193
2025-10-06,0,0.0,0.0,0.0,215237.19599999997,0.0
2025-10-07,1280,121.60000000003492,11.520000000000001,110.08000000003493,215347.276,0.000511435765034009
2025-10-08,1285,687.4749999999591,23.130000000000003,664.3449999999591,216011.62099999998,0.003084993747494438
2025-10-09,1282,1205.0799999999242,23.076000000000004,1182.0039999999242,217193.6249999999,0.0054719463449604145
2025-10-10,1292,20491.120000000017,11.628000000000002,20479.492000000017,237673.11699999994,0.09429140473160769
2025-10-13,870,-3667.0500000001266,23.490000000000002,-3690.5400000001264,233982.57699999982,-0.015527797365488868
2025-10-14,0,0.0,0.0,0.0,233982.57699999982,0.0
2025-10-15,761,-555.5300000000138,6.849000000000001,-562.3790000000139,233420.1979999998,-0.0024035080184624785
2025-10-16,765,-1530.0,6.885000000000001,-1536.885,231883.3129999998,-0.006584198853262909
2025-10-17,763,-2723.910000000038,13.734000000000002,-2737.644000000038,229145.66899999976,-0.011806127679398993
2025-10-20,739,742.6949999999966,6.651000000000001,736.0439999999967,229881.71299999976,0.003212122678172885
2025-10-21,0,0.0,0.0,0.0,229881.71299999976,0.0
2025-10-22,711,-1077.1650000000711,19.197000000000003,-1096.362000000071,228785.35099999967,-0.004769244085109424
2025-10-23,703,-1332.1849999999872,25.308000000000003,-1357.4929999999872,227427.8579999997,-0.005933478669270171
2025-10-24,0,0.0,0.0,0.0,227427.8579999997,0.0
2025-10-27,0,0.0,0.0,0.0,227427.8579999997,0.0
2025-10-28,0,0.0,0.0,0.0,227427.8579999997,0.0
2025-10-29,0,0.0,0.0,0.0,227427.8579999997,0.0
2025-10-30,0,0.0,0.0,0.0,227427.8579999997,0.0
2025-10-31,0,0.0,0.0,0.0,227427.8579999997,0.0
2025-11-03,1032,-2064.0,9.288,-2073.288,225354.5699999997,-0.009116244677466042
2025-11-04,0,0.0,0.0,0.0,225354.5699999997,0.0
2025-11-05,909,409.05000000004134,8.181000000000001,400.86900000004135,225755.43899999972,0.0017788367903967598
2025-11-06,950,2735.9999999999955,17.1,2718.8999999999955,228474.33899999972,0.012043563654738786
2025-11-07,891,-1732.9949999999433,8.019,-1741.0139999999433,226733.32499999978,-0.007620173047091934
2025-11-10,937,1358.649999999936,8.433000000000002,1350.216999999936,228083.54199999972,0.005955088428222615
2025-11-11,0,0.0,0.0,0.0,228083.54199999972,0.0
2025-11-12,0,0.0,0.0,0.0,228083.54199999972,0.0
2025-11-13,839,3473.4599999999887,15.102000000000002,3458.357999999989,231541.8999999997,0.01516268104956031
2025-11-14,774,-626.9400000000458,6.966000000000001,-633.9060000000458,230907.99399999966,-0.002737759342909627
2025-11-17,835,37.574999999965826,7.515000000000001,30.059999999965825,230938.05399999963,0.00013018172077648325
2025-11-18,828,-6971.759999999966,14.904000000000002,-6986.663999999966,223951.38999999966,-0.030253411592357046
2025-11-19,794,-2247.0200000000323,7.146000000000001,-2254.1660000000325,221697.22399999964,-0.010065425358601417
2025-11-20,784,1262.2400000000107,14.112000000000002,1248.1280000000106,222945.35199999964,0.005629876538282738
2025-11-21,754,-4501.38000000002,13.572000000000001,-4514.95200000002,218430.39999999962,-0.0202513842943899
2025-11-24,683,2223.164999999997,6.147000000000001,2217.017999999997,220647.41799999963,0.010149768530387715
2025-11-25,643,270.0600000000468,11.574000000000002,258.4860000000468,220905.90399999966,0.0011714888954651045
2025-11-26,0,0.0,0.0,0.0,220905.90399999966,0.0
2025-12-01,0,0.0,0.0,0.0,220905.90399999966,0.0
2025-12-02,0,0.0,0.0,0.0,220905.90399999966,0.0
2025-12-03,0,0.0,0.0,0.0,220905.90399999966,0.0
2025-12-04,0,0.0,0.0,0.0,220905.90399999966,0.0
2025-12-05,684,-711.3599999999751,6.156000000000001,-717.5159999999751,220188.3879999997,-0.0032480616724484476
2025-12-08,0,0.0,0.0,0.0,220188.3879999997,0.0
2025-12-09,0,0.0,0.0,0.0,220188.3879999997,0.0
2025-12-10,844,-472.63999999995394,7.596000000000001,-480.23599999995395,219708.15199999974,-0.002181023279029386
2025-12-11,899,-3204.935000000049,8.091000000000001,-3213.026000000049,216495.1259999997,-0.014624063653314296
2025-12-12,882,626.2200000000321,15.876000000000001,610.3440000000321,217105.46999999974,0.0028192043455058336
2025-12-15,1015,-1502.199999999903,9.135000000000002,-1511.334999999903,215594.13499999983,-0.006961293973845545
2025-12-16,1059,-2308.619999999947,9.531,-2318.150999999947,213275.98399999988,-0.010752384335501283
2025-12-17,1254,3774.540000000131,11.286000000000001,3763.254000000131,217039.238,0.01764499654119581
2025-12-18,1205,-241.0000000000548,10.845,-251.8450000000548,216787.39299999995,-0.001160366219126031
2025-12-19,1188,594.0,10.692000000000002,583.308,217370.70099999994,0.0026906915200553203
2025-12-22,0,0.0,0.0,0.0,217370.70099999994,0.0
2025-12-23,1084,373.97999999990634,19.512000000000004,354.46799999990634,217725.16899999985,0.001630707350941038
2025-12-26,0,0.0,0.0,0.0,217725.16899999985,0.0
2025-12-29,0,0.0,0.0,0.0,217725.16899999985,0.0
2025-12-30,0,0.0,0.0,0.0,217725.16899999985,0.0
2025-12-31,1054,57.96999999994728,18.972,38.997999999947275,217764.16699999978,0.00017911571812787204
2026-01-02,0,0.0,0.0,0.0,217764.16699999978,0.0
2026-01-05,1040,-312.00000000007094,9.360000000000001,-321.36000000007095,217442.8069999997,-0.0014757248836080148
2026-01-06,997,-204.38500000004092,17.946,-222.33100000004092,217220.47599999967,-0.0010224803619281885
2026-01-07,0,0.0,0.0,0.0,217220.47599999967,0.0
2026-01-08,0,0.0,0.0,0.0,217220.47599999967,0.0
2026-01-09,1098,1718.369999999935,19.764000000000003,1698.6059999999352,218919.08199999962,0.00781973242706612
2026-01-12,0,0.0,0.0,0.0,218919.08199999962,0.0
2026-01-13,1259,-2266.2000000000858,22.662000000000003,-2288.8620000000856,216630.21999999954,-0.010455287767011967
2026-01-14,1254,-3034.6799999999484,22.572000000000003,-3057.2519999999486,213572.9679999996,-0.014112767830822288
2026-01-15,0,0.0,0.0,0.0,213572.9679999996,0.0
2026-01-16,0,0.0,0.0,0.0,213572.9679999996,0.0
2026-01-20,1253,1472.2750000000856,11.277000000000001,1460.9980000000855,215033.96599999967,0.006840744002771401
2026-01-21,919,-1553.1100000000501,16.542,-1569.65200000005,213464.3139999996,-0.007299553783052359
2026-01-22,0,0.0,0.0,0.0,213464.3139999996,0.0
2026-01-23,0,0.0,0.0,0.0,213464.3139999996,0.0
2026-01-26,831,444.58499999997355,7.479000000000001,437.10599999997356,213901.41999999958,0.0020476771588152872
2026-01-27,836,-627.0,7.524000000000001,-634.524,213266.89599999957,-0.0029664319199003038
2026-01-28,0,0.0,0.0,0.0,213266.89599999957,0.0
2026-01-29,849,-1154.640000000108,15.282000000000002,-1169.922000000108,212096.97399999946,-0.005485717764655375
2026-01-30,846,-1920.4199999999846,7.614000000000001,-1928.0339999999846,210168.93999999948,-0.009090341854664978
2026-02-02,861,598.3949999999452,7.7490000000000006,590.6459999999452,210759.58599999943,0.002810339149067158
2026-02-03,840,1360.8000000000993,15.120000000000001,1345.6800000000994,212105.26599999954,0.006384905311021549
2026-02-04,813,-1406.4900000000148,7.317000000000001,-1413.8070000000148,210691.45899999954,-0.006665591225820946
2026-02-05,817,-2434.660000000015,7.353000000000001,-2442.013000000015,208249.44599999953,-0.011590469834849928
2026-02-06,747,4407.299999999983,6.723000000000001,4400.576999999983,212650.02299999952,0.021131278303616677
2026-02-09,620,-86.79999999992106,11.160000000000002,-97.95999999992105,212552.0629999996,-0.00046066301154324953
2026-02-10,0,0.0,0.0,0.0,212552.0629999996,0.0
2026-02-11,0,0.0,0.0,0.0,212552.0629999996,0.0
2026-02-12,804,1937.6399999999744,7.236000000000001,1930.4039999999743,214482.46699999957,0.009082028999172678
2026-02-13,0,0.0,0.0,0.0,214482.46699999957,0.0
2026-02-17,739,-746.3899999999933,6.651000000000001,-753.0409999999932,213729.42599999957,-0.0035109676354104728
2026-02-18,740,1269.0999999999394,13.320000000000002,1255.7799999999395,214985.2059999995,0.005875559690128687
2026-02-19,0,0.0,0.0,0.0,214985.2059999995,0.0
2026-02-20,731,-4934.250000000001,19.737000000000002,-4953.987000000001,210031.21899999952,-0.023043385599286363
2026-02-23,689,406.51000000002193,12.402000000000001,394.10800000002195,210425.32699999952,0.0018764258088699798
2026-02-24,679,-482.0900000001019,18.333000000000002,-500.4230000001019,209924.90399999943,-0.002378150040846096
2026-02-25,0,0.0,0.0,0.0,209924.90399999943,0.0
2026-02-26,654,-258.3299999999881,11.772000000000002,-270.1019999999881,209654.80199999944,-0.0012866601096551595
2026-02-27,0,0.0,0.0,0.0,209654.80199999944,0.0
2026-03-02,0,0.0,0.0,0.0,209654.80199999944,0.0
2026-03-03,914,356.45999999998753,8.226,348.23399999998753,210003.03599999944,0.0016609874740669591
2026-03-04,865,-2158.175000000102,15.570000000000002,-2173.745000000102,207829.29099999933,-0.010351017020535399
2026-03-05,817,-2504.104999999952,7.353000000000001,-2511.457999999952,205317.83299999937,-0.01208423503691768
2026-03-06,961,-3161.689999999965,8.649000000000001,-3170.338999999965,202147.4939999994,-0.015441128292056221
2026-03-09,837,753.2999999998858,15.066000000000003,738.2339999998858,202885.72799999928,0.003651957218920003
2026-03-10,780,-889.1999999999894,7.0200000000000005,-896.2199999999893,201989.50799999927,-0.004417363452987647
2026-03-11,0,0.0,0.0,0.0,201989.50799999927,0.0
2026-03-12,802,633.580000000062,7.218000000000001,626.362000000062,202615.86999999933,0.0031009630460611067
2026-03-13,0,0.0,0.0,0.0,202615.86999999933,0.0
2026-03-16,779,-319.39000000006376,7.011000000000001,-326.4010000000638,202289.46899999926,-0.0016109350170846186
2026-03-17,0,0.0,0.0,0.0,202289.46899999926,0.0
2026-03-18,792,1488.9599999999964,7.128000000000001,1481.8319999999965,203771.30099999925,0.007325304709757293
2026-03-19,0,0.0,0.0,0.0,203771.30099999925,0.0
2026-03-20,758,3494.38000000001,6.822000000000001,3487.55800000001,207258.85899999927,0.017115059789504034
2026-03-23,700,-2961.0000000000127,6.300000000000001,-2967.300000000013,204291.55899999925,-0.014316878971142186
2026-03-24,0,0.0,0.0,0.0,204291.55899999925,0.0
2026-03-25,0,0.0,0.0,0.0,204291.55899999925,0.0
2026-03-26,658,2138.5,11.844000000000001,2126.656,206418.21499999924,0.010409906363287421
2026-03-27,644,1960.9800000000469,11.592,1949.3880000000468,208367.60299999928,0.009443875871129173
2026-03-30,648,-1532.520000000006,5.832000000000001,-1538.352000000006,206829.25099999926,-0.007382875158380602
2026-03-31,645,2599.3499999999826,11.610000000000001,2587.7399999999825,209416.99099999925,0.012511479819650808
2026-04-01,476,-554.5399999999827,8.568000000000001,-563.1079999999827,208853.88299999927,-0.002688931768673845
2026-04-02,0,0.0,0.0,0.0,208853.88299999927,0.0
2026-04-06,484,-251.6799999999912,4.356000000000001,-256.0359999999912,208597.84699999928,-0.0012259096949611996
2026-04-07,492,-829.0199999999732,8.856000000000002,-837.8759999999731,207759.97099999932,-0.004016704927927545
2026-04-08,0,0.0,0.0,0.0,207759.97099999932,0.0
2026-04-09,436,4.359999999996035,3.9240000000000004,0.4359999999960342,207760.4069999993,2.098575572077047e-06
2026-04-10,0,0.0,0.0,0.0,207760.4069999993,0.0
2026-04-13,0,0.0,0.0,0.0,207760.4069999993,0.0
2026-04-14,466,1570.4200000000021,4.194000000000001,1566.2260000000022,209326.6329999993,0.007538616344739868
2026-04-15,0,0.0,0.0,0.0,209326.6329999993,0.0
2026-04-16,0,0.0,0.0,0.0,209326.6329999993,0.0
2026-04-17,520,77.99999999998818,9.360000000000001,68.63999999998818,209395.2729999993,0.0003279085848573717
2026-04-20,0,0.0,0.0,0.0,209395.2729999993,0.0
2026-04-21,643,-1549.6299999999796,11.574000000000002,-1561.2039999999797,207834.06899999932,-0.007455774801563859
2026-04-22,0,0.0,0.0,0.0,207834.06899999932,0.0
2026-04-23,0,0.0,0.0,0.0,207834.06899999932,0.0
2026-04-24,701,-841.2000000000319,18.927000000000003,-860.1270000000319,206973.94199999928,-0.004138527451916629
2026-04-27,0,0.0,0.0,0.0,206973.94199999928,0.0
2026-04-28,0,0.0,0.0,0.0,206973.94199999928,0.0
2026-04-29,0,0.0,0.0,0.0,206973.94199999928,0.0
2026-04-30,874,445.73999999999205,7.8660000000000005,437.87399999999207,207411.81599999926,0.0021155996536027398
2026-05-01,856,-2324.0400000000272,15.408000000000001,-2339.448000000027,205072.36799999923,-0.011279241680233086
2026-05-04,875,-1120.0000000000755,15.750000000000002,-1135.7500000000755,203936.61799999914,-0.005538288805442963
2026-05-05,906,-570.7800000000989,24.462000000000003,-595.2420000000989,203341.37599999906,-0.0029187597883971058
2026-05-06,894,3656.4600000000282,8.046000000000001,3648.4140000000284,206989.78999999908,0.017942309980237596
2026-05-07,810,-1093.5000000000184,14.580000000000002,-1108.0800000000183,205881.70999999906,-0.005353307523042674
2026-05-08,845,-249.27499999996542,7.605000000000001,-256.87999999996543,205624.82999999908,-0.0012477067535526425
2026-05-11,832,-1472.6399999999849,14.976000000000003,-1487.615999999985,204137.2139999991,-0.007234612668129582
2026-05-12,907,807.2299999999876,8.163,799.0669999999876,204936.2809999991,0.003914362228927016
2026-05-13,941,536.3699999999401,8.469000000000001,527.90099999994,205464.18199999904,0.002575927490359515
2026-05-14,983,1272.9849999999597,17.694000000000003,1255.2909999999597,206719.472999999,0.0061095368924203326
2026-05-15,992,-1775.679999999964,8.928,-1784.607999999964,204934.86499999903,-0.008632994144678245
2026-05-18,795,-4289.024999999985,14.310000000000002,-4303.3349999999855,200631.52999999904,-0.020998549953908555
2026-05-19,812,-1238.2999999999815,14.616000000000001,-1252.9159999999815,199378.61399999907,-0.006244860914931903
2026-05-20,762,2545.0799999999376,6.8580000000000005,2538.2219999999375,201916.83599999902,0.01273066327966323
2026-05-21,0,0.0,0.0,0.0,201916.83599999902,0.0
2026-05-22,756,-1398.5999999999312,6.804000000000001,-1405.4039999999313,200511.4319999991,-0.006960311125318634
2026-05-26,765,-87.97500000000696,6.885000000000001,-94.86000000000696,200416.57199999908,-0.0004730902325808904
2026-05-27,0,0.0,0.0,0.0,200416.57199999908,0.0
2026-05-28,871,1672.3199999999642,7.839000000000001,1664.4809999999643,202081.05299999905,0.008305106625613633
2026-05-29,884,-1043.1199999999558,7.956000000000001,-1051.0759999999557,201029.9769999991,-0.005201259516397911
2026-06-01,917,-999.5299999999249,8.253,-1007.782999999925,200022.19399999917,-0.005013098121181845
2026-06-02,0,0.0,0.0,0.0,200022.19399999917,0.0
2026-06-03,920,1094.8000000000502,24.840000000000003,1069.9600000000503,201092.15399999922,0.005349206398566225
2026-06-04,875,402.50000000003183,7.875000000000001,394.62500000003183,201486.77899999925,0.001962408737240108
2026-06-05,914,10337.33999999995,8.226,10329.113999999949,211815.8929999992,0.051264475273586
2026-06-08,657,-1156.319999999994,5.913,-1162.232999999994,210653.6599999992,-0.00548699620004434
2026-06-09,652,-2637.3399999999733,5.868,-2643.2079999999733,208010.4519999992,-0.012547648115869354
2026-06-10,663,2638.7399999999366,5.9670000000000005,2632.7729999999365,210643.22499999913,0.012656926489443648
2026-06-11,640,1747.1999999999389,5.760000000000001,1741.439999999939,212384.66499999908,0.008267249041596026
2026-06-12,560,-2883.9999999999873,5.040000000000001,-2889.0399999999872,209495.6249999991,-0.013602865348117294
2026-06-15,541,1082.0,4.869000000000001,1077.131,210572.7559999991,0.005141544125324835
2026-06-16,0,0.0,0.0,0.0,210572.7559999991,0.0
2026-06-17,493,2519.230000000007,4.437,2514.793000000007,213087.5489999991,0.011942632312795572
2026-06-18,0,0.0,0.0,0.0,213087.5489999991,0.0
2026-06-22,477,-1555.0199999999954,8.586,-1563.6059999999954,211523.9429999991,-0.007337857173438145
2026-06-23,0,0.0,0.0,0.0,211523.9429999991,0.0
2026-06-24,465,-753.3000000000021,4.1850000000000005,-757.4850000000021,210766.45799999908,-0.0035810839626793703
2026-06-25,463,-2599.7450000000044,4.167000000000001,-2603.9120000000044,208162.54599999907,-0.012354489536470815
2026-06-26,0,0.0,0.0,0.0,208162.54599999907,0.0
2026-06-29,552,242.87999999996737,4.968000000000001,237.91199999996738,208400.45799999902,0.001142914537565122
2026-06-30,504,435.9600000000046,9.072000000000001,426.8880000000046,208827.34599999903,0.002048402408021611
2026-07-01,0,0.0,0.0,0.0,208827.34599999903,0.0
2026-07-02,544,-1914.87999999999,9.792000000000002,-1924.67199999999,206902.67399999904,-0.009216570707171651
2026-07-06,590,-41.30000000002951,5.3100000000000005,-46.610000000029515,206856.06399999902,-0.00022527500055426897
2026-07-07,579,-405.30000000002633,5.211,-410.51100000002634,206445.552999999,-0.0019845248529916353
2026-07-08,668,-427.5199999999909,6.0120000000000005,-433.5319999999909,206012.02099999902,-0.0020999822650575235
2026-07-09,670,261.29999999999086,6.030000000000001,255.26999999999086,206267.290999999,0.0012391024502399891
2026-07-10,0,0.0,0.0,0.0,206267.290999999,0.0
2026-07-13,722,-808.6400000000033,12.996000000000002,-821.6360000000033,205445.654999999,-0.003983355751736747
2026-07-14,0,0.0,0.0,0.0,205445.654999999,0.0
2026-07-15,0,0.0,0.0,0.0,205445.654999999,0.0
2026-07-16,826,-1511.5800000000338,7.434000000000001,-1519.0140000000338,203926.64099999898,-0.007393750916757237
2026-07-17,0,0.0,0.0,0.0,203926.64099999898,0.0
2026-07-20,0,0.0,0.0,0.0,203926.64099999898,0.0
2026-07-21,899,94.39500000001635,8.091000000000001,86.30400000001634,204012.944999999,0.0004232110114539511
2026-07-22,0,0.0,0.0,0.0,204012.944999999,0.0
2026-07-23,904,-1749.2400000000534,8.136000000000001,-1757.3760000000534,202255.56899999894,-0.008614041623682567
2026-07-24,782,-1212.1000000000533,7.038000000000001,-1219.1380000000534,201036.43099999888,-0.00602771041622127
2026-07-27,829,-1425.8800000000226,7.461000000000001,-1433.3410000000226,199603.08999999886,-0.007129757491566445
2026-07-28,839,-3683.2099999999887,30.204000000000004,-3713.413999999989,195889.67599999887,-0.018603990549444952
2026-07-29,820,5985.999999999962,14.760000000000002,5971.239999999962,201860.91599999883,0.030482668213714315
2026-07-30,781,378.78500000001077,14.058000000000002,364.7270000000108,202225.64299999885,0.001806823268353805
2026-07-31,640,-444.800000000032,5.760000000000001,-450.560000000032,201775.08299999882,-0.002228006267237012
2026-08-03,631,2694.3699999999885,5.679,2688.6909999999884,204463.7739999988,0.013325188422794523
2026-08-04,574,4437.02000000001,5.166,4431.85400000001,208895.62799999883,0.02167549739153321
2026-08-05,0,0.0,0.0,0.0,208895.62799999883,0.0
2026-08-06,0,0.0,0.0,0.0,208895.62799999883,0.0
2026-08-07,0,0.0,0.0,0.0,208895.62799999883,0.0
2026-08-10,0,0.0,0.0,0.0,208895.62799999883,0.0
2026-08-11,560,-305.20000000004075,5.040000000000001,-310.24000000004077,208585.38799999878,-0.0014851435761022366
2026-08-12,0,0.0,0.0,0.0,208585.38799999878,0.0
2026-08-13,617,-885.3950000000365,5.553000000000001,-890.9480000000365,207694.43999999875,-0.0042713826147785655
2026-08-14,0,0.0,0.0,0.0,207694.43999999875,0.0
2026-08-17,0,0.0,0.0,0.0,207694.43999999875,0.0
2026-08-18,0,0.0,0.0,0.0,207694.43999999875,0.0
2026-08-19,0,0.0,0.0,0.0,207694.43999999875,0.0
2026-08-20,0,0.0,0.0,0.0,207694.43999999875,0.0
2026-08-21,0,0.0,0.0,0.0,207694.43999999875,0.0
2026-08-24,819,-634.7250000000745,7.371,-642.0960000000745,207052.34399999867,-0.0030915415935066836
2026-08-25,0,0.0,0.0,0.0,207052.34399999867,0.0
2026-08-26,1083,-1711.1400000000444,9.747000000000002,-1720.8870000000445,205331.45699999863,-0.008311362077601282
2026-08-27,1068,-1014.5999999999271,9.612000000000002,-1024.2119999999272,204307.2449999987,-0.004988091035656237
2026-08-28,1058,-4554.690000000068,28.566000000000003,-4583.256000000068,199723.9889999986,-0.02243315453644386
2026-08-31,1041,-562.1399999999622,28.107000000000003,-590.2469999999622,199133.74199999863,-0.0029553134951654024
2026-09-01,0,0.0,0.0,0.0,199133.74199999863,0.0
2026-09-02,1044,-114.84000000001424,9.396,-124.23600000001424,199009.50599999863,-0.0006238822147982088
2026-09-03,1036,-704.4799999999482,18.648000000000003,-723.1279999999482,198286.3779999987,-0.003633635470659141
2026-09-04,905,-1837.1499999998725,24.435000000000002,-1861.5849999998725,196424.7929999988,-0.00938836554874125
2026-09-08,908,331.4200000002147,24.516000000000002,306.9040000002147,196731.69699999903,0.00156245041836555
2026-09-09,935,-1215.4999999999575,8.415000000000001,-1223.9149999999574,195507.78199999908,-0.006221239478252269
2026-09-10,922,-1751.799999999979,8.298000000000002,-1760.097999999979,193747.6839999991,-0.009002700465396243
2026-09-11,944,-2147.5999999999785,8.496,-2156.0959999999786,191591.58799999912,-0.011128370442869339
2026-09-14,0,0.0,0.0,0.0,191591.58799999912,0.0
2026-09-15,865,51.900000000051136,7.785000000000001,44.11500000005113,191635.70299999916,0.00023025541184016563
2026-09-16,863,-112.18999999999608,7.767000000000001,-119.95699999999607,191515.74599999917,-0.0006259637328645205
2026-09-17,0,0.0,0.0,0.0,191515.74599999917,0.0
2026-09-18,776,-488.87999999999647,13.968000000000002,-502.8479999999965,191012.89799999917,-0.0026256222295163068
2026-09-21,770,4492.950000000028,6.930000000000001,4486.020000000028,195498.9179999992,0.02348542976401545
2026-09-22,0,0.0,0.0,0.0,195498.9179999992,0.0
2026-09-23,679,1018.5,12.222000000000001,1006.278,196505.19599999918,0.00514723053352144
2026-09-24,0,0.0,0.0,0.0,196505.19599999918,0.0
2026-09-25,721,-1229.3049999999475,12.978000000000002,-1242.2829999999476,195262.91299999924,-0.00632188372260626
2026-09-28,708,-3164.7600000000193,6.372000000000001,-3171.132000000019,192091.78099999923,-0.01624031902054043
2026-09-29,683,-898.1449999999596,12.294000000000002,-910.4389999999596,191181.34199999928,-0.004739604137461577
2026-09-30,691,-452.60499999998115,12.438,-465.04299999998113,190716.2989999993,-0.002432470633038986
2026-10-01,707,-88.375,6.363,-94.738,190621.5609999993,-0.0004967483141018815
2026-10-02,0,0.0,0.0,0.0,190621.5609999993,0.0
