date,shares,gross,costs,pnl,aum,ret
2020-08-18,0,0.0,0.0,0.0,100000.0,0.0
2020-08-19,0,0.0,0.0,0.0,100000.0,0.0
2020-08-20,0,0.0,0.0,0.0,100000.0,0.0
2020-08-24,0,0.0,0.0,0.0,100000.0,0.0
2020-08-25,0,0.0,0.0,0.0,100000.0,0.0
2020-08-26,290,469.8000000000013,2.6100000000000003,467.1900000000013,100467.19,0.004671900000000013
2020-08-27,288,-561.5999999999967,7.776000000000001,-569.3759999999967,99897.814,-0.005667283020456695
2020-08-28,0,0.0,0.0,0.0,99897.814,0.0
2020-08-31,285,-185.24999999999352,2.5650000000000004,-187.81499999999352,99709.99900000001,-0.0018800711695252262
2020-09-01,284,217.25999999999613,5.112000000000001,212.14799999999613,99922.14700000001,0.002127650206876405
2020-09-02,281,598.5299999999987,2.5290000000000004,596.0009999999987,100518.14800000002,0.00596465366181532
2020-09-03,282,2019.119999999991,2.5380000000000003,2016.581999999991,102534.73000000001,0.02006186982275072
2020-09-04,296,565.3600000000074,5.328,560.0320000000074,103094.76200000002,0.00546187618575684
2020-09-08,306,-211.1399999999993,2.7540000000000004,-213.8939999999993,102880.86800000002,-0.0020747319829886143
2020-09-09,304,516.7999999999965,2.736,514.0639999999966,103394.93200000002,0.0049966919019384295
2020-09-10,302,1120.4199999999937,2.7180000000000004,1117.7019999999936,104512.634,0.010810026936329853
2020-09-11,311,-261.2399999999922,2.7990000000000004,-264.0389999999922,104248.59500000002,-0.002526383556652033
2020-09-14,308,167.8600000000049,2.7720000000000002,165.0880000000049,104413.68300000002,0.0015835992801630074
2020-09-15,0,0.0,0.0,0.0,104413.68300000002,0.0
2020-09-16,0,0.0,0.0,0.0,104413.68300000002,0.0
2020-09-17,0,0.0,0.0,0.0,104413.68300000002,0.0
2020-09-18,311,625.1099999999972,5.598000000000001,619.5119999999972,105033.19500000002,0.005933245358273562
2020-09-21,322,-830.7599999999949,5.796,-836.5559999999949,104196.63900000002,-0.007964682022669069
2020-09-22,0,0.0,0.0,0.0,104196.63900000002,0.0
2020-09-23,314,913.7400000000079,5.652000000000001,908.0880000000078,105104.72700000003,0.008715137155239793
2020-09-24,327,-568.980000000003,2.9430000000000005,-571.923000000003,104532.80400000002,-0.005441458403673917
2020-09-25,323,784.8900000000021,2.9070000000000005,781.9830000000021,105314.78700000003,0.007480742600188951
2020-09-28,0,0.0,0.0,0.0,105314.78700000003,0.0
2020-09-29,315,-144.89999999999355,2.8350000000000004,-147.73499999999356,105167.05200000003,-0.001402794462281859
2020-09-30,315,236.25,2.8350000000000004,233.415,105400.46700000002,0.0022194688884119326
2020-10-01,0,0.0,0.0,0.0,105400.46700000002,0.0
2020-10-02,0,0.0,0.0,0.0,105400.46700000002,0.0
2020-10-06,0,0.0,0.0,0.0,105400.46700000002,0.0
2020-10-12,301,186.62000000000137,2.7090000000000005,183.91100000000137,105584.37800000003,0.0017448784169049397
2020-10-13,0,0.0,0.0,0.0,105584.37800000003,0.0
2020-10-14,301,60.19999999999658,2.7090000000000005,57.490999999996575,105641.86900000002,0.0005445028998513072
2020-10-15,0,0.0,0.0,0.0,105641.86900000002,0.0
2020-10-16,302,-232.5399999999945,2.7180000000000004,-235.2579999999945,105406.61100000002,-0.0022269390179001326
2020-10-19,302,54.36000000000206,2.7180000000000004,51.64200000000206,105458.25300000003,0.0004899313193932593
2020-10-20,307,-288.5799999999993,5.526000000000001,-294.1059999999993,105164.14700000003,-0.0027888381575977674
2020-10-21,306,-104.04000000000974,2.7540000000000004,-106.79400000000975,105057.35300000002,-0.0010154981811435196
2020-10-22,0,0.0,0.0,0.0,105057.35300000002,0.0
2020-10-23,0,0.0,0.0,0.0,105057.35300000002,0.0
2020-10-26,307,33.77000000000419,2.7630000000000003,31.007000000004187,105088.36000000002,0.00029514354887662345
2020-10-27,0,0.0,0.0,0.0,105088.36000000002,0.0
2020-10-28,316,657.279999999995,2.8440000000000003,654.4359999999949,105742.79600000002,0.0062274832341088476
2020-10-29,323,684.7600000000015,2.9070000000000005,681.8530000000014,106424.64900000002,0.006448221777680262
2020-10-30,324,-1059.479999999994,5.832000000000001,-1065.3119999999942,105359.33700000003,-0.01001001187234354
2020-11-02,319,-440.21999999999855,2.8710000000000004,-443.09099999999853,104916.24600000003,-0.004205521908324066
2020-11-03,314,301.4399999999936,5.652000000000001,295.7879999999936,105212.03400000003,0.002819277388174883
2020-11-04,308,408.0999999999965,2.7720000000000002,405.3279999999965,105617.36200000002,0.0038524870643599227
2020-11-05,302,-160.05999999999176,2.7180000000000004,-162.77799999999175,105454.58400000003,-0.0015412049393923673
2020-11-06,301,-398.8249999999966,2.7090000000000005,-401.5339999999966,105053.05000000003,-0.003807648608238751
2020-11-09,0,0.0,0.0,0.0,105053.05000000003,0.0
2020-11-10,0,0.0,0.0,0.0,105053.05000000003,0.0
2020-11-11,0,0.0,0.0,0.0,105053.05000000003,0.0
2020-11-12,295,-238.95000000001744,5.3100000000000005,-244.26000000001744,104808.79000000001,-0.0023251109796433075
2020-11-13,0,0.0,0.0,0.0,104808.79000000001,0.0
2020-11-16,0,0.0,0.0,0.0,104808.79000000001,0.0
2020-11-17,291,-276.45000000001323,2.619,-279.06900000001326,104529.72099999999,-0.00266264881027644
2020-11-18,0,0.0,0.0,0.0,104529.72099999999,0.0
2020-11-19,0,0.0,0.0,0.0,104529.72099999999,0.0
2020-11-20,0,0.0,0.0,0.0,104529.72099999999,0.0
2020-11-23,0,0.0,0.0,0.0,104529.72099999999,0.0
2020-11-24,290,232.0000000000033,2.6100000000000003,229.39000000000328,104759.11099999999,0.00219449547751116
2020-11-25,288,-174.23999999998887,5.184000000000001,-179.42399999998887,104579.687,-0.001712729310961687
2020-11-30,288,27.360000000007858,2.5920000000000005,24.76800000000786,104604.45500000002,0.00023683375529712436
2020-12-01,286,-358.9299999999987,7.722000000000001,-366.6519999999987,104237.80300000001,-0.003505127960372229
2020-12-07,0,0.0,0.0,0.0,104237.80300000001,0.0
2020-12-08,283,-45.28000000000708,5.094,-50.37400000000708,104187.429,-0.00048326037723576227
2020-12-09,280,421.3999999999987,2.5200000000000005,418.87999999999874,104606.30900000001,0.004020446651006224
2020-12-10,0,0.0,0.0,0.0,104606.30900000001,0.0
2020-12-11,286,-181.6099999999974,2.5740000000000003,-184.1839999999974,104422.12500000001,-0.0017607351005951026
2020-12-14,283,-404.69000000000193,2.547,-407.23700000000196,104014.888,-0.003899911058121082
2020-12-15,283,-77.82500000000965,2.547,-80.37200000000965,103934.516,-0.0007726970777491934
2020-12-16,0,0.0,0.0,0.0,103934.516,0.0
2020-12-17,0,0.0,0.0,0.0,103934.516,0.0
2020-12-18,280,145.5999999999949,2.5200000000000005,143.0799999999949,104077.596,0.0013766360349433378
2020-12-21,285,-645.5249999999961,2.5650000000000004,-648.0899999999962,103429.50600000001,-0.006226988563417588
2020-12-22,0,0.0,0.0,0.0,103429.50600000001,0.0
2020-12-29,0,0.0,0.0,0.0,103429.50600000001,0.0
2020-12-30,0,0.0,0.0,0.0,103429.50600000001,0.0
2020-12-31,0,0.0,0.0,0.0,103429.50600000001,0.0
2021-01-04,275,1000.9999999999962,2.475,998.5249999999962,104428.031,0.009654160003432638
2021-01-05,283,-93.39000000001158,5.094,-98.48400000001158,104329.54699999999,-0.0009430801199345755
2021-01-06,282,628.8600000000051,2.5380000000000003,626.3220000000051,104955.86899999999,0.006003304126298997
2021-01-07,279,242.73000000000127,2.511,240.21900000000127,105196.08799999999,0.002288761955751148
2021-01-08,0,0.0,0.0,0.0,105196.08799999999,0.0
2021-01-11,0,0.0,0.0,0.0,105196.08799999999,0.0
2021-01-12,0,0.0,0.0,0.0,105196.08799999999,0.0
2021-01-13,0,0.0,0.0,0.0,105196.08799999999,0.0
2021-01-15,279,-216.22499999999366,2.511,-218.73599999999365,104977.352,-0.0020793168658514534
2021-01-19,0,0.0,0.0,0.0,104977.352,0.0
2021-01-20,275,75.62499999999375,4.95,70.67499999999374,105048.02699999999,0.0006732404528549524
2021-01-21,0,0.0,0.0,0.0,105048.02699999999,0.0
2021-01-22,0,0.0,0.0,0.0,105048.02699999999,0.0
2021-01-25,273,-483.20999999999503,2.4570000000000003,-485.666999999995,104562.35999999999,-0.00462328530929948
2021-01-26,0,0.0,0.0,0.0,104562.35999999999,0.0
2021-01-27,274,693.2200000000081,4.932,688.2880000000081,105250.648,0.006582559919267394
2021-01-28,279,488.25,2.511,485.739,105736.387,0.004615068973257057
2021-01-29,281,129.25999999999425,2.5290000000000004,126.73099999999425,105863.118,0.0011985561791514046
2021-02-01,283,-2.829999999997426,2.547,-5.376999999997427,105857.74100000001,-5.079200482265624e-05
2021-02-02,278,109.80999999999494,2.5020000000000002,107.30799999999495,105965.049,0.001013700075084683
2021-02-03,0,0.0,0.0,0.0,105965.049,0.0
2021-02-04,276,233.22000000000753,4.968000000000001,228.25200000000754,106193.301,0.002154030995635245
2021-02-05,0,0.0,0.0,0.0,106193.301,0.0
2021-02-08,0,0.0,0.0,0.0,106193.301,0.0
2021-02-09,0,0.0,0.0,0.0,106193.301,0.0
2021-02-10,0,0.0,0.0,0.0,106193.301,0.0
2021-02-11,0,0.0,0.0,0.0,106193.301,0.0
2021-02-12,0,0.0,0.0,0.0,106193.301,0.0
2021-02-16,0,0.0,0.0,0.0,106193.301,0.0
2021-02-17,0,0.0,0.0,0.0,106193.301,0.0
2021-02-18,272,-115.60000000000309,2.4480000000000004,-118.0480000000031,106075.253,-0.0011116332093302486
2021-02-19,0,0.0,0.0,0.0,106075.253,0.0
2021-02-22,0,0.0,0.0,0.0,106075.253,0.0
2021-02-23,275,-1626.6250000000055,7.425000000000001,-1634.0500000000054,104441.203,-0.015404629767887573
2021-02-24,270,915.2999999999963,2.43,912.8699999999964,105354.07299999999,0.008740515943693183
2021-02-25,269,1262.9550000000133,4.8420000000000005,1258.1130000000132,106612.186,0.011941759479958724
2021-02-26,277,-1066.4500000000062,2.4930000000000003,-1068.9430000000061,105543.243,-0.01002646170298024
2021-03-01,273,696.150000000003,2.4570000000000003,693.693000000003,106236.936,0.006572595083135763
2021-03-02,272,-193.1200000000099,2.4480000000000004,-195.5680000000099,106041.36799999999,-0.0018408663442628832
2021-03-03,274,41.100000000009345,7.398000000000001,33.70200000000934,106075.06999999999,0.0003178193627227569
2021-03-04,278,66.72000000000253,2.5020000000000002,64.21800000000253,106139.288,0.0006054014388112356
2021-03-05,278,-161.23999999999558,5.0040000000000004,-166.24399999999557,105973.04400000001,-0.00156628146968534
2021-03-08,275,-1315.8749999999914,7.425000000000001,-1323.2999999999913,104649.74400000002,-0.012487137766845607
2021-03-09,271,-109.7549999999926,2.4390000000000005,-112.19399999999261,104537.55000000003,-0.0010720905346886715
2021-03-10,0,0.0,0.0,0.0,104537.55000000003,0.0
2021-03-11,266,156.94000000000847,2.394,154.54600000000846,104692.09600000003,0.0014783778651786695
2021-03-12,0,0.0,0.0,0.0,104692.09600000003,0.0
2021-03-15,0,0.0,0.0,0.0,104692.09600000003,0.0
2021-03-16,0,0.0,0.0,0.0,104692.09600000003,0.0
2021-03-17,0,0.0,0.0,0.0,104692.09600000003,0.0
2021-03-18,0,0.0,0.0,0.0,104692.09600000003,0.0
2021-03-19,268,-91.12000000000853,2.4120000000000004,-93.53200000000854,104598.56400000003,-0.0008934007778391265
2021-03-22,268,163.48000000000366,4.824000000000001,158.65600000000364,104757.22000000003,0.0015168085863970714
2021-03-23,267,-64.08000000000243,2.4030000000000005,-66.48300000000243,104690.73700000002,-0.000634638834440265
2021-03-24,0,0.0,0.0,0.0,104690.73700000002,0.0
2021-03-25,271,51.489999999999384,2.4390000000000005,49.050999999999384,104739.78800000002,0.00046853237837077576
2021-03-26,267,500.62499999998477,7.2090000000000005,493.41599999998476,105233.204,0.004710874534135821
2021-03-29,266,-239.39999999999395,2.394,-241.79399999999396,104991.41,-0.0022976968372073322
2021-03-30,0,0.0,0.0,0.0,104991.41,0.0
2021-03-31,265,-212.000000000003,4.7700000000000005,-216.77000000000302,104774.64,-0.002064645098108531
2021-04-01,263,-34.189999999998804,7.101000000000001,-41.2909999999988,104733.349,-0.0003940934562027491
2021-04-05,259,437.7099999999994,2.3310000000000004,435.3789999999994,105168.728,0.004157023566581447
2021-04-06,0,0.0,0.0,0.0,105168.728,0.0
2021-04-07,0,0.0,0.0,0.0,105168.728,0.0
2021-04-08,0,0.0,0.0,0.0,105168.728,0.0
2021-04-09,257,183.75499999999357,4.626,179.12899999999357,105347.857,0.0017032534614281306
2021-04-12,0,0.0,0.0,0.0,105347.857,0.0
2021-04-14,255,-121.1250000000058,2.2950000000000004,-123.4200000000058,105224.43699999999,-0.001171547324403626
2021-04-15,254,100.33000000000982,2.2860000000000005,98.04400000000982,105322.481,0.0009317607467931601
2021-04-16,0,0.0,0.0,0.0,105322.481,0.0
2021-04-19,253,-369.3800000000092,6.831,-376.2110000000092,104946.26999999999,-0.003571991434573301
2021-04-20,253,12.650000000002876,2.277,10.373000000002875,104956.643,9.884105457014219e-05
2021-04-21,255,662.9999999999914,2.2950000000000004,660.7049999999914,105617.34799999998,0.006295027938345851
2021-04-22,253,-192.2799999999977,2.277,-194.5569999999977,105422.79099999998,-0.0018420932137019547
2021-04-23,255,637.5,2.2950000000000004,635.205,106057.99599999998,0.006025310029972553
2021-04-26,0,0.0,0.0,0.0,106057.99599999998,0.0
2021-04-27,0,0.0,0.0,0.0,106057.99599999998,0.0
2021-04-28,0,0.0,0.0,0.0,106057.99599999998,0.0
2021-04-29,0,0.0,0.0,0.0,106057.99599999998,0.0
2021-04-30,0,0.0,0.0,0.0,106057.99599999998,0.0
2021-05-03,0,0.0,0.0,0.0,106057.99599999998,0.0
2021-05-04,254,20.320000000010396,2.2860000000000005,18.034000000010394,106076.03,0.00017003904165802263
2021-05-05,0,0.0,0.0,0.0,106076.03,0.0
2021-05-06,255,-284.3250000000023,4.590000000000001,-288.9150000000023,105787.11499999999,-0.0027236596241394244
2021-05-07,251,223.38999999999658,4.518000000000001,218.87199999999658,106005.987,0.0020689854336229567
2021-05-10,250,427.5000000000091,2.2500000000000004,425.2500000000091,106431.23700000001,0.004011565875048257
2021-05-11,257,-526.8500000000029,2.313,-529.1630000000029,105902.07400000001,-0.004971876818456998
2021-05-12,257,986.8799999999935,2.313,984.5669999999935,106886.641,0.00929695673382179
2021-05-13,262,-530.5500000000238,7.074000000000001,-537.6240000000238,106349.01699999998,-0.005029852140269089
2021-05-14,257,213.3099999999959,4.626,208.6839999999959,106557.70099999997,0.001962256031007752
2021-05-17,0,0.0,0.0,0.0,106557.70099999997,0.0
2021-05-18,0,0.0,0.0,0.0,106557.70099999997,0.0
2021-05-19,0,0.0,0.0,0.0,106557.70099999997,0.0
2021-05-20,258,512.1300000000035,2.322,509.8080000000035,107067.50899999998,0.004784337454878119
2021-05-21,256,-363.5200000000041,2.3040000000000003,-365.82400000000405,106701.68499999997,-0.003416760167643427
2021-05-24,255,62.47500000000116,4.590000000000001,57.885000000001156,106759.56999999996,0.0005424937759886469
2021-05-25,0,0.0,0.0,0.0,106759.56999999996,0.0
2021-05-26,0,0.0,0.0,0.0,106759.56999999996,0.0
2021-05-27,0,0.0,0.0,0.0,106759.56999999996,0.0
2021-05-28,0,0.0,0.0,0.0,106759.56999999996,0.0
2021-06-01,0,0.0,0.0,0.0,106759.56999999996,0.0
2021-06-02,0,0.0,0.0,0.0,106759.56999999996,0.0
2021-06-03,0,0.0,0.0,0.0,106759.56999999996,0.0
2021-06-04,253,29.0950000000023,4.554,24.5410000000023,106784.11099999996,0.0002298716639641983
2021-06-07,252,42.84000000000401,2.2680000000000002,40.57200000000401,106824.68299999996,0.00037994416603799814
2021-06-08,252,-282.24000000000115,2.2680000000000002,-284.5080000000011,106540.17499999996,-0.002663317053793656
2021-06-09,0,0.0,0.0,0.0,106540.17499999996,0.0
2021-06-10,251,-124.24500000000114,2.2590000000000003,-126.50400000000114,106413.67099999996,-0.0011873830693445097
2021-06-11,0,0.0,0.0,0.0,106413.67099999996,0.0
2021-06-14,250,-152.5000000000034,6.750000000000001,-159.2500000000034,106254.42099999996,-0.0014965182434125732
2021-06-15,249,-151.8900000000034,4.482,-156.3720000000034,106098.04899999996,-0.0014716752350474288
2021-06-16,249,124.5,2.241,122.259,106220.30799999996,0.0011523209064852838
2021-06-17,251,-451.80000000000285,2.2590000000000003,-454.05900000000287,105766.24899999995,-0.004274691050604024
2021-06-18,253,-480.70000000000863,4.554,-485.2540000000086,105280.99499999994,-0.004587985341146105
2021-06-21,252,723.2400000000011,2.2680000000000002,720.9720000000011,106001.96699999993,0.00684807357681224
2021-06-22,251,286.1399999999966,2.2590000000000003,283.88099999999656,106285.84799999993,0.0026780729455708756
2021-06-23,0,0.0,0.0,0.0,106285.84799999993,0.0
2021-06-24,0,0.0,0.0,0.0,106285.84799999993,0.0
2021-06-25,0,0.0,0.0,0.0,106285.84799999993,0.0
2021-06-28,0,0.0,0.0,0.0,106285.84799999993,0.0
2021-06-29,0,0.0,0.0,0.0,106285.84799999993,0.0
2021-06-30,0,0.0,0.0,0.0,106285.84799999993,0.0
2021-07-01,247,165.49000000000393,4.446000000000001,161.04400000000393,106446.89199999993,0.001515197018515617
2021-07-02,246,130.3799999999933,2.2140000000000004,128.1659999999933,106575.05799999993,0.0012040370328519632
2021-07-06,245,308.6999999999978,2.205,306.4949999999978,106881.55299999993,0.0028758605038713466
2021-07-07,0,0.0,0.0,0.0,106881.55299999993,0.0
2021-07-08,0,0.0,0.0,0.0,106881.55299999993,0.0
2021-07-09,247,494.0,2.2230000000000003,491.777,107373.32999999993,0.004601140105065654
2021-07-12,246,-54.12000000000671,6.642,-60.762000000006715,107312.56799999993,-0.000565894715196099
2021-07-13,0,0.0,0.0,0.0,107312.56799999993,0.0
2021-07-14,0,0.0,0.0,0.0,107312.56799999993,0.0
2021-07-15,246,-290.2800000000017,2.2140000000000004,-292.4940000000017,107020.07399999992,-0.0027256266945359267
2021-07-16,245,322.17500000001337,4.41,317.76500000001334,107337.83899999993,0.0029692093092741983
2021-07-19,251,-494.47000000000685,4.518000000000001,-498.9880000000069,106838.85099999992,-0.004648761374821485
2021-07-20,250,707.499999999996,2.2500000000000004,705.249999999996,107544.10099999992,0.0066010631282434565
2021-07-21,248,-146.3200000000079,2.232,-148.5520000000079,107395.54899999991,-0.0013813123975996416
2021-07-22,0,0.0,0.0,0.0,107395.54899999991,0.0
2021-07-23,245,-171.49999999999721,4.41,-175.9099999999972,107219.63899999991,-0.0016379635994038949
2021-07-26,0,0.0,0.0,0.0,107219.63899999991,0.0
2021-07-27,243,156.7350000000094,2.1870000000000003,154.54800000000938,107374.18699999992,0.0014414150377806208
2021-07-28,0,0.0,0.0,0.0,107374.18699999992,0.0
2021-07-29,244,20.739999999995007,4.392,16.347999999995007,107390.53499999992,0.00015225260797546266
2021-07-30,0,0.0,0.0,0.0,107390.53499999992,0.0
2021-08-02,0,0.0,0.0,0.0,107390.53499999992,0.0
2021-08-03,244,-142.74000000000888,4.392,-147.13200000000887,107243.4029999999,-0.0013700648758292245
2021-08-04,0,0.0,0.0,0.0,107243.4029999999,0.0
2021-08-05,0,0.0,0.0,0.0,107243.4029999999,0.0
2021-08-06,0,0.0,0.0,0.0,107243.4029999999,0.0
2021-08-09,242,-10.889999999990096,2.1780000000000004,-13.067999999990096,107230.33499999992,-0.00012185364912366785
2021-08-10,242,-211.75,2.1780000000000004,-213.928,107016.40699999992,-0.001995032469123594
2021-08-11,0,0.0,0.0,0.0,107016.40699999992,0.0
2021-08-12,241,55.429999999990685,2.169,53.26099999999069,107069.6679999999,0.0004976900411166928
2021-08-13,0,0.0,0.0,0.0,107069.6679999999,0.0
2021-08-16,240,-92.39999999999782,2.16,-94.55999999999781,106975.1079999999,-0.0008831632876642328
2021-08-17,240,-8.400000000006003,2.16,-10.560000000006003,106964.5479999999,-9.871455329595005e-05
2021-08-18,241,536.2249999999917,2.169,534.0559999999917,107498.60399999989,0.004992831830598604
2021-08-19,246,-589.1700000000095,4.428000000000001,-593.5980000000095,106905.00599999988,-0.005521913568291641
2021-08-20,242,375.10000000000275,2.1780000000000004,372.92200000000275,107277.92799999988,0.003488349273372691
2021-08-23,240,220.80000000000382,2.16,218.64000000000382,107496.56799999988,0.0020380706830952595
2021-08-24,0,0.0,0.0,0.0,107496.56799999988,0.0
2021-08-25,239,-47.79999999999728,4.3020000000000005,-52.10199999999728,107444.46599999988,-0.000484685241299958
2021-08-26,239,158.9350000000049,4.3020000000000005,154.6330000000049,107599.09899999989,0.0014391899904831309
2021-08-27,240,182.40000000001146,2.16,180.24000000001146,107779.33899999989,0.0016751069634887152
2021-08-30,238,19.04000000000974,2.1420000000000003,16.89800000000974,107796.2369999999,0.00015678329591546075
2021-08-31,238,-115.43000000000325,2.1420000000000003,-117.57200000000324,107678.6649999999,-0.0010906874235322643
2021-09-01,0,0.0,0.0,0.0,107678.6649999999,0.0
2021-09-02,0,0.0,0.0,0.0,107678.6649999999,0.0
2021-09-03,0,0.0,0.0,0.0,107678.6649999999,0.0
2021-09-07,237,-328.2450000000113,4.266000000000001,-332.51100000001134,107346.1539999999,-0.0030879933364702434
2021-09-08,238,-427.2100000000038,4.284000000000001,-431.4940000000038,106914.65999999989,-0.004019650298789505
2021-09-09,237,-101.91000000000162,4.266000000000001,-106.17600000000162,106808.48399999988,-0.0009930911252021167
2021-09-10,236,238.36000000001127,4.248,234.11200000001128,107042.59599999989,0.002191885805625811
2021-09-13,0,0.0,0.0,0.0,107042.59599999989,0.0
2021-09-14,238,20.23000000000866,4.284000000000001,15.946000000008658,107058.5419999999,0.00014896873390485293
2021-09-15,240,445.20000000000437,2.16,443.04000000000434,107501.58199999991,0.004138296596641534
2021-09-16,240,104.40000000000055,2.16,102.24000000000055,107603.82199999991,0.000951055771439723
2021-09-17,241,504.8950000000066,2.169,502.7260000000066,108106.54799999992,0.004672008769354002
2021-09-20,248,-276.52000000000226,2.232,-278.7520000000023,107827.79599999991,-0.0025784932102355398
2021-09-21,0,0.0,0.0,0.0,107827.79599999991,0.0
2021-09-22,247,-322.3350000000017,4.446000000000001,-326.7810000000017,107501.01499999991,-0.003030582207207518
2021-09-23,244,185.44000000001165,2.196,183.24400000001165,107684.25899999992,0.001704579254437847
2021-09-24,0,0.0,0.0,0.0,107684.25899999992,0.0
2021-09-27,0,0.0,0.0,0.0,107684.25899999992,0.0
2021-09-28,245,752.1499999999983,4.41,747.7399999999983,108431.99899999992,0.0069438189661499075
2021-09-29,0,0.0,0.0,0.0,108431.99899999992,0.0
2021-09-30,248,-372.0,2.232,-374.232,108057.76699999992,-0.0034513059193900897
2021-10-01,250,49.99999999999716,2.2500000000000004,47.74999999999716,108105.51699999992,0.0004418932699210524
2021-10-04,249,343.61999999999887,2.241,341.3789999999989,108446.89599999992,0.003157831436114395
2021-10-05,252,420.840000000004,2.2680000000000002,418.57200000000404,108865.46799999992,0.0038596955324567733
2021-10-06,0,0.0,0.0,0.0,108865.46799999992,0.0
2021-10-07,248,119.03999999999041,2.232,116.80799999999041,108982.27599999991,0.001072957312781593
2021-10-08,0,0.0,0.0,0.0,108982.27599999991,0.0
2021-10-11,249,42.32999999998981,2.241,40.08899999998981,109022.3649999999,0.00036784880506615447
2021-10-12,0,0.0,0.0,0.0,109022.3649999999,0.0
2021-10-13,0,0.0,0.0,0.0,109022.3649999999,0.0
2021-10-14,248,332.3199999999938,2.232,330.08799999999377,109352.45299999989,0.003027709039333297
2021-10-15,0,0.0,0.0,0.0,109352.45299999989,0.0
2021-10-18,0,0.0,0.0,0.0,109352.45299999989,0.0
2021-10-19,0,0.0,0.0,0.0,109352.45299999989,0.0
2021-10-20,0,0.0,0.0,0.0,109352.45299999989,0.0
2021-10-21,0,0.0,0.0,0.0,109352.45299999989,0.0
2021-10-22,0,0.0,0.0,0.0,109352.45299999989,0.0
2021-10-25,0,0.0,0.0,0.0,109352.45299999989,0.0
2021-10-26,0,0.0,0.0,0.0,109352.45299999989,0.0
2021-10-27,0,0.0,0.0,0.0,109352.45299999989,0.0
2021-10-28,240,232.80000000000655,4.32,228.48000000000656,109580.9329999999,0.002089390715359689
2021-10-29,0,0.0,0.0,0.0,109580.9329999999,0.0
2021-11-01,0,0.0,0.0,0.0,109580.9329999999,0.0
2021-11-02,238,-138.0399999999962,8.568000000000001,-146.60799999999622,109434.32499999991,-0.0013378969861480954
2021-11-03,237,183.67500000000808,2.1330000000000005,181.54200000000807,109615.86699999991,0.0016589127771383268
2021-11-04,235,-252.62499999999733,2.115,-254.73999999999734,109361.12699999992,-0.002323933632710286
2021-11-05,233,-55.92000000000212,2.0970000000000004,-58.01700000000212,109303.10999999991,-0.0005305084319403746
2021-11-08,0,0.0,0.0,0.0,109303.10999999991,0.0
2021-11-09,232,-160.07999999999947,4.176,-164.25599999999946,109138.85399999992,-0.0015027568748958707
2021-11-10,234,114.66000000000213,2.1060000000000003,112.55400000000213,109251.40799999992,0.0010312917524312856
2021-11-11,0,0.0,0.0,0.0,109251.40799999992,0.0
2021-11-12,234,100.6200000000016,2.1060000000000003,98.5140000000016,109349.92199999992,0.0009017183558861014
2021-11-15,0,0.0,0.0,0.0,109349.92199999992,0.0
2021-11-16,234,-222.29999999999734,4.212000000000001,-226.51199999999733,109123.40999999992,-0.0020714418067897433
2021-11-17,232,-134.5599999999963,2.088,-136.6479999999963,108986.76199999992,-0.0012522335949728515
2021-11-18,232,-160.07999999999947,2.088,-162.16799999999947,108824.59399999991,-0.00148796052863741
2021-11-19,0,0.0,0.0,0.0,108824.59399999991,0.0
2021-11-22,231,-136.29000000000735,2.079,-138.36900000000736,108686.2249999999,-0.00127148648034476
2021-11-23,232,-1139.1199999999926,6.264000000000001,-1145.3839999999925,107540.84099999991,-0.01053844679949086
2021-11-24,0,0.0,0.0,0.0,107540.84099999991,0.0
2021-11-29,231,-87.77999999999895,2.079,-89.85899999999894,107450.98199999992,-0.0008355802238890713
2021-11-30,232,437.3199999999979,2.088,435.23199999999787,107886.21399999992,0.0040505167277112295
2021-12-01,233,584.8299999999979,4.194000000000001,580.6359999999979,108466.84999999992,0.005381929520670716
2021-12-02,240,345.59999999999945,2.16,343.43999999999943,108810.28999999992,0.0031663130255926092
2021-12-03,236,474.35999999999785,2.124,472.23599999999783,109282.52599999993,0.004339993947263611
2021-12-06,239,-152.95999999999674,4.3020000000000005,-157.26199999999673,109125.26399999992,-0.0014390406751761653
2021-12-07,234,11.70000000000266,2.1060000000000003,9.59400000000266,109134.85799999992,8.791731307978937e-05
2021-12-08,0,0.0,0.0,0.0,109134.85799999992,0.0
2021-12-09,0,0.0,0.0,0.0,109134.85799999992,0.0
2021-12-10,0,0.0,0.0,0.0,109134.85799999992,0.0
2021-12-13,232,229.67999999998892,2.088,227.59199999998893,109362.44999999991,0.0020854198573290773
2021-12-14,0,0.0,0.0,0.0,109362.44999999991,0.0
2021-12-15,235,169.2000000000064,4.23,164.97000000000642,109527.41999999991,0.001508470229041198
2021-12-16,231,-49.66500000000735,2.079,-51.744000000007354,109475.6759999999,-0.000472429643645467
2021-12-17,237,-919.5599999999989,2.1330000000000005,-921.692999999999,108553.9829999999,-0.008419157877590998
2021-12-20,238,-149.93999999999892,2.1420000000000003,-152.0819999999989,108401.90099999991,-0.00140098037674029
2021-12-21,236,285.55999999999517,2.124,283.43599999999515,108685.33699999991,0.002614677393895476
2021-12-22,234,253.8899999999952,4.212000000000001,249.67799999999522,108935.01499999991,0.0022972556086383153
2021-12-23,232,74.2400000000116,6.264000000000001,67.97600000001161,109002.99099999992,0.0006240050547568352
2021-12-27,230,588.8000000000005,2.0700000000000003,586.7300000000005,109589.72099999992,0.005382696333534562
2021-12-28,0,0.0,0.0,0.0,109589.72099999992,0.0
2021-12-29,0,0.0,0.0,0.0,109589.72099999992,0.0
2021-12-30,0,0.0,0.0,0.0,109589.72099999992,0.0
2021-12-31,0,0.0,0.0,0.0,109589.72099999992,0.0
2022-01-03,0,0.0,0.0,0.0,109589.72099999992,0.0
2022-01-04,228,-193.80000000000518,2.052,-195.85200000000518,109393.86899999992,-0.0017871384123699459
2022-01-05,229,1126.6800000000037,2.0610000000000004,1124.6190000000038,110518.48799999992,0.010280457307895424
2022-01-06,0,0.0,0.0,0.0,110518.48799999992,0.0
2022-01-07,236,-566.400000000008,2.124,-568.5240000000081,109949.96399999992,-0.005144152895034254
2022-01-10,237,-400.53000000001293,4.266000000000001,-404.79600000001295,109545.1679999999,-0.0036816383132241247
2022-01-11,235,-737.8999999999835,8.46,-746.3599999999835,108798.80799999992,-0.006813262635189753
2022-01-12,0,0.0,0.0,0.0,108798.80799999992,0.0
2022-01-13,230,657.7999999999901,2.0700000000000003,655.72999999999,109454.53799999991,0.006026996178119805
2022-01-14,0,0.0,0.0,0.0,109454.53799999991,0.0
2022-01-18,238,-323.68000000000325,6.426000000000001,-330.10600000000323,109124.43199999991,-0.003015918810054303
2022-01-19,238,-979.3700000000022,4.284000000000001,-983.6540000000022,108140.77799999992,-0.009014058373288971
2022-01-20,238,-28.560000000001082,2.1420000000000003,-30.70200000000108,108110.07599999991,-0.00028390770408551257
2022-01-21,242,740.5200000000004,4.356000000000001,736.1640000000004,108846.23999999992,0.006809393048618346
2022-01-24,251,-549.6899999999994,2.2590000000000003,-551.9489999999994,108294.29099999992,-0.005070905526915765
2022-01-25,250,-1489.999999999995,4.500000000000001,-1494.499999999995,106799.79099999992,-0.013800358137069257
2022-01-26,0,0.0,0.0,0.0,106799.79099999992,0.0
2022-01-27,243,-1219.8599999999956,6.561000000000001,-1226.4209999999955,105573.36999999992,-0.011483365168757646
2022-01-28,243,4.85999999999558,8.748000000000001,-3.8880000000044213,105569.48199999992,-3.682746889679115e-05
2022-01-31,239,1284.625,2.1510000000000002,1282.474,106851.95599999992,0.01214815092111564
2022-02-01,0,0.0,0.0,0.0,106851.95599999992,0.0
2022-02-02,0,0.0,0.0,0.0,106851.95599999992,0.0
2022-02-03,0,0.0,0.0,0.0,106851.95599999992,0.0
2022-02-04,239,-253.34000000000054,2.1510000000000002,-255.49100000000055,106596.46499999992,-0.0023910746191674838
2022-02-07,0,0.0,0.0,0.0,106596.46499999992,0.0
2022-02-08,238,-63.06999999999675,2.1420000000000003,-65.21199999999675,106531.25299999992,-0.000611765127483325
2022-02-09,0,0.0,0.0,0.0,106531.25299999992,0.0
2022-02-10,0,0.0,0.0,0.0,106531.25299999992,0.0
2022-02-11,237,1519.1699999999923,2.1330000000000005,1517.0369999999923,108048.28999999992,0.0142402999803259
2022-02-14,245,-766.8499999999849,4.41,-771.2599999999849,107277.02999999994,-0.00713810463821302
2022-02-15,241,-443.439999999994,4.338,-447.777999999994,106829.25199999995,-0.00417403427369302
2022-02-16,0,0.0,0.0,0.0,106829.25199999995,0.0
2022-02-17,240,840.0,6.48,833.52,107662.77199999995,0.00780235735433213
2022-02-18,246,-753.9899999999994,4.428000000000001,-758.4179999999994,106904.35399999995,-0.007044384850131852
2022-02-22,247,-167.96000000000168,2.2230000000000003,-170.1830000000017,106734.17099999994,-0.001591918323551179
2022-02-23,246,742.9200000000095,4.428000000000001,738.4920000000095,107472.66299999996,0.006918983799480767
2022-02-24,0,0.0,0.0,0.0,107472.66299999996,0.0
2022-02-25,250,1427.499999999995,2.2500000000000004,1425.249999999995,108897.91299999996,0.013261511906520782
2022-02-28,0,0.0,0.0,0.0,108897.91299999996,0.0
2022-03-01,250,-97.49999999999659,4.500000000000001,-101.99999999999659,108795.91299999996,-0.0009366570689008212
2022-03-02,251,233.4300000000017,2.2590000000000003,231.1710000000017,109027.08399999996,0.0021248132730868467
2022-03-03,247,-170.42999999999944,2.2230000000000003,-172.65299999999945,108854.43099999995,-0.0015835789940048246
2022-03-04,252,-65.51999999999771,2.2680000000000002,-67.78799999999771,108786.64299999995,-0.0006227399231915304
2022-03-07,252,2084.0399999999954,2.2680000000000002,2081.7719999999954,110868.41499999995,0.01913628311887514
2022-03-08,264,-1987.9200000000078,4.752000000000001,-1992.6720000000078,108875.74299999994,-0.0179733064642442
2022-03-09,0,0.0,0.0,0.0,108875.74299999994,0.0
2022-03-10,0,0.0,0.0,0.0,108875.74299999994,0.0
2022-03-11,0,0.0,0.0,0.0,108875.74299999994,0.0
2022-03-14,258,-614.0399999999988,2.322,-616.3619999999988,108259.38099999995,-0.005661150803811269
2022-03-15,257,-30.84000000000117,4.626,-35.466000000001166,108223.91499999995,-0.00032760209482447696
2022-03-16,251,272.33500000000913,2.2590000000000003,270.0760000000091,108493.99099999997,0.0024955297542138375
2022-03-17,250,-287.4999999999943,2.2500000000000004,-289.7499999999943,108204.24099999997,-0.002670654819952143
2022-03-18,0,0.0,0.0,0.0,108204.24099999997,0.0
2022-03-21,0,0.0,0.0,0.0,108204.24099999997,0.0
2022-03-22,242,29.0400000000011,2.1780000000000004,26.8620000000011,108231.10299999997,0.00024825274639652165
2022-03-23,0,0.0,0.0,0.0,108231.10299999997,0.0
2022-03-24,242,-297.6600000000044,2.1780000000000004,-299.8380000000044,107931.26499999997,-0.002770349665567064
2022-03-25,0,0.0,0.0,0.0,107931.26499999997,0.0
2022-03-28,0,0.0,0.0,0.0,107931.26499999997,0.0
2022-03-29,0,0.0,0.0,0.0,107931.26499999997,0.0
2022-03-30,0,0.0,0.0,0.0,107931.26499999997,0.0
2022-03-31,0,0.0,0.0,0.0,107931.26499999997,0.0
2022-04-01,0,0.0,0.0,0.0,107931.26499999997,0.0
2022-04-04,238,-49.98000000000866,6.426000000000001,-56.40600000000866,107874.85899999997,-0.0005226103854152796
2022-04-05,236,212.39999999999463,4.248,208.15199999999464,108083.01099999997,0.0019295691501204624
2022-04-06,241,-1013.4049999999961,6.507000000000001,-1019.911999999996,107063.09899999997,-0.009436376638322894
2022-04-07,240,-129.6000000000049,2.16,-131.7600000000049,106931.33899999996,-0.001230676126795143
2022-04-08,238,-470.05000000001894,6.426000000000001,-476.4760000000189,106454.86299999994,-0.004455906046402534
2022-04-11,239,282.02000000000163,4.3020000000000005,277.7180000000016,106732.58099999995,0.002608786411194778
2022-04-12,240,-724.7999999999956,6.48,-731.2799999999957,106001.30099999995,-0.006851516127020258
2022-04-13,242,851.8399999999956,2.1780000000000004,849.6619999999956,106850.96299999995,0.008015580865370662
2022-04-14,240,658.8000000000011,4.32,654.480000000001,107505.44299999994,0.006125167070323937
2022-04-18,0,0.0,0.0,0.0,107505.44299999994,0.0
2022-04-19,245,828.1000000000129,2.205,825.8950000000128,108331.33799999996,0.0076823552087498794
2022-04-20,0,0.0,0.0,0.0,108331.33799999996,0.0
2022-04-21,241,883.2649999999912,2.169,881.0959999999912,109212.43399999995,0.008133343649830961
2022-04-22,249,2049.2699999999904,2.241,2047.0289999999904,111259.46299999995,0.01874355258852661
2022-04-25,262,-881.6300000000024,4.716,-886.3460000000024,110373.11699999994,-0.007966477422239606
2022-04-26,259,1276.8700000000165,4.662000000000001,1272.2080000000165,111645.32499999995,0.01152642993673919
2022-04-27,267,-1881.0150000000042,7.2090000000000005,-1888.2240000000043,109757.10099999995,-0.016912701002034836
2022-04-28,259,543.9000000000059,2.3310000000000004,541.5690000000059,110298.66999999995,0.004934250222224858
2022-04-29,260,2394.599999999995,2.3400000000000003,2392.2599999999948,112690.92999999995,0.02168892879669352
2022-05-02,273,-1706.2499999999845,4.914000000000001,-1711.1639999999845,110979.76599999996,-0.015184576079015279
2022-05-03,267,-403.1699999999976,2.4030000000000005,-405.5729999999976,110574.19299999996,-0.0036544769791639112
2022-05-04,265,1388.6000000000024,2.3850000000000002,1386.2150000000024,111960.40799999995,0.012536514736309248
2022-05-05,263,1951.4600000000041,2.3670000000000004,1949.0930000000042,113909.50099999996,0.017408770071648944
2022-05-06,277,-876.7050000000056,2.4930000000000003,-879.1980000000057,113030.30299999996,-0.007718390408891405
2022-05-09,279,-326.43000000000444,7.533000000000001,-333.96300000000446,112696.33999999995,-0.0029546324404704514
2022-05-10,0,0.0,0.0,0.0,112696.33999999995,0.0
2022-05-11,283,-656.5600000000142,5.094,-661.6540000000142,112034.68599999994,-0.005871122345233346
2022-05-12,0,0.0,0.0,0.0,112034.68599999994,0.0
2022-05-13,282,-686.6700000000006,5.0760000000000005,-691.7460000000007,111342.93999999994,-0.0061743913844682086
2022-05-16,0,0.0,0.0,0.0,111342.93999999994,0.0
2022-05-17,0,0.0,0.0,0.0,111342.93999999994,0.0
2022-05-18,275,1531.7499999999982,4.95,1526.7999999999981,112869.73999999995,0.013712589231072925
2022-05-19,0,0.0,0.0,0.0,112869.73999999995,0.0
2022-05-20,286,-224.51000000000715,2.5740000000000003,-227.08400000000717,112642.65599999994,-0.002011912138718555
2022-05-23,0,0.0,0.0,0.0,112642.65599999994,0.0
2022-05-24,286,629.1999999999967,2.5740000000000003,626.6259999999968,113269.28199999995,0.005562954765555218
2022-05-25,0,0.0,0.0,0.0,113269.28199999995,0.0
2022-05-26,284,761.1200000000019,2.5560000000000005,758.5640000000019,114027.84599999995,0.006696996631443309
2022-05-27,279,757.485000000009,5.022,752.463000000009,114780.30899999995,0.006598940753471826
2022-05-31,277,-135.73000000000252,2.4930000000000003,-138.22300000000251,114642.08599999995,-0.001204239657518282
2022-06-01,276,-133.86000000000377,2.4840000000000004,-136.34400000000377,114505.74199999995,-0.0011893014577561319
2022-06-02,279,948.5999999999937,2.511,946.0889999999937,115451.83099999995,0.008262371680889105
2022-06-03,0,0.0,0.0,0.0,115451.83099999995,0.0
2022-06-06,0,0.0,0.0,0.0,115451.83099999995,0.0
2022-06-07,0,0.0,0.0,0.0,115451.83099999995,0.0
2022-06-08,0,0.0,0.0,0.0,115451.83099999995,0.0
2022-06-09,282,837.5400000000077,2.5380000000000003,835.0020000000077,116286.83299999996,0.007232470830194179
2022-06-10,294,-326.3399999999873,2.6460000000000004,-328.9859999999873,115957.84699999997,-0.0028290907191529367
2022-06-13,305,-68.62500000000693,5.49,-74.11500000000693,115883.73199999996,-0.000639154674888082
2022-06-14,0,0.0,0.0,0.0,115883.73199999996,0.0
2022-06-15,307,-948.6300000000098,2.7630000000000003,-951.3930000000098,114932.33899999995,-0.008209892653440003
2022-06-16,310,-1148.5499999999952,11.160000000000002,-1159.7099999999953,113772.62899999996,-0.010090371518498339
2022-06-17,311,-1223.7850000000008,2.7990000000000004,-1226.5840000000007,112546.04499999995,-0.010781011309846775
2022-06-21,302,-84.56000000000893,5.436000000000001,-89.99600000000893,112456.04899999994,-0.0007996371618390408
2022-06-22,0,0.0,0.0,0.0,112456.04899999994,0.0
2022-06-23,0,0.0,0.0,0.0,112456.04899999994,0.0
2022-06-24,294,1843.3799999999947,2.6460000000000004,1840.7339999999947,114296.78299999994,0.016368474762971583
2022-06-27,292,-70.07999999998606,2.628,-72.70799999998606,114224.07499999995,-0.0006361333896859206
2022-06-28,292,1424.9599999999987,2.628,1422.3319999999987,115646.40699999995,0.012452120973621361
2022-06-29,0,0.0,0.0,0.0,115646.40699999995,0.0
2022-06-30,307,-732.1949999999972,2.7630000000000003,-734.9579999999972,114911.44899999995,-0.006355216898351175
2022-07-01,0,0.0,0.0,0.0,114911.44899999995,0.0
2022-07-05,305,-744.199999999982,5.49,-749.689999999982,114161.75899999996,-0.006524067066633041
2022-07-06,0,0.0,0.0,0.0,114161.75899999996,0.0
2022-07-07,296,-189.4400000000128,10.656,-200.0960000000128,113961.66299999994,-0.0017527410382667007
2022-07-08,0,0.0,0.0,0.0,113961.66299999994,0.0
2022-07-11,0,0.0,0.0,0.0,113961.66299999994,0.0
2022-07-12,0,0.0,0.0,0.0,113961.66299999994,0.0
2022-07-13,0,0.0,0.0,0.0,113961.66299999994,0.0
2022-07-14,305,-221.12500000000693,2.745,-223.87000000000694,113737.79299999993,-0.001964432547812215
2022-07-15,0,0.0,0.0,0.0,113737.79299999993,0.0
2022-07-18,0,0.0,0.0,0.0,113737.79299999993,0.0
2022-07-19,294,1196.579999999998,2.6460000000000004,1193.9339999999982,114931.72699999993,0.010497249581763898
2022-07-20,292,-608.819999999994,2.628,-611.4479999999941,114320.27899999994,-0.005320097556699852
2022-07-21,290,-881.5999999999894,5.220000000000001,-886.8199999999895,113433.45899999994,-0.007757328863761695
2022-07-22,284,443.04000000000065,2.5560000000000005,440.48400000000066,113873.94299999994,0.0038831928769799823
2022-07-25,0,0.0,0.0,0.0,113873.94299999994,0.0
2022-07-26,289,-101.15000000000657,5.202000000000001,-106.35200000000657,113767.59099999993,-0.0009339450026772729
2022-07-27,288,126.71999999998297,7.776000000000001,118.94399999998298,113886.53499999992,0.0010454998559298232
2022-07-28,283,-210.83500000000134,7.641000000000001,-218.47600000000133,113668.05899999992,-0.0019183655029982385
2022-07-29,278,227.9599999999981,5.0040000000000004,222.9559999999981,113891.01499999991,0.001961465709553449
2022-08-01,0,0.0,0.0,0.0,113891.01499999991,0.0
2022-08-02,0,0.0,0.0,0.0,113891.01499999991,0.0
2022-08-03,277,635.7149999999885,4.986000000000001,630.7289999999886,114521.7439999999,0.005538004907586336
2022-08-04,0,0.0,0.0,0.0,114521.7439999999,0.0
2022-08-05,0,0.0,0.0,0.0,114521.7439999999,0.0
2022-08-08,275,-123.74999999999687,2.475,-126.22499999999687,114395.51899999991,-0.0011021924360494978
2022-08-09,0,0.0,0.0,0.0,114395.51899999991,0.0
2022-08-10,0,0.0,0.0,0.0,114395.51899999991,0.0
2022-08-11,0,0.0,0.0,0.0,114395.51899999991,0.0
2022-08-12,271,738.4749999999908,4.878000000000001,733.5969999999908,115129.1159999999,0.00641281237598119
2022-08-15,0,0.0,0.0,0.0,115129.1159999999,0.0
2022-08-16,0,0.0,0.0,0.0,115129.1159999999,0.0
2022-08-17,0,0.0,0.0,0.0,115129.1159999999,0.0
2022-08-18,0,0.0,0.0,0.0,115129.1159999999,0.0
2022-08-19,270,112.05000000000553,4.86,107.19000000000553,115236.30599999991,0.0009310416315539643
2022-08-22,276,405.71999999999184,2.4840000000000004,403.23599999999186,115639.5419999999,0.0034992097021922255
2022-08-23,0,0.0,0.0,0.0,115639.5419999999,0.0
2022-08-24,280,-400.4000000000019,2.5200000000000005,-402.9200000000019,115236.6219999999,-0.0034842753009174166
2022-08-25,277,373.95000000000624,4.986000000000001,368.96400000000625,115605.58599999991,0.0032017946517037487
2022-08-26,275,2565.7499999999955,2.475,2563.2749999999955,118168.8609999999,0.02217258775021475
2022-08-29,0,0.0,0.0,0.0,118168.8609999999,0.0
2022-08-30,292,531.439999999998,2.628,528.811999999998,118697.6729999999,0.0044750537114849435
2022-08-31,0,0.0,0.0,0.0,118697.6729999999,0.0
2022-09-01,302,-305.01999999999725,2.7180000000000004,-307.73799999999727,118389.9349999999,-0.0025926203287910923
2022-09-02,295,0.0,5.3100000000000005,-5.3100000000000005,118384.6249999999,-4.4851785753577826e-05
2022-09-06,301,-1038.4499999999966,5.418000000000001,-1043.8679999999965,117340.7569999999,-0.008817597724366634
2022-09-07,300,1526.9999999999925,2.7,1524.2999999999925,118865.05699999988,0.012990371282503264
2022-09-08,300,-73.49999999998431,2.7,-76.19999999998431,118788.8569999999,-0.0006410630838294588
2022-09-09,294,180.80999999998596,7.938000000000001,172.87199999998597,118961.72899999989,0.0014552880157773225
2022-09-12,291,-162.96000000000066,2.619,-165.57900000000066,118796.14999999989,-0.0013918677997694605
2022-09-13,295,955.8000000000027,5.3100000000000005,950.4900000000027,119746.6399999999,0.00800101686797092
2022-09-14,0,0.0,0.0,0.0,119746.6399999999,0.0
2022-09-15,0,0.0,0.0,0.0,119746.6399999999,0.0
2022-09-16,311,-639.1050000000021,2.7990000000000004,-641.904000000002,119104.7359999999,-0.005360517839999541
2022-09-19,0,0.0,0.0,0.0,119104.7359999999,0.0
2022-09-20,309,-367.7099999999993,2.781,-370.4909999999993,118734.24499999991,-0.0031106319735262214
2022-09-21,0,0.0,0.0,0.0,118734.24499999991,0.0
2022-09-22,315,-653.6250000000143,5.670000000000001,-659.2950000000143,118074.9499999999,-0.0055526945911856754
2022-09-23,318,-149.4599999999906,2.8620000000000005,-152.3219999999906,117922.62799999991,-0.0012900450095468237
2022-09-26,321,-484.7100000000153,5.7780000000000005,-490.48800000001535,117432.1399999999,-0.004159405266985872
2022-09-27,319,-314.21500000000435,5.742000000000001,-319.95700000000437,117112.18299999989,-0.0027246118481703955
2022-09-28,321,1303.2600000000007,2.8890000000000002,1300.3710000000008,118412.55399999989,0.011103635562834672
2022-09-29,322,-185.14999999999634,5.796,-190.94599999999633,118221.60799999989,-0.001612548615411137
2022-09-30,326,-772.619999999983,2.934,-775.5539999999829,117446.0539999999,-0.0065601713013409835
2022-10-03,325,695.5000000000141,2.9250000000000003,692.5750000000141,118138.62899999991,0.005896962702552908
2022-10-04,317,-182.2749999999964,8.559000000000001,-190.8339999999964,117947.79499999991,-0.001615339551638072
2022-10-05,0,0.0,0.0,0.0,117947.79499999991,0.0
2022-10-06,0,0.0,0.0,0.0,117947.79499999991,0.0
2022-10-07,319,870.8700000000058,2.8710000000000004,867.9990000000058,118815.79399999992,0.007359179542101711
2022-10-10,326,-1015.490000000003,5.868,-1021.358000000003,117794.43599999991,-0.008596146737865537
2022-10-11,328,-70.52000000001044,2.9520000000000004,-73.47200000001044,117720.9639999999,-0.000623730648873861
2022-10-12,0,0.0,0.0,0.0,117720.9639999999,0.0
2022-10-13,337,1877.0899999999976,3.0330000000000004,1874.0569999999977,119595.0209999999,0.015919483975683373
2022-10-14,324,1385.0999999999926,2.9160000000000004,1382.1839999999927,120977.2049999999,0.011557203539434922
2022-10-17,332,-429.9400000000053,2.9880000000000004,-432.9280000000053,120544.2769999999,-0.003578591520609239
2022-10-18,0,0.0,0.0,0.0,120544.2769999999,0.0
2022-10-19,0,0.0,0.0,0.0,120544.2769999999,0.0
2022-10-20,327,-621.2999999999926,2.9430000000000005,-624.2429999999925,119920.03399999991,-0.005178537011757041
2022-10-21,328,744.559999999994,5.904000000000001,738.655999999994,120658.6899999999,0.006159571302322968
2022-10-24,0,0.0,0.0,0.0,120658.6899999999,0.0
2022-10-25,318,66.77999999997542,8.586,58.19399999997542,120716.88399999987,0.0004823026008319456
2022-10-26,0,0.0,0.0,0.0,120716.88399999987,0.0
2022-10-27,0,0.0,0.0,0.0,120716.88399999987,0.0
2022-10-28,317,2022.4599999999987,2.853,2019.6069999999986,122736.49099999988,0.01673011208606081
2022-10-31,0,0.0,0.0,0.0,122736.49099999988,0.0
2022-11-01,0,0.0,0.0,0.0,122736.49099999988,0.0
2022-11-02,319,636.4050000000015,2.8710000000000004,633.5340000000015,123370.02499999988,0.005161741180950025
2022-11-03,332,-1138.7600000000023,2.9880000000000004,-1141.7480000000023,122228.27699999987,-0.009254662953987433
2022-11-04,0,0.0,0.0,0.0,122228.27699999987,0.0
2022-11-07,0,0.0,0.0,0.0,122228.27699999987,0.0
2022-11-08,320,-819.2000000000007,2.8800000000000003,-822.0800000000007,121406.19699999987,-0.006725775902085256
2022-11-09,319,137.16999999998404,5.742000000000001,131.42799999998405,121537.62499999985,0.0010825477055342093
2022-11-10,313,856.0550000000043,8.451,847.6040000000042,122385.22899999986,0.006974004963483574
2022-11-11,309,-224.02500000000703,2.781,-226.80600000000703,122158.42299999985,-0.001853213838411883
2022-11-14,0,0.0,0.0,0.0,122158.42299999985,0.0
2022-11-15,0,0.0,0.0,0.0,122158.42299999985,0.0
2022-11-16,0,0.0,0.0,0.0,122158.42299999985,0.0
2022-11-17,0,0.0,0.0,0.0,122158.42299999985,0.0
2022-11-18,0,0.0,0.0,0.0,122158.42299999985,0.0
2022-11-21,0,0.0,0.0,0.0,122158.42299999985,0.0
2022-11-22,307,130.4750000000035,2.7630000000000003,127.71200000000348,122286.13499999985,0.0010454620881934899
2022-11-23,306,-361.0800000000021,5.508000000000001,-366.58800000000207,121919.54699999985,-0.002997788751766523
2022-11-28,305,27.45000000000971,2.745,24.705000000009708,121944.25199999986,0.00020263362691143972
2022-11-29,307,-540.3200000000147,5.526000000000001,-545.8460000000147,121398.40599999984,-0.0044761929410171404
2022-11-30,306,2301.1199999999944,5.508000000000001,2295.6119999999946,123694.01799999984,0.01890973757925617
2022-12-01,302,-700.6399999999979,2.7180000000000004,-703.3579999999979,122990.65999999984,-0.005686273365297252
2022-12-02,0,0.0,0.0,0.0,122990.65999999984,0.0
2022-12-05,304,878.5599999999959,2.736,875.8239999999959,123866.48399999984,0.007121061062685548
2022-12-06,310,967.2000000000014,2.7900000000000005,964.4100000000014,124830.89399999984,0.007785883387147751
2022-12-07,0,0.0,0.0,0.0,124830.89399999984,0.0
2022-12-08,315,-94.50000000000358,2.8350000000000004,-97.33500000000357,124733.55899999983,-0.0007797348627496307
2022-12-09,0,0.0,0.0,0.0,124733.55899999983,0.0
2022-12-12,316,227.51999999999066,2.8440000000000003,224.67599999999067,124958.23499999983,0.001801247409287752
2022-12-13,0,0.0,0.0,0.0,124958.23499999983,0.0
2022-12-14,311,-20.214999999999293,2.7990000000000004,-23.013999999999292,124935.22099999983,-0.00018417353606186359
2022-12-15,316,462.9399999999921,2.8440000000000003,460.0959999999921,125395.31699999982,0.0036826764807979385
2022-12-16,325,-68.24999999999335,2.9250000000000003,-71.17499999999335,125324.14199999983,-0.0005676049289782763
2022-12-19,326,-378.1599999999896,5.868,-384.0279999999896,124940.11399999984,-0.0030642779106358465
2022-12-20,0,0.0,0.0,0.0,124940.11399999984,0.0
2022-12-21,325,-524.8750000000214,5.8500000000000005,-530.7250000000214,124409.38899999982,-0.004247835086816249
2022-12-22,324,895.8599999999956,2.9160000000000004,892.9439999999955,125302.33299999981,0.007177464716911332
2022-12-23,330,-912.4499999999955,2.97,-915.4199999999955,124386.91299999981,-0.007305689990624492
2022-12-27,324,-644.760000000003,2.9160000000000004,-647.676000000003,123739.2369999998,-0.005206946489619884
2022-12-28,324,497.3400000000081,5.832000000000001,491.5080000000081,124230.7449999998,0.003972127288937533
2022-12-29,327,539.5499999999926,2.9430000000000005,536.6069999999926,124767.3519999998,0.004319437994193736
2022-12-30,0,0.0,0.0,0.0,124767.3519999998,0.0
2023-01-03,324,-113.39999999998895,2.9160000000000004,-116.31599999998895,124651.0359999998,-0.0009322631131899725
2023-01-04,0,0.0,0.0,0.0,124651.0359999998,0.0
2023-01-05,326,-73.34999999998888,5.868,-79.21799999998888,124571.81799999981,-0.0006355181837396763
2023-01-06,325,703.6249999999882,5.8500000000000005,697.7749999999882,125269.5929999998,0.005601387305754735
2023-01-09,320,60.79999999999927,2.8800000000000003,57.91999999999927,125327.5129999998,0.00046236280180138653
2023-01-10,0,0.0,0.0,0.0,125327.5129999998,0.0
2023-01-11,0,0.0,0.0,0.0,125327.5129999998,0.0
2023-01-12,315,-595.3500000000136,2.8350000000000004,-598.1850000000136,124729.32799999979,-0.004772974310916188
2023-01-13,0,0.0,0.0,0.0,124729.32799999979,0.0
2023-01-17,0,0.0,0.0,0.0,124729.32799999979,0.0
2023-01-18,312,1152.8400000000156,2.8080000000000003,1150.0320000000156,125879.35999999981,0.009220221245800487
2023-01-19,0,0.0,0.0,0.0,125879.35999999981,0.0
2023-01-20,322,582.8200000000007,5.796,577.0240000000007,126456.38399999982,0.004583944500512248
2023-01-23,318,518.3399999999986,2.8620000000000005,515.4779999999986,126971.86199999982,0.004076330381232468
2023-01-24,0,0.0,0.0,0.0,126971.86199999982,0.0
2023-01-25,320,-190.39999999999054,2.8800000000000003,-193.27999999999054,126778.58199999983,-0.001522227026961224
2023-01-26,0,0.0,0.0,0.0,126778.58199999983,0.0
2023-01-27,0,0.0,0.0,0.0,126778.58199999983,0.0
2023-01-30,0,0.0,0.0,0.0,126778.58199999983,0.0
2023-01-31,316,328.64000000000647,2.8440000000000003,325.7960000000065,127104.37799999984,0.00256980315492097
2023-02-01,313,-189.3650000000057,2.817,-192.1820000000057,126912.19599999984,-0.0015120014198095203
2023-02-02,305,-757.925000000004,5.49,-763.415000000004,126148.78099999983,-0.006015300531085326
2023-02-03,0,0.0,0.0,0.0,126148.78099999983,0.0
2023-02-06,0,0.0,0.0,0.0,126148.78099999983,0.0
2023-02-07,308,-1007.1599999999944,5.5440000000000005,-1012.7039999999944,125136.07699999983,-0.0080278540305514
2023-02-08,302,-221.97000000000412,2.7180000000000004,-224.6880000000041,124911.38899999982,-0.0017955493362637892
2023-02-09,301,-159.5299999999918,5.418000000000001,-164.9479999999918,124746.44099999983,-0.0013205201008531899
2023-02-10,0,0.0,0.0,0.0,124746.44099999983,0.0
2023-02-13,305,725.8999999999986,2.745,723.1549999999986,125469.59599999983,0.005796999050257471
2023-02-14,305,-306.52500000001595,2.745,-309.27000000001595,125160.32599999981,-0.0024648999427719235
2023-02-15,0,0.0,0.0,0.0,125160.32599999981,0.0
2023-02-16,0,0.0,0.0,0.0,125160.32599999981,0.0
2023-02-17,308,-337.2599999999909,2.7720000000000002,-340.0319999999909,124820.29399999982,-0.002716771447207571
2023-02-21,309,815.7599999999958,2.781,812.9789999999958,125633.27299999981,0.006513195682746885
2023-02-22,0,0.0,0.0,0.0,125633.27299999981,0.0
2023-02-23,312,-329.1600000000021,2.8080000000000003,-331.9680000000021,125301.3049999998,-0.002642357331564566
2023-02-24,316,39.5,2.8440000000000003,36.656,125337.9609999998,0.00029254284302944857
2023-02-27,0,0.0,0.0,0.0,125337.9609999998,0.0
2023-02-28,0,0.0,0.0,0.0,125337.9609999998,0.0
2023-03-01,0,0.0,0.0,0.0,125337.9609999998,0.0
2023-03-02,319,274.3399999999862,2.8710000000000004,271.46899999998624,125609.42999999979,0.0021658960927247463
2023-03-03,314,1034.630000000005,5.652000000000001,1028.978000000005,126638.40799999979,0.008191884956408184
2023-03-06,312,-425.8799999999851,5.6160000000000005,-431.4959999999851,126206.91199999981,-0.0034073075207956324
2023-03-07,312,1042.0799999999922,2.8080000000000003,1039.2719999999922,127246.1839999998,0.008234667844499624
2023-03-08,0,0.0,0.0,0.0,127246.1839999998,0.0
2023-03-09,318,1270.4100000000017,5.724000000000001,1264.6860000000017,128510.8699999998,0.009938891369819024
2023-03-10,328,290.279999999997,5.904000000000001,284.375999999997,128795.24599999981,0.0022128556129142806
2023-03-13,337,-512.2399999999939,6.066000000000001,-518.3059999999939,128276.93999999981,-0.004024263442145952
2023-03-14,328,-183.68000000000075,2.9520000000000004,-186.63200000000074,128090.30799999982,-0.0014549146557440568
2023-03-15,0,0.0,0.0,0.0,128090.30799999982,0.0
2023-03-16,330,1412.399999999991,2.97,1409.429999999991,129499.73799999981,0.011003408626357531
2023-03-17,329,-82.25,5.922000000000001,-88.172,129411.5659999998,-0.0006808662423703137
2023-03-20,331,29.790000000010536,2.9790000000000005,26.811000000010537,129438.37699999982,0.0002071762272006706
2023-03-21,0,0.0,0.0,0.0,129438.37699999982,0.0
2023-03-22,0,0.0,0.0,0.0,129438.37699999982,0.0
2023-03-23,327,-45.77999999999554,2.9430000000000005,-48.72299999999554,129389.65399999982,-0.0003764185022189795
2023-03-24,0,0.0,0.0,0.0,129389.65399999982,0.0
2023-03-27,0,0.0,0.0,0.0,129389.65399999982,0.0
2023-03-28,0,0.0,0.0,0.0,129389.65399999982,0.0
2023-03-29,0,0.0,0.0,0.0,129389.65399999982,0.0
2023-03-30,0,0.0,0.0,0.0,129389.65399999982,0.0
2023-03-31,319,612.480000000005,8.613000000000001,603.867000000005,129993.52099999982,0.004667042389648911
2023-04-03,317,-375.6450000000007,2.853,-378.49800000000073,129615.02299999981,-0.002911668189986186
2023-04-04,314,53.380000000005,2.8260000000000005,50.554000000005,129665.57699999982,0.0003900319486885796
2023-04-05,0,0.0,0.0,0.0,129665.57699999982,0.0
2023-04-06,318,-38.160000000001446,2.8620000000000005,-41.02200000000145,129624.55499999982,-0.0003163676971876777
2023-04-10,0,0.0,0.0,0.0,129624.55499999982,0.0
2023-04-11,0,0.0,0.0,0.0,129624.55499999982,0.0
2023-04-12,314,-150.7200000000057,2.8260000000000005,-153.5460000000057,129471.00899999982,-0.0011845440858023074
2023-04-13,316,682.5600000000079,5.688000000000001,676.8720000000079,130147.88099999982,0.005227981192299265
2023-04-14,315,-973.3499999999921,8.505,-981.8549999999921,129166.02599999982,-0.007544148951606776
2023-04-17,0,0.0,0.0,0.0,129166.02599999982,0.0
2023-04-18,0,0.0,0.0,0.0,129166.02599999982,0.0
2023-04-19,0,0.0,0.0,0.0,129166.02599999982,0.0
2023-04-20,0,0.0,0.0,0.0,129166.02599999982,0.0
2023-04-21,313,-353.6899999999986,2.817,-356.5069999999986,128809.51899999983,-0.002760067883485082
2023-04-24,312,-424.3199999999865,2.8080000000000003,-427.1279999999865,128382.39099999984,-0.00331596611272174
2023-04-25,312,772.2000000000071,5.6160000000000005,766.5840000000071,129148.97499999985,0.005971099260801336
2023-04-26,317,-293.2249999999856,5.706,-298.9309999999856,128850.04399999986,-0.002314621544615325
2023-04-27,316,966.9600000000007,5.688000000000001,961.2720000000007,129811.31599999986,0.007460393261487763
2023-04-28,315,171.675000000005,5.670000000000001,166.00500000000503,129977.32099999987,0.0012788176340497559
2023-05-01,0,0.0,0.0,0.0,129977.32099999987,0.0
2023-05-02,313,672.9500000000107,5.634,667.3160000000107,130644.63699999987,0.005134095662734974
2023-05-03,317,-272.6200000000043,2.853,-275.47300000000433,130369.16399999987,-0.002108567227294639
2023-05-04,320,-190.39999999999054,5.760000000000001,-196.15999999999053,130173.00399999988,-0.0015046502867809349
2023-05-05,318,793.4100000000014,2.8620000000000005,790.5480000000015,130963.55199999988,0.006073056438030747
2023-05-08,0,0.0,0.0,0.0,130963.55199999988,0.0
2023-05-09,0,0.0,0.0,0.0,130963.55199999988,0.0
2023-05-10,0,0.0,0.0,0.0,130963.55199999988,0.0
2023-05-11,317,-179.10499999999928,2.853,-181.9579999999993,130781.59399999988,-0.0013893789319336684
2023-05-12,316,-489.79999999998563,5.688000000000001,-495.4879999999856,130286.1059999999,-0.0037886676927946458
2023-05-15,0,0.0,0.0,0.0,130286.1059999999,0.0
2023-05-16,0,0.0,0.0,0.0,130286.1059999999,0.0
2023-05-17,315,204.74999999999284,2.8350000000000004,201.91499999999283,130488.02099999989,0.0015497815246699675
2023-05-18,314,428.61000000000286,5.652000000000001,422.95800000000287,130910.97899999989,0.0032413550052997064
2023-05-19,0,0.0,0.0,0.0,130910.97899999989,0.0
2023-05-22,0,0.0,0.0,0.0,130910.97899999989,0.0
2023-05-23,313,70.42500000000712,2.817,67.60800000000711,130978.5869999999,0.0005164425513921729
2023-05-24,317,-822.6149999999907,8.559000000000001,-831.1739999999907,130147.41299999991,-0.006345876979112558
2023-05-25,0,0.0,0.0,0.0,130147.41299999991,0.0
2023-05-26,313,935.8699999999851,2.817,933.0529999999851,131080.4659999999,0.007169201281011907
2023-05-30,0,0.0,0.0,0.0,131080.4659999999,0.0
2023-05-31,313,-65.73000000001139,2.817,-68.5470000000114,131011.91899999989,-0.0005229383301094722
2023-06-01,313,754.3300000000079,2.817,751.5130000000079,131763.4319999999,0.0057362185497031645
2023-06-02,310,274.3499999999972,2.7900000000000005,271.55999999999716,132034.9919999999,0.0020609663536996924
2023-06-05,0,0.0,0.0,0.0,132034.9919999999,0.0
2023-06-06,0,0.0,0.0,0.0,132034.9919999999,0.0
2023-06-07,308,-295.6800000000112,2.7720000000000002,-298.4520000000112,131736.5399999999,-0.002260400788300206
2023-06-08,308,-132.4399999999846,8.316,-140.7559999999846,131595.7839999999,-0.0010684658941246272
2023-06-09,305,39.64999999999861,2.745,36.904999999998616,131632.6889999999,0.000280442115075652
2023-06-12,305,161.64999999999168,2.745,158.90499999999167,131791.5939999999,0.001207184941728204
2023-06-13,0,0.0,0.0,0.0,131791.5939999999,0.0
2023-06-14,301,-738.9549999999952,5.418000000000001,-744.3729999999952,131047.2209999999,-0.005648106813246342
2023-06-15,300,1154.9999999999898,2.7,1152.2999999999897,132199.5209999999,0.008793013626744443
2023-06-16,298,-214.5599999999912,8.046000000000001,-222.60599999999118,131976.9149999999,-0.0016838638923660802
2023-06-20,301,-252.83999999999247,2.7090000000000005,-255.54899999999247,131721.3659999999,-0.0019363159079752144
2023-06-21,301,-3.0099999999972624,2.7090000000000005,-5.718999999997263,131715.6469999999,-4.3417405798822857e-05
2023-06-22,0,0.0,0.0,0.0,131715.6469999999,0.0
2023-06-23,0,0.0,0.0,0.0,131715.6469999999,0.0
2023-06-26,304,-106.39999999998963,2.736,-109.13599999998964,131606.5109999999,-0.0008285727814857844
2023-06-27,304,700.7200000000021,2.736,697.9840000000021,132304.4949999999,0.005303567389610402
2023-06-28,0,0.0,0.0,0.0,132304.4949999999,0.0
2023-06-29,303,-290.8799999999938,5.454000000000001,-296.3339999999938,132008.1609999999,-0.0022397878469661518
2023-06-30,299,131.56000000001632,5.382000000000001,126.17800000001631,132134.33899999992,0.0009558348441807049
2023-07-05,0,0.0,0.0,0.0,132134.33899999992,0.0
2023-07-06,300,11.999999999989086,2.7,9.299999999989087,132143.6389999999,7.038291537515537e-05
2023-07-07,301,-334.1100000000041,2.7090000000000005,-336.8190000000041,131806.8199999999,-0.0025488854594053092
2023-07-10,0,0.0,0.0,0.0,131806.8199999999,0.0
2023-07-11,0,0.0,0.0,0.0,131806.8199999999,0.0
2023-07-12,0,0.0,0.0,0.0,131806.8199999999,0.0
2023-07-13,294,99.96000000000936,2.6460000000000004,97.31400000000936,131904.1339999999,0.0007383077749695307
2023-07-14,0,0.0,0.0,0.0,131904.1339999999,0.0
2023-07-17,293,-52.740000000002,7.911000000000001,-60.651000000002,131843.4829999999,-0.0004598112141049502
2023-07-18,292,553.3400000000113,2.628,550.7120000000112,132394.1949999999,0.004177013436454889
2023-07-19,290,-44.94999999999209,2.6100000000000003,-47.55999999999209,132346.6349999999,-0.0003592302517492714
2023-07-20,291,-40.73999999999603,2.619,-43.35899999999603,132303.2759999999,-0.0003276169431885901
2023-07-21,0,0.0,0.0,0.0,132303.2759999999,0.0
2023-07-24,291,-58.20000000001323,5.238,-63.43800000001323,132239.83799999987,-0.0004794892607195402
2023-07-25,291,0.0,2.619,-2.619,132237.21899999987,-1.9804924443419257e-05
2023-07-26,0,0.0,0.0,0.0,132237.21899999987,0.0
2023-07-27,288,408.9600000000046,2.5920000000000005,406.3680000000046,132643.58699999988,0.0030730228832172054
2023-07-28,291,-218.25,2.619,-220.869,132422.71799999988,-0.0016651313870153421
2023-07-31,0,0.0,0.0,0.0,132422.71799999988,0.0
2023-08-01,0,0.0,0.0,0.0,132422.71799999988,0.0
2023-08-02,292,522.6799999999894,2.628,520.0519999999893,132942.76999999987,0.003927211341485906
2023-08-03,0,0.0,0.0,0.0,132942.76999999987,0.0
2023-08-04,294,-271.94999999998663,2.6460000000000004,-274.59599999998665,132668.17399999988,-0.0020655203739171893
2023-08-07,295,-365.8000000000027,5.3100000000000005,-371.1100000000027,132297.06399999987,-0.0027972797756303106
2023-08-08,295,20.649999999997988,2.6550000000000002,17.994999999997987,132315.05899999986,0.00013601964742012722
2023-08-09,294,-36.75,2.6460000000000004,-39.396,132275.66299999985,-0.0002977438871867188
2023-08-10,295,-514.7750000000013,2.6550000000000002,-517.4300000000013,131758.23299999986,-0.003911755104943242
2023-08-11,0,0.0,0.0,0.0,131758.23299999986,0.0
2023-08-14,296,-300.43999999999596,5.328,-305.76799999999594,131452.46499999988,-0.0023206747163951134
2023-08-15,294,470.4000000000067,5.292000000000001,465.1080000000067,131917.5729999999,0.0035382219724826545
2023-08-16,298,147.51000000000136,2.6820000000000004,144.82800000000137,132062.4009999999,0.0010978673781392376
2023-08-17,299,255.64500000000544,2.6910000000000003,252.95400000000544,132315.3549999999,0.001915412699485947
2023-08-18,0,0.0,0.0,0.0,132315.3549999999,0.0
2023-08-21,302,-665.9099999999952,2.7180000000000004,-668.6279999999952,131646.7269999999,-0.005053291056053137
2023-08-22,0,0.0,0.0,0.0,131646.7269999999,0.0
2023-08-23,299,754.9750000000101,2.6910000000000003,752.2840000000101,132399.0109999999,0.005714414760953462
2023-08-24,297,1248.8849999999952,2.6730000000000005,1246.2119999999952,133645.2229999999,0.009412547651130082
2023-08-25,304,22.799999999996544,2.736,20.063999999996543,133665.2869999999,0.0001501288227862552
2023-08-28,0,0.0,0.0,0.0,133665.2869999999,0.0
2023-08-29,301,1535.1000000000067,2.7090000000000005,1532.3910000000067,135197.6779999999,0.01146439015239617
2023-08-30,300,-558.0000000000041,2.7,-560.7000000000041,134636.9779999999,-0.00414726057647236
2023-08-31,0,0.0,0.0,0.0,134636.9779999999,0.0
2023-09-01,0,0.0,0.0,0.0,134636.9779999999,0.0
2023-09-05,298,-123.6700000000061,2.6820000000000004,-126.3520000000061,134510.62599999987,-0.0009384643199582674
2023-09-06,299,104.6500000000068,2.6910000000000003,101.9590000000068,134612.58499999988,0.0007579995947681256
2023-09-07,0,0.0,0.0,0.0,134612.58499999988,0.0
2023-09-08,302,-1.5099999999986267,2.7180000000000004,-4.227999999998627,134608.35699999987,-3.140865321023759e-05
2023-09-11,0,0.0,0.0,0.0,134608.35699999987,0.0
2023-09-12,0,0.0,0.0,0.0,134608.35699999987,0.0
2023-09-13,301,-257.35499999998837,2.7090000000000005,-260.06399999998837,134348.2929999999,-0.0019320048605896633
2023-09-14,0,0.0,0.0,0.0,134348.2929999999,0.0
2023-09-15,300,979.4999999999959,2.7,976.7999999999959,135325.09299999988,0.007270654343185415
2023-09-18,0,0.0,0.0,0.0,135325.09299999988,0.0
2023-09-19,305,88.45000000000624,2.745,85.70500000000624,135410.7979999999,0.0006333267400747792
2023-09-20,304,715.9200000000055,2.736,713.1840000000055,136123.9819999999,0.00526681779100073
2023-09-21,312,502.3199999999865,5.6160000000000005,496.70399999998654,136620.6859999999,0.003648908830774484
2023-09-22,315,-313.42500000000143,2.8350000000000004,-316.2600000000014,136304.4259999999,-0.0023148763870209353
2023-09-25,317,-280.5449999999971,2.853,-283.3979999999971,136021.0279999999,-0.0020791547884145547
2023-09-26,316,218.03999999999928,8.532000000000002,209.50799999999927,136230.5359999999,0.0015402618483371514
2023-09-27,318,-551.7300000000043,2.8620000000000005,-554.5920000000043,135675.9439999999,-0.004070981560257567
2023-09-28,318,216.24000000000217,5.724000000000001,210.51600000000218,135886.4599999999,0.0015516088835910537
2023-09-29,314,-601.3099999999886,2.8260000000000005,-604.1359999999886,135282.3239999999,-0.004445888133372442
2023-10-02,0,0.0,0.0,0.0,135282.3239999999,0.0
2023-10-03,318,270.29999999998915,2.8620000000000005,267.43799999998913,135549.7619999999,0.0019768879783584243
2023-10-04,321,24.07499999999635,8.667000000000002,15.407999999996349,135565.1699999999,0.00011367043197018937
2023-10-05,319,28.70999999999202,2.8710000000000004,25.83899999999202,135591.00899999987,0.00019060205508532937
2023-10-06,321,158.89500000000146,2.8890000000000002,156.00600000000145,135747.01499999987,0.0011505630141007475
2023-10-09,317,31.700000000007208,2.853,28.847000000007206,135775.86199999988,0.00021250559358529714
2023-10-10,313,90.76999999998861,2.817,87.9529999999886,135863.81499999986,0.0006477808257257736
2023-10-11,0,0.0,0.0,0.0,135863.81499999986,0.0
2023-10-12,311,-290.78499999998303,5.598000000000001,-296.38299999998304,135567.43199999988,-0.0021814712033515573
2023-10-13,311,-805.4899999999923,5.598000000000001,-811.0879999999922,134756.3439999999,-0.005982911884028259
2023-10-16,310,-3.100000000014802,2.7900000000000005,-5.890000000014803,134750.45399999988,-4.370851735199055e-05
2023-10-17,0,0.0,0.0,0.0,134750.45399999988,0.0
2023-10-18,310,86.79999999999154,2.7900000000000005,84.00999999999154,134834.46399999986,0.0006234487343544802
2023-10-19,312,157.55999999999858,2.8080000000000003,154.7519999999986,134989.21599999987,0.001147718434954425
2023-10-20,316,554.5800000000165,8.532000000000002,546.0480000000165,135535.26399999988,0.00404512313042856
2023-10-23,323,-529.7199999999956,2.9070000000000005,-532.6269999999956,135002.63699999987,-0.0039298038331927855
2023-10-24,319,89.3199999999913,2.8710000000000004,86.4489999999913,135089.08599999986,0.0006403504547840157
2023-10-25,320,393.59999999998763,5.760000000000001,387.83999999998764,135476.92599999986,0.0028709943303635056
2023-10-26,325,-310.3750000000133,8.775,-319.1500000000133,135157.77599999984,-0.00235575170933546
2023-10-27,326,-220.04999999998518,2.934,-222.98399999998517,134934.79199999984,-0.001649805187679216
2023-10-30,326,-625.9199999999867,2.934,-628.8539999999866,134305.93799999985,-0.004660428868486249
2023-10-31,322,-354.2000000000073,2.898,-357.09800000000735,133948.83999999985,-0.0026588399985710814
2023-11-01,319,-325.3799999999942,5.742000000000001,-331.1219999999942,133617.71799999985,-0.002472003490287744
2023-11-02,313,995.3400000000022,2.817,992.5230000000022,134610.24099999986,0.007428079261165075
2023-11-03,310,-390.59999999997956,8.370000000000001,-398.96999999997956,134211.2709999999,-0.0029638903922620564
2023-11-06,0,0.0,0.0,0.0,134211.2709999999,0.0
2023-11-07,308,-80.0799999999972,2.7720000000000002,-82.8519999999972,134128.4189999999,-0.0006173252021433972
2023-11-08,0,0.0,0.0,0.0,134128.4189999999,0.0
2023-11-09,305,265.3500000000014,2.745,262.6050000000014,134391.02399999992,0.001957862486994658
2023-11-10,308,602.1400000000126,2.7720000000000002,599.3680000000126,134990.39199999993,0.004459881189684312
2023-11-13,0,0.0,0.0,0.0,134990.39199999993,0.0
2023-11-14,302,-324.64999999999657,8.154000000000002,-332.80399999999656,134657.58799999993,-0.0024653902775539516
2023-11-15,0,0.0,0.0,0.0,134657.58799999993,0.0
2023-11-16,0,0.0,0.0,0.0,134657.58799999993,0.0
2023-11-17,0,0.0,0.0,0.0,134657.58799999993,0.0
2023-11-20,298,622.8199999999925,2.6820000000000004,620.1379999999925,135277.72599999994,0.004605295618394656
2023-11-21,298,-151.9799999999973,2.6820000000000004,-154.66199999999728,135123.06399999993,-0.001143292429383366
2023-11-22,0,0.0,0.0,0.0,135123.06399999993,0.0
2023-11-27,0,0.0,0.0,0.0,135123.06399999993,0.0
2023-11-28,297,-196.02000000000743,2.6730000000000005,-198.69300000000743,134924.37099999993,-0.0014704595508580796
2023-11-29,295,-501.5000000000134,2.6550000000000002,-504.1550000000134,134420.2159999999,-0.0037365747660221714
2023-11-30,295,-166.67499999999933,2.6550000000000002,-169.32999999999933,134250.8859999999,-0.001259706352502807
2023-12-01,294,449.8200000000087,2.6460000000000004,447.1740000000087,134698.0599999999,0.0033308830453454806
2023-12-04,295,-33.92500000000268,2.6550000000000002,-36.580000000002684,134661.4799999999,-0.00027157035520780854
2023-12-05,0,0.0,0.0,0.0,134661.4799999999,0.0
2023-12-06,293,73.25,2.6370000000000005,70.613,134732.0929999999,0.0005243741565888036
2023-12-07,294,-321.930000000008,5.292000000000001,-327.222000000008,134404.8709999999,-0.0024286863858042212
2023-12-08,293,-161.15000000002,5.274000000000001,-166.42400000002,134238.44699999987,-0.001238228932938153
2023-12-11,292,14.60000000000332,2.628,11.97200000000332,134250.41899999988,8.91845836089219e-05
2023-12-12,290,181.25,2.6100000000000003,178.64,134429.0589999999,0.0013306476160793222
2023-12-13,289,888.6750000000131,2.6010000000000004,886.0740000000131,135315.1329999999,0.006591387357699304
2023-12-14,286,-244.5300000000052,2.5740000000000003,-247.10400000000521,135068.02899999992,-0.0018261372140838481
2023-12-15,0,0.0,0.0,0.0,135068.02899999992,0.0
2023-12-18,286,-167.30999999999415,5.148000000000001,-172.45799999999414,134895.57099999994,-0.0012768232517851744
2023-12-19,285,185.24999999999352,2.5650000000000004,182.68499999999352,135078.25599999994,0.0013542698151297614
2023-12-20,285,691.1250000000032,2.5650000000000004,688.5600000000031,135766.81599999993,0.0050974895619025715
2023-12-21,0,0.0,0.0,0.0,135766.81599999993,0.0
2023-12-22,286,-303.16000000000065,2.5740000000000003,-305.73400000000066,135461.08199999994,-0.0022519052078233963
2023-12-26,285,-101.17500000000518,7.695000000000001,-108.87000000000519,135352.21199999994,-0.0008036994714098419
2023-12-27,0,0.0,0.0,0.0,135352.21199999994,0.0
2023-12-28,0,0.0,0.0,0.0,135352.21199999994,0.0
2023-12-29,284,113.59999999999354,2.5560000000000005,111.04399999999355,135463.25599999994,0.000820407722631039
2024-01-02,0,0.0,0.0,0.0,135463.25599999994,0.0
2024-01-03,287,-27.26500000000783,5.166,-32.43100000000783,135430.82499999992,-0.00023940809454637532
2024-01-04,289,-40.460000000012485,2.6010000000000004,-43.061000000012484,135387.7639999999,-0.0003179556795878081
2024-01-05,289,306.34000000000066,2.6010000000000004,303.73900000000066,135691.5029999999,0.002243474528466257
2024-01-08,289,1369.8599999999863,2.6010000000000004,1367.2589999999861,137058.7619999999,0.010076231523502153
2024-01-09,0,0.0,0.0,0.0,137058.7619999999,0.0
2024-01-10,289,41.90500000001117,7.803000000000001,34.102000000011174,137092.8639999999,0.00024881298723543994
2024-01-11,287,21.524999999996737,2.583,18.94199999999674,137111.80599999992,0.00013816911724885076
2024-01-12,0,0.0,0.0,0.0,137111.80599999992,0.0
2024-01-16,288,-423.36000000000786,5.184000000000001,-428.5440000000079,136683.26199999993,-0.0031255076605147198
2024-01-17,0,0.0,0.0,0.0,136683.26199999993,0.0
2024-01-18,288,213.12000000000262,2.5920000000000005,210.5280000000026,136893.78999999992,0.0015402617476308307
2024-01-19,286,880.8800000000117,2.5740000000000003,878.3060000000117,137772.09599999993,0.006415966714048989
2024-01-22,284,-178.9199999999987,2.5560000000000005,-181.47599999999872,137590.61999999994,-0.0013172188365342052
2024-01-23,0,0.0,0.0,0.0,137590.61999999994,0.0
2024-01-24,0,0.0,0.0,0.0,137590.61999999994,0.0
2024-01-25,0,0.0,0.0,0.0,137590.61999999994,0.0
2024-01-26,0,0.0,0.0,0.0,137590.61999999994,0.0
2024-01-29,282,78.9599999999923,2.5380000000000003,76.42199999999231,137667.04199999993,0.0005554303047692666
2024-01-30,0,0.0,0.0,0.0,137667.04199999993,0.0
2024-01-31,281,1331.9400000000026,2.5290000000000004,1329.4110000000026,138996.45299999992,0.009656712170804129
2024-02-01,286,181.6099999999974,5.148000000000001,176.4619999999974,139172.91499999992,0.0012695431875516816
2024-02-02,284,1040.8600000000058,2.5560000000000005,1038.3040000000058,140211.21899999992,0.007460532101379111
2024-02-05,284,-210.16000000000258,2.5560000000000005,-212.7160000000026,139998.5029999999,-0.001517111123611319
2024-02-06,0,0.0,0.0,0.0,139998.5029999999,0.0
2024-02-07,282,-76.13999999999487,5.0760000000000005,-81.21599999999486,139917.28699999992,-0.0005801204888597624
2024-02-08,0,0.0,0.0,0.0,139917.28699999992,0.0
2024-02-09,280,194.59999999998217,7.5600000000000005,187.03999999998217,140104.3269999999,0.0013367897849533223
2024-02-12,279,-237.15000000000634,2.511,-239.66100000000634,139864.6659999999,-0.001710589566587808
2024-02-13,282,-900.9900000000141,5.0760000000000005,-906.0660000000141,138958.5999999999,-0.006478162254361046
2024-02-14,279,-538.469999999986,2.511,-540.980999999986,138417.6189999999,-0.003893109170644972
2024-02-15,277,124.6500000000126,2.4930000000000003,122.1570000000126,138539.7759999999,0.0008825249334769491
2024-02-16,276,-179.4000000000094,2.4840000000000004,-181.88400000000942,138357.89199999988,-0.0013128648338511068
2024-02-20,277,-425.1950000000069,4.986000000000001,-430.1810000000069,137927.71099999986,-0.0031091901862743566
2024-02-21,0,0.0,0.0,0.0,137927.71099999986,0.0
2024-02-22,273,236.14500000000248,7.371,228.77400000000247,138156.48499999987,0.0016586514656217466
2024-02-23,0,0.0,0.0,0.0,138156.48499999987,0.0
2024-02-26,271,-98.91499999998706,2.4390000000000005,-101.35399999998707,138055.13099999988,-0.0007336173904539274
2024-02-27,0,0.0,0.0,0.0,138055.13099999988,0.0
2024-02-28,0,0.0,0.0,0.0,138055.13099999988,0.0
2024-02-29,0,0.0,0.0,0.0,138055.13099999988,0.0
2024-03-01,271,685.6299999999926,2.4390000000000005,683.1909999999926,138738.32199999987,0.004948682421662352
2024-03-04,0,0.0,0.0,0.0,138738.32199999987,0.0
2024-03-05,271,712.7299999999988,2.4390000000000005,710.2909999999988,139448.61299999987,0.005119645313282652
2024-03-06,0,0.0,0.0,0.0,139448.61299999987,0.0
2024-03-07,271,92.14000000000863,2.4390000000000005,89.70100000000862,139538.31399999987,0.0006432548741091365
2024-03-08,270,-1173.1500000000074,7.290000000000001,-1180.4400000000073,138357.87399999987,-0.008459612031717743
2024-03-11,271,-302.16500000000246,2.4390000000000005,-304.6040000000025,138053.26999999987,-0.002201566063381422
2024-03-12,268,104.51999999996588,4.824000000000001,99.69599999996588,138152.96599999984,0.0007221560199187311
2024-03-13,267,-125.49000000000729,2.4030000000000005,-127.89300000000729,138025.07299999983,-0.0009257347395640238
2024-03-14,266,-706.2299999999927,9.576,-715.8059999999928,137309.26699999985,-0.005186057753434361
2024-03-15,269,-231.33999999998838,2.4210000000000003,-233.76099999998837,137075.50599999985,-0.00170244154023478
2024-03-18,267,-280.34999999998786,2.4030000000000005,-282.7529999999879,136792.75299999985,-0.0020627536476136603
2024-03-19,267,-69.41999999999757,2.4030000000000005,-71.82299999999758,136720.92999999985,-0.0005250497444115161
2024-03-20,265,751.2750000000096,2.3850000000000002,748.8900000000096,137469.81999999986,0.005477508088922526
2024-03-21,0,0.0,0.0,0.0,137469.81999999986,0.0
2024-03-22,0,0.0,0.0,0.0,137469.81999999986,0.0
2024-03-25,0,0.0,0.0,0.0,137469.81999999986,0.0
2024-03-26,0,0.0,0.0,0.0,137469.81999999986,0.0
2024-03-27,0,0.0,0.0,0.0,137469.81999999986,0.0
2024-03-28,0,0.0,0.0,0.0,137469.81999999986,0.0
2024-04-01,262,52.400000000011914,2.358,50.04200000001192,137519.86199999988,0.00036402171763963876
2024-04-02,265,-1.324999999998795,2.3850000000000002,-3.709999999998795,137516.15199999989,-2.6977921196567215e-05
2024-04-03,265,-177.54999999998915,2.3850000000000002,-179.93499999998915,137336.2169999999,-0.0013084644776854234
2024-04-04,262,1213.0599999999988,2.358,1210.7019999999989,138546.91899999988,0.008815606155803752
2024-04-05,269,696.709999999978,2.4210000000000003,694.2889999999779,139241.20799999987,0.005011219340070482
2024-04-08,0,0.0,0.0,0.0,139241.20799999987,0.0
2024-04-09,267,-343.09500000002186,4.806000000000001,-347.90100000002184,138893.30699999986,-0.0024985491364023656
2024-04-10,0,0.0,0.0,0.0,138893.30699999986,0.0
2024-04-11,269,-17.48500000001468,4.8420000000000005,-22.327000000014678,138870.97999999984,-0.00016074928650100254
2024-04-12,269,-56.489999999979204,4.8420000000000005,-61.3319999999792,138809.64799999987,-0.0004416473477754623
2024-04-15,269,511.1000000000092,2.4210000000000003,508.6790000000092,139318.32699999987,0.0036645795687055534
2024-04-16,0,0.0,0.0,0.0,139318.32699999987,0.0
2024-04-17,275,-26.125000000007503,2.475,-28.600000000007505,139289.72699999987,-0.00020528526731452589
2024-04-18,0,0.0,0.0,0.0,139289.72699999987,0.0
2024-04-19,278,151.50999999998862,5.0040000000000004,146.50599999998863,139436.23299999986,0.0010518076469486423
2024-04-22,280,-285.6000000000108,2.5200000000000005,-288.1200000000108,139148.11299999984,-0.002066320882320531
2024-04-23,277,587.2400000000013,2.4930000000000003,584.7470000000012,139732.85999999984,0.004202335104609014
2024-04-24,0,0.0,0.0,0.0,139732.85999999984,0.0
2024-04-25,279,-404.5499999999968,2.511,-407.06099999999685,139325.79899999985,-0.002913137253470639
2024-04-26,275,204.87500000000125,4.95,199.92500000000126,139525.72399999984,0.0014349460145568695
2024-04-30,274,-498.6800000000137,4.932,-503.6120000000137,139022.11199999982,-0.0036094562748874488
2024-05-01,277,-2060.879999999999,2.4930000000000003,-2063.372999999999,136958.73899999983,-0.014842049011598973
2024-05-02,0,0.0,0.0,0.0,136958.73899999983,0.0
2024-05-03,0,0.0,0.0,0.0,136958.73899999983,0.0
2024-05-06,0,0.0,0.0,0.0,136958.73899999983,0.0
2024-05-07,0,0.0,0.0,0.0,136958.73899999983,0.0
2024-05-09,264,-270.599999999994,4.752000000000001,-275.351999999994,136683.38699999984,-0.0020104741180480227
2024-05-10,0,0.0,0.0,0.0,136683.38699999984,0.0
2024-05-13,0,0.0,0.0,0.0,136683.38699999984,0.0
2024-05-14,262,-104.79999999999404,2.358,-107.15799999999405,136576.22899999985,-0.000783987010798863
2024-05-15,259,670.8099999999788,2.3310000000000004,668.4789999999788,137244.70799999984,0.004894548669959101
2024-05-16,259,-72.52000000002238,2.3310000000000004,-74.85100000002238,137169.8569999998,-0.0005453835057889626
2024-05-20,259,-326.3400000000271,4.662000000000001,-331.00200000002707,136838.85499999978,-0.0024130811771570742
2024-05-21,0,0.0,0.0,0.0,136838.85499999978,0.0
2024-05-23,256,371.19999999998254,6.912000000000001,364.28799999998256,137203.14299999975,0.002662167846990412
2024-05-28,0,0.0,0.0,0.0,137203.14299999975,0.0
2024-05-29,0,0.0,0.0,0.0,137203.14299999975,0.0
2024-05-30,0,0.0,0.0,0.0,137203.14299999975,0.0
2024-05-31,262,-106.11000000002264,2.358,-108.46800000002264,137094.67499999973,-0.0007905649799875419
2024-06-04,260,-175.49999999998818,2.3400000000000003,-177.83999999998818,136916.83499999973,-0.001297205744861998
2024-06-05,257,650.209999999993,2.313,647.896999999993,137564.73199999973,0.004732047742704498
2024-06-06,0,0.0,0.0,0.0,137564.73199999973,0.0
2024-06-07,257,-118.21999999998013,2.313,-120.53299999998013,137444.19899999976,-0.0008761911446894716
2024-06-10,0,0.0,0.0,0.0,137444.19899999976,0.0
2024-06-12,253,10.120000000019559,4.554,5.566000000019558,137449.76499999978,4.049643448407428e-05
2024-06-13,253,-259.32499999999425,2.277,-261.60199999999423,137188.1629999998,-0.001903255345689348
2024-06-14,0,0.0,0.0,0.0,137188.1629999998,0.0
2024-06-17,253,402.2699999999793,2.277,399.9929999999793,137588.15599999978,0.0029156524240358836
2024-06-18,0,0.0,0.0,0.0,137588.15599999978,0.0
2024-06-20,250,-250.0,2.2500000000000004,-252.25,137335.90599999978,-0.001833370017692514
2024-06-21,252,-86.94000000000688,2.2680000000000002,-89.20800000000688,137246.69799999977,-0.0006495606473081192
2024-06-24,252,-80.6400000000126,4.5360000000000005,-85.1760000000126,137161.52199999976,-0.0006206050946304934
2024-06-28,250,73.74999999998977,2.2500000000000004,71.49999999998977,137233.02199999976,0.0005212832211062071
2024-07-01,0,0.0,0.0,0.0,137233.02199999976,0.0
2024-07-10,246,558.4199999999955,2.2140000000000004,556.2059999999955,137789.22799999977,0.004053004094014606
2024-07-11,245,815.85000000001,2.205,813.64500000001,138602.8729999998,0.005904997159865148
2024-07-12,248,259.15999999998985,2.232,256.9279999999898,138859.80099999977,0.001853698948938744
2024-07-15,247,24.700000000005616,2.2230000000000003,22.477000000005617,138882.2779999998,0.00016186830053145225
2024-07-16,0,0.0,0.0,0.0,138882.2779999998,0.0
2024-07-17,248,-155.0,2.232,-157.232,138725.0459999998,-0.0011321242873046785
2024-07-18,248,245.52000000000226,2.232,243.28800000000226,138968.3339999998,0.0017537424352341005
2024-07-19,251,-304.965000000008,6.777000000000001,-311.742000000008,138656.5919999998,-0.0022432592449443084
2024-07-24,252,1388.5199999999977,2.2680000000000002,1386.2519999999977,140042.8439999998,0.009997735989357071
2024-07-25,258,-388.2899999999695,6.966000000000001,-395.2559999999695,139647.58799999984,-0.002822393409833708
2024-07-30,0,0.0,0.0,0.0,139647.58799999984,0.0
2024-07-31,254,-899.1600000000196,2.2860000000000005,-901.4460000000196,138746.14199999982,-0.006455149085711531
2024-08-01,251,47.68999999998505,4.518000000000001,43.17199999998505,138789.3139999998,0.00031115820142937813
2024-08-02,259,133.38499999996702,6.993000000000001,126.39199999996703,138915.70599999977,0.0009106752988199596
2024-08-05,0,0.0,0.0,0.0,138915.70599999977,0.0
2024-08-06,267,-755.6099999999805,4.806000000000001,-760.4159999999805,138155.2899999998,-0.00547393827448123
2024-08-07,261,-664.245000000019,2.349,-666.594000000019,137488.6959999998,-0.0048249618237565855
2024-08-08,262,149.3400000000131,4.716,144.6240000000131,137633.3199999998,0.001051897386531423
2024-08-09,0,0.0,0.0,0.0,137633.3199999998,0.0
2024-08-12,257,-720.8850000000164,2.313,-723.1980000000163,136910.1219999998,-0.005254527028774845
2024-08-13,0,0.0,0.0,0.0,136910.1219999998,0.0
2024-08-14,0,0.0,0.0,0.0,136910.1219999998,0.0
2024-08-15,0,0.0,0.0,0.0,136910.1219999998,0.0
2024-08-16,0,0.0,0.0,0.0,136910.1219999998,0.0
2024-08-19,0,0.0,0.0,0.0,136910.1219999998,0.0
2024-08-20,0,0.0,0.0,0.0,136910.1219999998,0.0
2024-08-21,0,0.0,0.0,0.0,136910.1219999998,0.0
2024-08-22,243,-824.9849999999956,6.561000000000001,-831.5459999999956,136078.5759999998,-0.006073663421321009
2024-08-23,243,-617.2199999999912,2.1870000000000003,-619.4069999999912,135459.16899999982,-0.004551833346639313
2024-08-26,240,-343.199999999988,2.16,-345.359999999988,135113.80899999983,-0.002549550558663094
2024-08-28,240,-128.39999999999236,4.32,-132.71999999999235,134981.08899999983,-0.0009822830174226864
2024-08-29,240,231.60000000000764,4.32,227.28000000000765,135208.36899999983,0.0016837914235527313
2024-08-30,241,-126.52499999999452,2.169,-128.69399999999453,135079.67499999984,-0.0009518197797356368
2024-09-03,241,1670.1300000000153,2.169,1667.9610000000152,136747.63599999985,0.012347979072351316
2024-09-04,248,-553.0400000000045,2.232,-555.2720000000045,136192.36399999986,-0.00406056014014023
2024-09-05,247,-1353.5600000000045,6.6690000000000005,-1360.2290000000046,134832.13499999986,-0.009987557011639845
2024-09-06,245,1808.099999999999,2.205,1805.894999999999,136638.02999999985,0.013393654264986614
2024-09-09,0,0.0,0.0,0.0,136638.02999999985,0.0
2024-09-10,0,0.0,0.0,0.0,136638.02999999985,0.0
2024-09-11,249,1110.540000000009,4.482,1106.058000000009,137744.08799999987,0.008094803474552511
2024-09-12,248,287.6799999999921,2.232,285.4479999999921,138029.53599999988,0.0020723067257884227
2024-09-13,246,-19.6799999999821,4.428000000000001,-24.107999999982102,138005.4279999999,-0.0001746582702413933
2024-09-16,0,0.0,0.0,0.0,138005.4279999999,0.0
2024-09-17,0,0.0,0.0,0.0,138005.4279999999,0.0
2024-09-19,0,0.0,0.0,0.0,138005.4279999999,0.0
2024-09-20,0,0.0,0.0,0.0,138005.4279999999,0.0
2024-09-23,0,0.0,0.0,0.0,138005.4279999999,0.0
2024-09-24,0,0.0,0.0,0.0,138005.4279999999,0.0
2024-09-25,0,0.0,0.0,0.0,138005.4279999999,0.0
2024-09-26,0,0.0,0.0,0.0,138005.4279999999,0.0
2024-09-27,0,0.0,0.0,0.0,138005.4279999999,0.0
2024-09-30,0,0.0,0.0,0.0,138005.4279999999,0.0
2024-10-01,240,-194.3999999999869,4.32,-198.7199999999869,137806.7079999999,-0.0014399433622276584
2024-10-03,0,0.0,0.0,0.0,137806.7079999999,0.0
2024-10-04,0,0.0,0.0,0.0,137806.7079999999,0.0
2024-10-07,241,363.9099999999978,2.169,361.7409999999978,138168.4489999999,0.002624988327854099
2024-10-08,242,181.5,4.356000000000001,177.144,138345.5929999999,0.0012820872006748816
2024-10-09,241,508.5100000000033,2.169,506.3410000000033,138851.93399999992,0.0036599720238287867
2024-10-10,0,0.0,0.0,0.0,138851.93399999992,0.0
2024-10-11,241,571.1700000000011,2.169,569.0010000000011,139420.9349999999,0.004097897548909916
2024-10-14,239,39.434999999991305,4.3020000000000005,35.132999999991306,139456.0679999999,0.00025199228508969137
2024-10-15,238,476.0,2.1420000000000003,473.858,139929.92599999992,0.0033979016244743135
2024-10-17,0,0.0,0.0,0.0,139929.92599999992,0.0
2024-10-18,0,0.0,0.0,0.0,139929.92599999992,0.0
2024-10-21,239,-385.9850000000022,2.1510000000000002,-388.1360000000022,139541.78999999992,-0.0027737883603254562
2024-10-22,0,0.0,0.0,0.0,139541.78999999992,0.0
2024-10-23,240,-223.199999999988,4.32,-227.519999999988,139314.26999999993,-0.0016304792994269897
2024-10-24,0,0.0,0.0,0.0,139314.26999999993,0.0
2024-10-25,239,-231.83000000000652,2.1510000000000002,-233.98100000000653,139080.28899999993,-0.0016795192624560762
2024-10-28,0,0.0,0.0,0.0,139080.28899999993,0.0
2024-10-29,0,0.0,0.0,0.0,139080.28899999993,0.0
2024-10-30,0,0.0,0.0,0.0,139080.28899999993,0.0
2024-10-31,241,1265.25,2.169,1263.081,140343.36999999994,0.009081667927796732
2024-11-01,245,-461.8249999999699,4.41,-466.23499999996994,139877.13499999998,-0.0033221020700868885
2024-11-04,244,-287.9199999999878,2.196,-290.1159999999878,139587.019,-0.002074077367970025
2024-11-05,244,622.2000000000166,2.196,620.0040000000166,140207.02300000002,0.004441702419334685
2024-11-06,0,0.0,0.0,0.0,140207.02300000002,0.0
2024-11-07,236,-133.34000000001288,4.248,-137.58800000001287,140069.435,-0.000981320315174318
2024-11-08,234,-167.31000000000745,2.1060000000000003,-169.41600000000744,139900.019,-0.0012095144097640392
2024-11-11,0,0.0,0.0,0.0,139900.019,0.0
2024-11-12,233,-221.3499999999841,2.0970000000000004,-223.44699999998411,139676.57200000001,-0.0015971906336909368
2024-11-13,0,0.0,0.0,0.0,139676.57200000001,0.0
2024-11-14,233,314.5500000000053,2.0970000000000004,312.4530000000053,139989.02500000002,0.0022369750025079747
2024-11-15,237,244.10999999999353,2.1330000000000005,241.97699999999352,140231.002,0.0017285426482539863
2024-11-18,239,-287.9950000000098,6.453000000000001,-294.44800000000976,139936.554,-0.0020997354065829875
2024-11-19,239,-191.19999999998913,2.1510000000000002,-193.35099999998914,139743.203,-0.0013817047402781488
2024-11-20,236,-715.0800000000204,6.372000000000001,-721.4520000000203,139021.751,-0.005162698324583417
2024-11-21,234,-957.0600000000074,2.1060000000000003,-959.1660000000074,138062.585,-0.00689939518888672
2024-11-22,232,-798.0800000000127,4.176,-802.2560000000127,137260.32899999997,-0.005810813987004609
2024-11-25,0,0.0,0.0,0.0,137260.32899999997,0.0
2024-11-26,0,0.0,0.0,0.0,137260.32899999997,0.0
2024-11-27,228,-4.559999999995853,2.052,-6.611999999995852,137253.71699999998,-4.817123817323689e-05
2024-12-02,0,0.0,0.0,0.0,137253.71699999998,0.0
2024-12-03,0,0.0,0.0,0.0,137253.71699999998,0.0
2024-12-04,0,0.0,0.0,0.0,137253.71699999998,0.0
2024-12-05,0,0.0,0.0,0.0,137253.71699999998,0.0
2024-12-06,225,-27.000000000001023,2.0250000000000004,-29.02500000000102,137224.69199999998,-0.00021146968282105633
2024-12-09,225,-70.8749999999867,6.075000000000001,-76.9499999999867,137147.742,-0.0005607591380127617
2024-12-10,226,-45.199999999984584,2.0340000000000003,-47.23399999998458,137100.508,-0.0003444023161532224
2024-12-11,226,21.470000000006166,2.0340000000000003,19.436000000006167,137119.94400000002,0.00014176460965415364
2024-12-12,226,84.7499999999743,4.0680000000000005,80.68199999997431,137200.626,0.0005884045576912888
2024-12-13,226,-186.45000000001028,2.0340000000000003,-188.48400000001027,137012.142,-0.001373783819324631
2024-12-16,226,-33.900000000020555,2.0340000000000003,-35.93400000002055,136976.20799999998,-0.00026226872651929315
2024-12-17,226,-141.25,2.0340000000000003,-143.284,136832.92399999997,-0.0010460502746579173
2024-12-18,226,2270.1700000000164,6.102,2264.0680000000166,139096.992,0.016546222457396415
2024-12-19,0,0.0,0.0,0.0,139096.992,0.0
2024-12-20,239,944.0499999999837,2.1510000000000002,941.8989999999837,140038.89099999997,0.006771526734381026
2024-12-27,0,0.0,0.0,0.0,140038.89099999997,0.0
2024-12-30,238,-446.25,2.1420000000000003,-448.392,139590.49899999998,-0.0032019105321249657
2024-12-31,236,-273.7599999999925,2.124,-275.8839999999925,139314.615,-0.0019763809283323253
2025-01-02,236,-1111.5599999999818,4.248,-1115.8079999999818,138198.807,-0.008009267369399699
2025-01-03,235,14.100000000013893,4.23,9.870000000013892,138208.67700000003,7.141885096022495e-05
2025-01-06,231,136.29000000000735,2.079,134.21100000000735,138342.88800000004,0.0009710750649903647
2025-01-07,231,813.1200000000221,4.158,808.962000000022,139151.85000000006,0.005847514185189064
2025-01-08,236,-283.20000000001073,2.124,-285.32400000001076,138866.52600000004,-0.0020504506407928507
2025-01-10,237,235.81499999997413,4.266000000000001,231.54899999997414,139098.075,0.0016674212761682687
2025-01-13,0,0.0,0.0,0.0,139098.075,0.0
2025-01-14,0,0.0,0.0,0.0,139098.075,0.0
2025-01-15,235,145.70000000000107,2.115,143.58500000000106,139241.66,0.0010322572760262934
2025-01-16,0,0.0,0.0,0.0,139241.66,0.0
2025-01-17,0,0.0,0.0,0.0,139241.66,0.0
2025-01-21,0,0.0,0.0,0.0,139241.66,0.0
2025-01-22,0,0.0,0.0,0.0,139241.66,0.0
2025-01-23,0,0.0,0.0,0.0,139241.66,0.0
2025-01-24,0,0.0,0.0,0.0,139241.66,0.0
2025-01-27,0,0.0,0.0,0.0,139241.66,0.0
2025-01-28,231,-106.2600000000084,4.158,-110.4180000000084,139131.242,-0.0007929954296724731
2025-01-29,230,-696.8999999999937,2.0700000000000003,-698.9699999999938,138432.272,-0.005023817727437478
2025-01-30,0,0.0,0.0,0.0,138432.272,0.0
2025-01-31,227,-26.105000000002065,4.086,-30.191000000002063,138402.081,-0.00021809220901902168
2025-02-03,0,0.0,0.0,0.0,138402.081,0.0
2025-02-04,231,304.9199999999853,4.158,300.7619999999853,138702.843,0.002173103163094674
2025-02-05,0,0.0,0.0,0.0,138702.843,0.0
2025-02-06,0,0.0,0.0,0.0,138702.843,0.0
2025-02-07,228,616.7399999999834,2.052,614.6879999999834,139317.531,0.004431689983456095
2025-02-10,0,0.0,0.0,0.0,139317.531,0.0
2025-02-11,0,0.0,0.0,0.0,139317.531,0.0
2025-02-12,0,0.0,0.0,0.0,139317.531,0.0
2025-02-13,230,341.5500000000293,4.140000000000001,337.4100000000293,139654.94100000002,0.002421877545332248
2025-02-14,0,0.0,0.0,0.0,139654.94100000002,0.0
2025-02-18,0,0.0,0.0,0.0,139654.94100000002,0.0
2025-02-19,0,0.0,0.0,0.0,139654.94100000002,0.0
2025-02-20,228,-216.60000000001037,4.104,-220.70400000001038,139434.23700000002,-0.0015803522483319107
2025-02-21,228,1804.6199999999917,2.052,1802.5679999999918,141236.80500000002,0.01292772879016788
2025-02-24,234,-359.18999999999255,2.1060000000000003,-361.29599999999255,140875.50900000002,-0.002558086753661643
2025-02-25,235,49.35000000000855,4.23,45.120000000008545,140920.62900000002,0.0003202827824388449
2025-02-26,236,-702.1000000000054,4.248,-706.3480000000054,140214.28100000002,-0.0050123818280714974
2025-02-27,234,577.9800000000064,4.212000000000001,573.7680000000064,140788.04900000003,0.00409207960778265
2025-02-28,240,521.9999999999891,4.32,517.679999999989,141305.72900000002,0.0036770166479115633
2025-03-03,237,978.8099999999989,2.1330000000000005,976.6769999999989,142282.40600000002,0.00691180044087242
2025-03-04,245,-93.09999999999889,2.205,-95.30499999999888,142187.10100000002,-0.0006698298312442009
2025-03-05,246,-31.97999999999888,4.428000000000001,-36.40799999999888,142150.69300000003,-0.00025605698227154145
2025-03-06,247,-172.90000000001123,2.2230000000000003,-175.12300000001125,141975.57,-0.0012319531920960188
2025-03-07,248,-1016.7999999999774,4.464,-1021.2639999999775,140954.30600000004,-0.007193237540796473
2025-03-11,252,-844.1999999999771,4.5360000000000005,-848.735999999977,140105.57000000007,-0.006021355601580393
2025-03-12,0,0.0,0.0,0.0,140105.57000000007,0.0
2025-03-13,250,48.749999999984084,4.500000000000001,44.249999999984084,140149.82000000004,0.00031583326772792876
2025-03-14,252,624.9600000000046,2.2680000000000002,622.6920000000046,140772.51200000005,0.004443045306800997
2025-03-17,250,-319.9999999999932,4.500000000000001,-324.4999999999932,140448.01200000005,-0.002305137525712357
2025-03-18,248,-324.87999999998647,4.464,-329.34399999998647,140118.66800000006,-0.0023449530919667726
2025-03-19,248,-429.0399999999763,4.464,-433.5039999999763,139685.16400000008,-0.0030938347201528928
2025-03-20,248,9.919999999990978,2.232,7.687999999990978,139692.85200000007,5.503805686902421e-05
2025-03-21,0,0.0,0.0,0.0,139692.85200000007,0.0
2025-03-24,0,0.0,0.0,0.0,139692.85200000007,0.0
2025-03-25,0,0.0,0.0,0.0,139692.85200000007,0.0
2025-03-26,242,917.1799999999912,2.1780000000000004,915.0019999999912,140607.85400000005,0.006550098927037375
2025-03-27,0,0.0,0.0,0.0,140607.85400000005,0.0
2025-03-28,248,967.1999999999944,2.232,964.9679999999944,141572.82200000004,0.006862831431877155
2025-03-31,0,0.0,0.0,0.0,141572.82200000004,0.0
2025-04-01,253,-1135.9700000000023,2.277,-1138.2470000000023,140434.57500000004,-0.008040010673800103
2025-04-02,252,-415.8000000000229,2.2680000000000002,-418.0680000000229,140016.507,-0.002976959199684428
2025-04-03,256,-152.32000000000698,6.912000000000001,-159.232000000007,139857.275,-0.001137237340165949
2025-04-04,267,2759.4449999999947,2.4030000000000005,2757.041999999995,142614.31699999998,0.019713254101368663
2025-04-07,0,0.0,0.0,0.0,142614.31699999998,0.0
2025-04-08,273,227.9549999999944,2.4570000000000003,225.49799999999442,142839.81499999997,0.0015811736489261064
2025-04-09,288,5077.440000000015,5.184000000000001,5072.256000000015,147912.071,0.03551009919748227
2025-04-10,277,1580.2850000000112,2.4930000000000003,1577.7920000000113,149489.863,0.01066709423600736
2025-04-11,285,-957.6000000000039,5.130000000000001,-962.7300000000039,148527.133,-0.006440102229540499
2025-04-14,0,0.0,0.0,0.0,148527.133,0.0
2025-04-15,0,0.0,0.0,0.0,148527.133,0.0
2025-04-16,0,0.0,0.0,0.0,148527.133,0.0
2025-04-17,0,0.0,0.0,0.0,148527.133,0.0
2025-04-21,284,2010.7200000000116,2.5560000000000005,2008.1640000000116,150535.29700000002,0.013520519513427972
2025-04-22,289,-682.0400000000039,2.6010000000000004,-684.6410000000039,149850.65600000002,-0.004548042974931015
2025-04-23,277,123.26499999998236,2.4930000000000003,120.77199999998237,149971.42799999999,0.0008059490910735977
2025-04-24,279,1634.9400000000037,2.511,1632.4290000000037,151603.857,0.01088493336210684
2025-04-25,0,0.0,0.0,0.0,151603.857,0.0
2025-04-28,0,0.0,0.0,0.0,151603.857,0.0
2025-04-29,0,0.0,0.0,0.0,151603.857,0.0
2025-04-30,276,-1164.7199999999762,2.4840000000000004,-1167.203999999976,150436.65300000002,-0.007699038949912575
2025-05-01,268,-120.59999999998172,2.4120000000000004,-123.01199999998173,150313.64100000003,-0.0008176996599358117
2025-05-02,0,0.0,0.0,0.0,150313.64100000003,0.0
2025-05-05,0,0.0,0.0,0.0,150313.64100000003,0.0
2025-05-06,0,0.0,0.0,0.0,150313.64100000003,0.0
2025-05-07,0,0.0,0.0,0.0,150313.64100000003,0.0
2025-05-08,265,-643.9499999999867,2.3850000000000002,-646.3349999999867,149667.30600000004,-0.004299909147966062
2025-05-09,0,0.0,0.0,0.0,149667.30600000004,0.0
2025-05-12,0,0.0,0.0,0.0,149667.30600000004,0.0
2025-05-13,256,-23.04000000000815,2.3040000000000003,-25.34400000000815,149641.96200000003,-0.00016933557954205538
2025-05-14,0,0.0,0.0,0.0,149641.96200000003,0.0
2025-05-15,255,-138.97499999998956,2.2950000000000004,-141.26999999998955,149500.69200000004,-0.0009440533798934655
2025-05-16,252,105.83999999998969,2.2680000000000002,103.57199999998969,149604.26400000002,0.0006927860909164866
2025-05-19,0,0.0,0.0,0.0,149604.26400000002,0.0
2025-05-20,0,0.0,0.0,0.0,149604.26400000002,0.0
2025-05-21,254,421.6399999999919,2.2860000000000005,419.3539999999919,150023.61800000002,0.0028030885536791373
2025-05-22,257,-1249.0200000000327,6.939000000000001,-1255.9590000000328,148767.65899999999,-0.008371741841341493
2025-05-23,0,0.0,0.0,0.0,148767.65899999999,0.0
2025-05-27,253,804.5399999999873,2.277,802.2629999999873,149569.92199999996,0.005392724503381393
2025-05-28,252,-10.079999999990832,2.2680000000000002,-12.347999999990833,149557.57399999996,-8.255670548514986e-05
2025-05-29,0,0.0,0.0,0.0,149557.57399999996,0.0
2025-05-30,253,-1348.4899999999816,6.831,-1355.3209999999815,148202.253,-0.009062202359607557
2025-06-02,0,0.0,0.0,0.0,148202.253,0.0
2025-06-03,250,452.5000000000148,2.2500000000000004,450.2500000000148,148652.50300000003,0.0030380779703802125
2025-06-04,0,0.0,0.0,0.0,148652.50300000003,0.0
2025-06-05,248,-620.0,4.464,-624.464,148028.03900000002,-0.004200830711878427
2025-06-06,247,-298.870000000009,2.2230000000000003,-301.093000000009,147726.946,-0.0020340268102856445
2025-06-09,0,0.0,0.0,0.0,147726.946,0.0
2025-06-10,0,0.0,0.0,0.0,147726.946,0.0
2025-06-11,0,0.0,0.0,0.0,147726.946,0.0
2025-06-12,0,0.0,0.0,0.0,147726.946,0.0
2025-06-13,246,-594.090000000019,2.2140000000000004,-596.3040000000191,147130.64199999996,-0.004036528312174131
2025-06-16,245,-235.19999999998106,4.41,-239.60999999998106,146891.03199999998,-0.001628552670897617
2025-06-17,244,-56.12000000000444,2.196,-58.316000000004436,146832.716,-0.00039700177203469064
2025-06-18,245,-274.39999999997326,2.205,-276.60499999997324,146556.111,-0.0018838104172912886
2025-06-20,244,461.1600000000244,2.196,458.9640000000244,147015.07500000004,0.003131660610181068
2025-06-23,247,473.004999999991,4.446000000000001,468.558999999991,147483.63400000002,0.003187149345058599
2025-06-24,244,48.800000000011096,4.392,44.40800000001109,147528.04200000004,0.00030110459578186884
2025-06-25,0,0.0,0.0,0.0,147528.04200000004,0.0
2025-06-26,242,183.9200000000253,4.356000000000001,179.56400000002532,147707.60600000006,0.0012171516517519108
2025-06-27,240,-92.39999999999782,2.16,-94.55999999999781,147613.04600000006,-0.0006401836883064625
2025-06-30,0,0.0,0.0,0.0,147613.04600000006,0.0
2025-07-01,0,0.0,0.0,0.0,147613.04600000006,0.0
2025-07-02,239,-35.849999999994566,2.1510000000000002,-38.00099999999457,147575.04500000007,-0.0002574365954076617
2025-07-07,236,-528.6400000000021,2.124,-530.7640000000022,147044.28100000008,-0.0035965701382642433
2025-07-08,0,0.0,0.0,0.0,147044.28100000008,0.0
2025-07-09,236,-243.07999999999356,2.124,-245.20399999999356,146799.07700000008,-0.0016675521028933688
2025-07-10,235,2.3499999999978627,4.23,-1.8800000000021377,146797.19700000007,-1.280662003073859e-05
2025-07-11,0,0.0,0.0,0.0,146797.19700000007,0.0
2025-07-14,0,0.0,0.0,0.0,146797.19700000007,0.0
2025-07-15,0,0.0,0.0,0.0,146797.19700000007,0.0
2025-07-16,0,0.0,0.0,0.0,146797.19700000007,0.0
2025-07-17,235,520.5250000000075,2.115,518.4100000000075,147315.60700000008,0.0035314706996756023
2025-07-18,0,0.0,0.0,0.0,147315.60700000008,0.0
2025-07-21,234,-97.10999999999149,2.1060000000000003,-99.21599999999148,147216.3910000001,-0.0006734927956410717
2025-07-22,234,-292.5,2.1060000000000003,-294.606,146921.7850000001,-0.002001176621698326
2025-07-23,0,0.0,0.0,0.0,146921.7850000001,0.0
2025-07-24,0,0.0,0.0,0.0,146921.7850000001,0.0
2025-07-25,231,64.6799999999937,2.079,62.6009999999937,146984.3860000001,0.00042608385134984344
2025-07-28,0,0.0,0.0,0.0,146984.3860000001,0.0
2025-07-29,230,-167.90000000000418,4.140000000000001,-172.04000000000417,146812.34600000008,-0.0011704644600822028
2025-07-30,230,-400.19999999997594,2.0700000000000003,-402.26999999997594,146410.0760000001,-0.0027400284169559943
2025-07-31,0,0.0,0.0,0.0,146410.0760000001,0.0
2025-08-01,233,-1010.054999999982,6.291,-1016.345999999982,145393.7300000001,-0.00694177632965631
2025-08-04,232,447.76000000001477,2.088,445.67200000001475,145839.40200000012,0.0030652766113092667
2025-08-05,230,-599.1500000000303,4.140000000000001,-603.2900000000303,145236.11200000008,-0.004136673571933803
2025-08-06,230,185.15000000001464,2.0700000000000003,183.08000000001465,145419.1920000001,0.001260568032832045
2025-08-07,228,-376.1999999999948,4.104,-380.3039999999948,145038.8880000001,-0.0026152256436687846
2025-08-08,228,2.2799999999720058,6.156000000000001,-3.876000000027995,145035.01200000008,-2.672386732603736e-05
2025-08-11,0,0.0,0.0,0.0,145035.01200000008,0.0
2025-08-12,227,339.36500000000103,2.043,337.322000000001,145372.3340000001,0.0023257970289270627
2025-08-13,0,0.0,0.0,0.0,145372.3340000001,0.0
2025-08-14,0,0.0,0.0,0.0,145372.3340000001,0.0
2025-08-15,0,0.0,0.0,0.0,145372.3340000001,0.0
2025-08-18,0,0.0,0.0,0.0,145372.3340000001,0.0
2025-08-19,226,221.4800000000041,2.0340000000000003,219.44600000000412,145591.7800000001,0.001509544450184063
2025-08-20,227,-976.0999999999897,6.1290000000000004,-982.2289999999897,144609.5510000001,-0.0067464591750989586
2025-08-21,0,0.0,0.0,0.0,144609.5510000001,0.0
2025-08-22,226,230.5199999999959,2.0340000000000003,228.4859999999959,144838.0370000001,0.0015800201191413404
2025-08-25,0,0.0,0.0,0.0,144838.0370000001,0.0
2025-08-26,0,0.0,0.0,0.0,144838.0370000001,0.0
2025-08-27,0,0.0,0.0,0.0,144838.0370000001,0.0
2025-08-28,0,0.0,0.0,0.0,144838.0370000001,0.0
2025-08-29,223,127.11000000001115,2.007,125.10300000001115,144963.1400000001,0.0008637441005915529
2025-09-02,227,-62.42499999999484,2.043,-64.46799999999484,144898.6720000001,-0.0004447199474293589
2025-09-03,0,0.0,0.0,0.0,144898.6720000001,0.0
2025-09-04,224,464.7999999999847,4.032,460.76799999998474,145359.4400000001,0.0031799325255374624
2025-09-05,223,-138.260000000001,2.007,-140.26700000000102,145219.1730000001,-0.0009649665683907487
2025-09-08,0,0.0,0.0,0.0,145219.1730000001,0.0
2025-09-09,0,0.0,0.0,0.0,145219.1730000001,0.0
2025-09-10,0,0.0,0.0,0.0,145219.1730000001,0.0
2025-09-11,221,432.0549999999839,1.9890000000000003,430.06599999998394,145649.2390000001,0.0029614960002559967
2025-09-12,0,0.0,0.0,0.0,145649.2390000001,0.0
2025-09-15,220,0.0,1.9800000000000002,-1.9800000000000002,145647.25900000008,-1.3594303777996389e-05
2025-09-16,0,0.0,0.0,0.0,145647.25900000008,0.0
2025-09-17,220,-614.899999999991,3.9600000000000004,-618.859999999991,145028.3990000001,-0.004249032932367032
2025-09-18,219,-499.3200000000189,3.9420000000000006,-503.26200000001893,144525.13700000008,-0.0034700927781738705
2025-09-19,0,0.0,0.0,0.0,144525.13700000008,0.0
2025-09-22,218,189.6599999999762,3.9240000000000004,185.7359999999762,144710.87300000005,0.0012851466800545299
2025-09-23,217,75.95000000000493,1.9530000000000003,73.99700000000493,144784.87000000005,0.0005113437467826271
2025-09-24,217,-210.4900000000306,3.9060000000000006,-214.3960000000306,144570.47400000002,-0.001480790085317827
2025-09-25,219,-901.185000000002,3.9420000000000006,-905.127000000002,143665.347,-0.0062608012200333655
2025-09-26,217,-601.089999999996,3.9060000000000006,-604.995999999996,143060.35100000002,-0.0042111477307049975
2025-09-29,0,0.0,0.0,0.0,143060.35100000002,0.0
2025-09-30,0,0.0,0.0,0.0,143060.35100000002,0.0
2025-10-01,215,117.1749999999912,1.9350000000000003,115.2399999999912,143175.59100000001,0.0008055341622920468
2025-10-02,0,0.0,0.0,0.0,143175.59100000001,0.0
2025-10-03,213,-230.04000000000872,1.9170000000000003,-231.95700000000872,142943.63400000002,-0.0016200876027814594
2025-10-06,0,0.0,0.0,0.0,142943.63400000002,0.0
2025-10-07,212,20.140000000005784,1.9080000000000001,18.232000000005783,142961.86600000004,0.00012754677833365968
2025-10-08,213,113.95499999999322,3.8340000000000005,110.12099999999322,143071.98700000002,0.0007702823352906795
2025-10-09,212,199.27999999998747,3.8160000000000003,195.46399999998746,143267.451,0.001366193369495787
2025-10-10,213,3378.180000000003,1.9170000000000003,3376.263000000003,146643.714,0.02356615530208605
2025-10-13,221,-931.5150000000322,5.9670000000000005,-937.4820000000321,145706.232,-0.006392923190693548
2025-10-14,0,0.0,0.0,0.0,145706.232,0.0
2025-10-15,218,-159.14000000000397,1.9620000000000002,-161.10200000000395,145545.12999999998,-0.001105663071432689
2025-10-16,218,-436.0,1.9620000000000002,-437.962,145107.16799999998,-0.0030091147673577266
2025-10-17,220,-785.400000000011,3.9600000000000004,-789.360000000011,144317.80799999996,-0.005439841538358816
2025-10-20,216,217.07999999999902,1.9440000000000002,215.13599999999903,144532.94399999996,0.0014907100030233213
2025-10-21,0,0.0,0.0,0.0,144532.94399999996,0.0
2025-10-22,215,-325.7250000000215,5.805000000000001,-331.5300000000215,144201.41399999993,-0.00229380230433846
2025-10-23,215,-407.4249999999961,7.740000000000001,-415.1649999999961,143786.24899999992,-0.0028790633079367467
2025-10-24,0,0.0,0.0,0.0,143786.24899999992,0.0
2025-10-27,0,0.0,0.0,0.0,143786.24899999992,0.0
2025-10-28,0,0.0,0.0,0.0,143786.24899999992,0.0
2025-10-29,0,0.0,0.0,0.0,143786.24899999992,0.0
2025-10-30,0,0.0,0.0,0.0,143786.24899999992,0.0
2025-10-31,0,0.0,0.0,0.0,143786.24899999992,0.0
2025-11-03,209,-418.0,1.8810000000000002,-419.881,143366.36799999993,-0.002920174932722532
2025-11-04,0,0.0,0.0,0.0,143366.36799999993,0.0
2025-11-05,212,95.40000000000964,1.9080000000000001,93.49200000000964,143459.85999999993,0.0006521194705860839
2025-11-06,212,610.559999999999,3.8160000000000003,606.743999999999,144066.60399999993,0.004229364227735893
2025-11-07,215,-418.1749999999863,1.9350000000000003,-420.1099999999863,143646.49399999995,-0.0029160817867268287
2025-11-10,212,307.39999999998554,1.9080000000000001,305.4919999999855,143951.98599999995,0.0021266930468904145
2025-11-11,0,0.0,0.0,0.0,143951.98599999995,0.0
2025-11-12,0,0.0,0.0,0.0,143951.98599999995,0.0
2025-11-13,211,873.5399999999971,3.7980000000000005,869.7419999999971,144821.72799999994,0.00604188955058944
2025-11-14,217,-175.77000000001283,1.9530000000000003,-177.72300000001283,144644.00499999992,-0.0012271846390343644
2025-11-17,215,9.6749999999912,1.9350000000000003,7.7399999999912,144651.7449999999,5.3510686460812565e-05
2025-11-18,218,-1835.559999999991,3.9240000000000004,-1839.483999999991,142812.2609999999,-0.012716638848705159
2025-11-19,216,-611.2800000000088,1.9440000000000002,-613.2240000000088,142199.0369999999,-0.0042939170327960085
2025-11-20,211,339.7100000000029,3.7980000000000005,335.9120000000029,142534.9489999999,0.0023622663492440044
2025-11-21,217,-1295.490000000006,3.9060000000000006,-1299.3960000000059,141235.5529999999,-0.009116332584508847
2025-11-24,213,693.314999999999,1.9170000000000003,691.397999999999,141926.95099999988,0.004895353792398147
2025-11-25,212,89.04000000001543,3.8160000000000003,85.22400000001542,142012.1749999999,0.0006004779176860883
2025-11-26,0,0.0,0.0,0.0,142012.1749999999,0.0
2025-12-01,0,0.0,0.0,0.0,142012.1749999999,0.0
2025-12-02,0,0.0,0.0,0.0,142012.1749999999,0.0
2025-12-03,0,0.0,0.0,0.0,142012.1749999999,0.0
2025-12-04,0,0.0,0.0,0.0,142012.1749999999,0.0
2025-12-05,207,-215.27999999999247,1.8630000000000002,-217.14299999999247,141795.03199999992,-0.0015290449568848067
2025-12-08,0,0.0,0.0,0.0,141795.03199999992,0.0
2025-12-09,0,0.0,0.0,0.0,141795.03199999992,0.0
2025-12-10,207,-115.9199999999887,1.8630000000000002,-117.7829999999887,141677.24899999992,-0.0008306567468456072
2025-12-11,206,-734.3900000000112,1.8540000000000003,-736.2440000000113,140941.00499999992,-0.005196628288568842
2025-12-12,204,144.84000000000742,3.6720000000000006,141.16800000000742,141082.17299999992,0.0010016105674853638
2025-12-15,205,-303.3999999999804,1.8450000000000002,-305.24499999998045,140776.92799999996,-0.002163597239177629
2025-12-16,207,-451.25999999998965,1.8630000000000002,-453.12299999998964,140323.80499999996,-0.003218730557893619
2025-12-17,206,620.0600000000215,1.8540000000000003,618.2060000000215,140942.011,0.00440556753716892
2025-12-18,208,-41.60000000000946,1.8720000000000003,-43.47200000000946,140898.539,-0.0003084389082543278
2025-12-19,208,104.0,1.8720000000000003,102.128,141000.667,0.00072483363365464
2025-12-22,0,0.0,0.0,0.0,141000.667,0.0
2025-12-23,206,71.0699999999822,3.7080000000000006,67.3619999999822,141068.02899999998,0.00047774242089210976
2025-12-26,0,0.0,0.0,0.0,141068.02899999998,0.0
2025-12-29,0,0.0,0.0,0.0,141068.02899999998,0.0
2025-12-30,0,0.0,0.0,0.0,141068.02899999998,0.0
2025-12-31,205,11.274999999989745,3.6900000000000004,7.584999999989745,141075.61399999997,5.3768384330298866e-05
2026-01-02,0,0.0,0.0,0.0,141075.61399999997,0.0
2026-01-05,205,-61.50000000001398,1.8450000000000002,-63.34500000001398,141012.26899999997,-0.0004490145263519037
2026-01-06,204,-41.82000000000835,3.6720000000000006,-45.492000000008346,140966.77699999997,-0.0003226102262066881
2026-01-07,0,0.0,0.0,0.0,140966.77699999997,0.0
2026-01-08,0,0.0,0.0,0.0,140966.77699999997,0.0
2026-01-09,204,319.25999999998794,3.6720000000000006,315.5879999999879,141282.36499999996,0.0022387402671481095
2026-01-12,0,0.0,0.0,0.0,141282.36499999996,0.0
2026-01-13,203,-365.40000000001385,3.6540000000000004,-369.05400000001384,140913.31099999996,-0.0026121731470167132
2026-01-14,203,-491.2599999999917,3.6540000000000004,-494.9139999999917,140418.39699999997,-0.0035121877166025277
2026-01-15,0,0.0,0.0,0.0,140418.39699999997,0.0
2026-01-16,0,0.0,0.0,0.0,140418.39699999997,0.0
2026-01-20,206,242.05000000001405,1.8540000000000003,240.19600000001404,140658.593,0.0017105735796144582
2026-01-21,207,-349.8300000000113,3.7260000000000004,-353.5560000000113,140305.03699999998,-0.002513575548135984
2026-01-22,0,0.0,0.0,0.0,140305.03699999998,0.0
2026-01-23,0,0.0,0.0,0.0,140305.03699999998,0.0
2026-01-26,203,108.60499999999354,1.8270000000000002,106.77799999999354,140411.81499999997,0.0007610418149135555
2026-01-27,202,-151.5,1.8180000000000003,-153.318,140258.49699999997,-0.0010919166595774012
2026-01-28,0,0.0,0.0,0.0,140258.49699999997,0.0
2026-01-29,201,-273.3600000000256,3.6180000000000003,-276.9780000000256,139981.51899999994,-0.001974768059863251
2026-01-30,202,-458.5399999999963,1.8180000000000003,-460.3579999999963,139521.16099999993,-0.0032887055611962356
2026-02-02,202,140.38999999998714,1.8180000000000003,138.57199999998713,139659.73299999992,0.0009931970104519643
2026-02-03,200,324.00000000002365,3.6000000000000005,320.4000000000236,139980.13299999994,0.0022941473044347277
2026-02-04,202,-349.4600000000037,1.8180000000000003,-351.27800000000366,139628.85499999995,-0.002509484685230323
2026-02-05,205,-610.9000000000037,1.8450000000000002,-612.7450000000038,139016.10999999996,-0.004388383762081297
2026-02-06,204,1203.5999999999954,1.8360000000000003,1201.7639999999953,140217.87399999995,0.008644782248618492
2026-02-09,203,-28.419999999974152,3.6540000000000004,-32.073999999974156,140185.8,-0.00022874401875451461
2026-02-10,0,0.0,0.0,0.0,140185.8,0.0
2026-02-11,0,0.0,0.0,0.0,140185.8,0.0
2026-02-12,201,484.4099999999936,1.8090000000000002,482.6009999999936,140668.40099999998,0.00344258120294633
2026-02-13,0,0.0,0.0,0.0,140668.40099999998,0.0
2026-02-17,206,-208.05999999999813,1.8540000000000003,-209.91399999999814,140458.487,-0.0014922612221916006
2026-02-18,205,351.5749999999832,3.6900000000000004,347.8849999999832,140806.37199999997,0.002476781627300195
2026-02-19,0,0.0,0.0,0.0,140806.37199999997,0.0
2026-02-20,206,-1390.5,5.562,-1396.062,139410.30999999997,-0.009914764368760244
2026-02-23,202,119.18000000000643,3.6360000000000006,115.54400000000643,139525.85399999996,0.0008288052727234195
2026-02-24,204,-144.8400000000306,5.508000000000001,-150.34800000003062,139375.50599999994,-0.0010775637323820334
2026-02-25,0,0.0,0.0,0.0,139375.50599999994,0.0
2026-02-26,201,-79.39499999999634,3.6180000000000003,-83.01299999999634,139292.49299999993,-0.0005956068062633357
2026-02-27,0,0.0,0.0,0.0,139292.49299999993,0.0
2026-03-02,0,0.0,0.0,0.0,139292.49299999993,0.0
2026-03-03,206,80.33999999999719,1.8540000000000003,78.48599999999719,139370.97899999993,0.0005634618083832934
2026-03-04,204,-508.9800000000241,3.6720000000000006,-512.6520000000241,138858.3269999999,-0.0036783267483542926
2026-03-05,203,-622.194999999988,1.8270000000000002,-624.021999999988,138234.3049999999,-0.004493947273324044
2026-03-06,205,-674.4499999999925,1.8450000000000002,-676.2949999999926,137558.00999999992,-0.0048923818150638735
2026-03-09,206,185.3999999999719,3.7080000000000006,181.6919999999719,137739.7019999999,0.0013208391136217512
2026-03-10,203,-231.41999999999723,1.8270000000000002,-233.24699999999723,137506.4549999999,-0.0016933897533769704
2026-03-11,0,0.0,0.0,0.0,137506.4549999999,0.0
2026-03-12,204,161.16000000001577,1.8360000000000003,159.32400000001576,137665.77899999992,0.0011586656059165794
2026-03-13,0,0.0,0.0,0.0,137665.77899999992,0.0
2026-03-16,205,-84.05000000001678,1.8450000000000002,-85.89500000001678,137579.8839999999,-0.000623938647817602
2026-03-17,0,0.0,0.0,0.0,137579.8839999999,0.0
2026-03-18,205,385.39999999999907,1.8450000000000002,383.55499999999904,137963.4389999999,0.002787871226872086
2026-03-19,0,0.0,0.0,0.0,137963.4389999999,0.0
2026-03-20,210,968.1000000000029,1.8900000000000001,966.2100000000029,138929.6489999999,0.007003377177340466
2026-03-23,211,-892.5300000000038,1.8990000000000002,-894.4290000000038,138035.21999999988,-0.006437999422283177
2026-03-24,0,0.0,0.0,0.0,138035.21999999988,0.0
2026-03-25,0,0.0,0.0,0.0,138035.21999999988,0.0
2026-03-26,211,685.75,3.7980000000000005,681.952,138717.17199999987,0.004940420278244933
2026-03-27,215,654.6750000000158,3.8700000000000006,650.8050000000158,139367.9769999999,0.004691596509767488
2026-03-30,217,-513.205000000002,1.9530000000000003,-515.158000000002,138852.8189999999,-0.00369638715499187
2026-03-31,217,874.5099999999941,3.9060000000000006,870.6039999999941,139723.4229999999,0.006269977133125362
2026-04-01,213,-248.14499999999225,3.8340000000000005,-251.97899999999225,139471.4439999999,-0.0018034127320226934
2026-04-02,0,0.0,0.0,0.0,139471.4439999999,0.0
2026-04-06,212,-110.23999999999614,1.9080000000000001,-112.14799999999614,139359.29599999991,-0.0008040929152493483
2026-04-07,212,-357.21999999998843,3.8160000000000003,-361.0359999999884,138998.25999999992,-0.0025906847290616953
2026-04-08,0,0.0,0.0,0.0,138998.25999999992,0.0
2026-04-09,205,2.0499999999981355,1.8450000000000002,0.20499999999813534,138998.4649999999,1.4748386058799258e-06
2026-04-10,0,0.0,0.0,0.0,138998.4649999999,0.0
2026-04-13,0,0.0,0.0,0.0,138998.4649999999,0.0
2026-04-14,202,680.7400000000009,1.8180000000000003,678.9220000000009,139677.3869999999,0.0048843848743221835
2026-04-15,0,0.0,0.0,0.0,139677.3869999999,0.0
2026-04-16,0,0.0,0.0,0.0,139677.3869999999,0.0
2026-04-17,197,29.54999999999552,3.5460000000000003,26.00399999999552,139703.3909999999,0.0001861718676051374
2026-04-20,0,0.0,0.0,0.0,139703.3909999999,0.0
2026-04-21,196,-472.35999999999376,3.5280000000000005,-475.8879999999938,139227.50299999988,-0.0034064169566220062
2026-04-22,0,0.0,0.0,0.0,139227.50299999988,0.0
2026-04-23,0,0.0,0.0,0.0,139227.50299999988,0.0
2026-04-24,195,-234.00000000000887,5.265000000000001,-239.26500000000885,138988.23799999987,-0.0017185182154707541
2026-04-27,0,0.0,0.0,0.0,138988.23799999987,0.0
2026-04-28,0,0.0,0.0,0.0,138988.23799999987,0.0
2026-04-29,0,0.0,0.0,0.0,138988.23799999987,0.0
2026-04-30,194,98.93999999999824,1.7460000000000002,97.19399999999824,139085.43199999986,0.0006992965836432744
2026-05-01,192,-521.2800000000061,3.4560000000000004,-524.7360000000061,138560.69599999985,-0.0037727603276237203
2026-05-04,192,-245.7600000000166,3.4560000000000004,-249.21600000001658,138311.47999999984,-0.00179860528414217
2026-05-05,191,-120.33000000002085,5.157000000000001,-125.48700000002084,138185.9929999998,-0.0009072782678633834
2026-05-06,189,773.010000000006,1.7010000000000003,771.309000000006,138957.30199999982,0.005581672811078667
2026-05-07,189,-255.1500000000043,3.4020000000000006,-258.5520000000043,138698.74999999983,-0.0018606578875574643
2026-05-08,188,-55.459999999992306,1.6920000000000002,-57.151999999992306,138641.59799999982,-0.00041205850809753066
2026-05-11,188,-332.7599999999966,3.3840000000000003,-336.1439999999966,138305.45399999982,-0.0024245537042929715
2026-05-12,187,166.42999999999745,1.6830000000000003,164.74699999999746,138470.20099999983,0.0011911822363852526
2026-05-13,187,106.5899999999881,1.6830000000000003,104.90699999998809,138575.1079999998,0.0007576142682134781
2026-05-14,186,240.8699999999924,3.3480000000000003,237.52199999999237,138812.6299999998,0.001714030776725014
2026-05-15,187,-334.7299999999932,1.6830000000000003,-336.4129999999932,138476.2169999998,-0.0024235042589423866
2026-05-18,187,-1008.8649999999966,3.3660000000000005,-1012.2309999999966,137463.9859999998,-0.007309782300017613
2026-05-19,187,-285.17499999999575,3.3660000000000005,-288.54099999999573,137175.4449999998,-0.0020990297778793942
2026-05-20,186,621.2399999999848,1.6740000000000002,619.5659999999848,137795.0109999998,0.004516595517513981
2026-05-21,0,0.0,0.0,0.0,137795.0109999998,0.0
2026-05-22,184,-340.39999999998327,1.6560000000000001,-342.05599999998327,137452.9549999998,-0.002482354023688011
2026-05-26,183,-21.045000000001664,1.6470000000000002,-22.692000000001663,137430.2629999998,-0.00016508921179615013
2026-05-27,0,0.0,0.0,0.0,137430.2629999998,0.0
2026-05-28,183,351.3599999999925,1.6470000000000002,349.7129999999925,137779.9759999998,0.0025446578676779
2026-05-29,182,-214.7599999999909,1.6380000000000001,-216.3979999999909,137563.5779999998,-0.0015706055864024191
2026-06-01,182,-198.3799999999851,1.6380000000000001,-200.0179999999851,137363.55999999982,-0.0014540040533111561
2026-06-02,0,0.0,0.0,0.0,137363.55999999982,0.0
2026-06-03,181,215.39000000000988,4.8870000000000005,210.50300000000988,137574.06299999982,0.0015324515468295241
2026-06-04,182,83.72000000000662,1.6380000000000001,82.08200000000662,137656.14499999981,0.0005966386265702331
2026-06-05,182,2058.41999999999,1.6380000000000001,2056.78199999999,139712.9269999998,0.014941447038197917
2026-06-08,187,-329.1199999999983,1.6830000000000003,-330.8029999999983,139382.1239999998,-0.0023677336600356155
2026-06-09,187,-756.4149999999923,1.6830000000000003,-758.0979999999923,138624.0259999998,-0.00543899015342881
2026-06-10,189,752.219999999982,1.7010000000000003,750.5189999999819,139374.54499999978,0.005414061484550903
2026-06-11,191,521.4299999999818,1.7190000000000003,519.7109999999817,139894.25599999976,0.0037288803346406086
2026-06-12,188,-968.1999999999957,1.6920000000000002,-969.8919999999957,138924.36399999977,-0.006933036621603659
2026-06-15,184,368.0,1.6560000000000001,366.344,139290.70799999978,0.0026370032545191325
2026-06-16,0,0.0,0.0,0.0,139290.70799999978,0.0
2026-06-17,185,945.3500000000025,1.6650000000000003,943.6850000000026,140234.39299999978,0.006774931462047017
2026-06-18,0,0.0,0.0,0.0,140234.39299999978,0.0
2026-06-22,187,-609.6199999999983,3.3660000000000005,-612.9859999999983,139621.40699999977,-0.004371153087958952
2026-06-23,0,0.0,0.0,0.0,139621.40699999977,0.0
2026-06-24,190,-307.80000000000086,1.7100000000000002,-309.51000000000084,139311.89699999976,-0.002216780411043998
2026-06-25,188,-1055.6200000000017,1.6920000000000002,-1057.3120000000017,138254.58499999976,-0.007589531280304105
2026-06-26,0,0.0,0.0,0.0,138254.58499999976,0.0
2026-06-29,187,82.27999999998895,1.6830000000000003,80.59699999998894,138335.18199999974,0.0005829607748631923
2026-06-30,186,160.8900000000017,3.3480000000000003,157.54200000000168,138492.72399999975,0.0011388426119973006
2026-07-01,0,0.0,0.0,0.0,138492.72399999975,0.0
2026-07-02,185,-651.1999999999966,3.3300000000000005,-654.5299999999967,137838.19399999976,-0.00472609665761212
2026-07-06,184,-12.880000000009204,1.6560000000000001,-14.536000000009205,137823.65799999973,-0.00010545698240945634
2026-07-07,183,-128.10000000000832,1.6470000000000002,-129.7470000000083,137693.91099999973,-0.000941398609518901
2026-07-08,185,-118.39999999999748,1.6650000000000003,-120.06499999999748,137573.84599999973,-0.000871970293588347
2026-07-09,184,71.75999999999749,1.6560000000000001,70.10399999999748,137643.94999999972,0.0005095736002030329
2026-07-10,0,0.0,0.0,0.0,137643.94999999972,0.0
2026-07-13,182,-203.84000000000083,3.2760000000000002,-207.11600000000084,137436.8339999997,-0.0015047228737623502
2026-07-14,0,0.0,0.0,0.0,137436.8339999997,0.0
2026-07-15,0,0.0,0.0,0.0,137436.8339999997,0.0
2026-07-16,182,-333.06000000000745,1.6380000000000001,-334.6980000000074,137102.1359999997,-0.0024352860165565812
2026-07-17,0,0.0,0.0,0.0,137102.1359999997,0.0
2026-07-20,0,0.0,0.0,0.0,137102.1359999997,0.0
2026-07-21,183,19.21500000000333,1.6470000000000002,17.56800000000333,137119.7039999997,0.00012813804738974574
2026-07-22,0,0.0,0.0,0.0,137119.7039999997,0.0
2026-07-23,185,-357.97500000001094,1.6650000000000003,-359.64000000001096,136760.0639999997,-0.0026228177972147004
2026-07-24,185,-286.7500000000126,1.6650000000000003,-288.41500000001264,136471.64899999968,-0.0021089124380638874
2026-07-27,183,-314.760000000005,1.6470000000000002,-316.407000000005,136155.24199999968,-0.002318481547768253
2026-07-28,184,-807.7599999999975,6.6240000000000006,-814.3839999999975,135340.8579999997,-0.005981290092378517
2026-07-29,182,1328.5999999999917,3.2760000000000002,1325.3239999999917,136666.18199999968,0.009792490010666215
2026-07-30,185,89.72500000000252,3.3300000000000005,86.39500000000253,136752.57699999967,0.000632160778443366
2026-07-31,183,-127.18500000000915,1.6470000000000002,-128.83200000000915,136623.74499999968,-0.0009420809671470356
2026-08-03,182,777.1399999999967,1.6380000000000001,775.5019999999967,137399.24699999968,0.005676187547047539
2026-08-04,180,1391.4000000000033,1.62,1389.7800000000034,138789.02699999968,0.01011490259477191
2026-08-05,0,0.0,0.0,0.0,138789.02699999968,0.0
2026-08-06,0,0.0,0.0,0.0,138789.02699999968,0.0
2026-08-07,0,0.0,0.0,0.0,138789.02699999968,0.0
2026-08-10,0,0.0,0.0,0.0,138789.02699999968,0.0
2026-08-11,179,-97.55500000001302,1.6110000000000002,-99.16600000001303,138689.86099999966,-0.0007145089359262765
2026-08-12,0,0.0,0.0,0.0,138689.86099999966,0.0
2026-08-13,179,-256.8650000000106,1.6110000000000002,-258.4760000000106,138431.38499999963,-0.0018636978805538728
2026-08-14,0,0.0,0.0,0.0,138431.38499999963,0.0
2026-08-17,0,0.0,0.0,0.0,138431.38499999963,0.0
2026-08-18,0,0.0,0.0,0.0,138431.38499999963,0.0
2026-08-19,0,0.0,0.0,0.0,138431.38499999963,0.0
2026-08-20,0,0.0,0.0,0.0,138431.38499999963,0.0
2026-08-21,0,0.0,0.0,0.0,138431.38499999963,0.0
2026-08-24,181,-140.27500000001646,1.6290000000000002,-141.90400000001645,138289.48099999962,-0.0010250854602084406
2026-08-25,0,0.0,0.0,0.0,138289.48099999962,0.0
2026-08-26,180,-284.40000000000737,1.62,-286.02000000000737,138003.4609999996,-0.002068270109423638
2026-08-27,179,-170.0499999999878,1.6110000000000002,-171.66099999998778,137831.7999999996,-0.0012438890934770707
2026-08-28,178,-766.2900000000113,4.806000000000001,-771.0960000000114,137060.7039999996,-0.005594470942119406
2026-08-31,178,-96.11999999999352,4.806000000000001,-100.92599999999352,136959.77799999958,-0.000736359854097888
2026-09-01,0,0.0,0.0,0.0,136959.77799999958,0.0
2026-09-02,179,-19.690000000002442,1.6110000000000002,-21.301000000002443,136938.47699999958,-0.00015552741331110006
2026-09-03,178,-121.0399999999911,3.204,-124.24399999999109,136814.2329999996,-0.0009072979539562973
2026-09-04,177,-359.30999999997505,4.779000000000001,-364.08899999997504,136450.14399999962,-0.0026611924214052798
2026-09-08,177,64.60500000004185,4.779000000000001,59.82600000004185,136509.96999999965,0.0004384458546268886
2026-09-09,178,-231.3999999999919,1.602,-233.0019999999919,136276.96799999967,-0.001706849690172758
2026-09-10,179,-340.09999999999593,1.6110000000000002,-341.7109999999959,135935.25699999966,-0.002507474337116135
2026-09-11,177,-402.674999999996,1.5930000000000002,-404.267999999996,135530.98899999968,-0.0029739745885057397
2026-09-14,0,0.0,0.0,0.0,135530.98899999968,0.0
2026-09-15,178,10.680000000010523,1.602,9.078000000010523,135540.0669999997,6.698099133631013e-05
2026-09-16,178,-23.13999999999919,1.602,-24.74199999999919,135515.3249999997,-0.00018254380824527148
2026-09-17,0,0.0,0.0,0.0,135515.3249999997,0.0
2026-09-18,178,-112.13999999999919,3.204,-115.34399999999918,135399.98099999968,-0.0008511509676119615
2026-09-21,176,1026.9600000000064,1.584,1025.3760000000063,136425.3569999997,0.007572940501372809
2026-09-22,0,0.0,0.0,0.0,136425.3569999997,0.0
2026-09-23,176,264.0,3.168,260.832,136686.1889999997,0.0019119026384515935
2026-09-24,0,0.0,0.0,0.0,136686.1889999997,0.0
2026-09-25,177,-301.7849999999871,3.1860000000000004,-304.9709999999871,136381.2179999997,-0.0022311764065642927
2026-09-28,177,-791.1900000000048,1.5930000000000002,-792.7830000000048,135588.4349999997,-0.005812992519248556
2026-09-29,176,-231.4399999999896,3.168,-234.6079999999896,135353.82699999973,-0.0017302950653570867
2026-09-30,176,-115.2799999999952,3.168,-118.4479999999952,135235.37899999972,-0.0008750990099452115
2026-10-01,176,-22.0,1.584,-23.584,135211.79499999972,-0.000174392235037845
2026-10-02,0,0.0,0.0,0.0,135211.79499999972,0.0
