date,shares,gross,costs,pnl,aum,ret
2020-08-18,0,0.0,0.0,0.0,100000.0,0.0
2020-08-19,0,0.0,0.0,0.0,100000.0,0.0
2020-08-20,0,0.0,0.0,0.0,100000.0,0.0
2020-08-24,0,0.0,0.0,0.0,100000.0,0.0
2020-08-25,0,0.0,0.0,0.0,100000.0,0.0
2020-08-26,290,469.8000000000013,2.6100000000000003,467.1900000000013,100467.19,0.004671900000000013
2020-08-27,288,-293.75999999999476,2.5920000000000005,-296.35199999999475,100170.838,-0.0029497391138340262
2020-08-28,0,0.0,0.0,0.0,100170.838,0.0
2020-08-31,285,45.60000000000713,2.5650000000000004,43.03500000000713,100213.873,0.0004296160525282531
2020-09-01,286,344.62999999999545,2.5740000000000003,342.05599999999544,100555.929,0.0034132599585288497
2020-09-02,283,602.7899999999987,2.547,600.2429999999987,101156.172,0.005969245234659397
2020-09-03,284,2033.439999999991,2.5560000000000005,2030.883999999991,103187.056,0.020076718601016168
2020-09-04,298,256.28000000000407,2.6820000000000004,253.59800000000408,103440.654,0.0024576532157289583
2020-09-08,307,325.4200000000007,2.7630000000000003,322.6570000000007,103763.311,0.0031192474865829904
2020-09-09,307,521.8999999999965,2.7630000000000003,519.1369999999964,104282.448,0.005003088230289764
2020-09-10,305,1131.5499999999938,2.745,1128.804999999994,105411.253,0.010824496563410113
2020-09-11,313,-735.5499999999893,2.817,-738.3669999999893,104672.88600000001,-0.007004631659202356
2020-09-14,310,-198.39999999999577,2.7900000000000005,-201.18999999999576,104471.69600000001,-0.001922083241308506
2020-09-15,0,0.0,0.0,0.0,104471.69600000001,0.0
2020-09-16,0,0.0,0.0,0.0,104471.69600000001,0.0
2020-09-17,0,0.0,0.0,0.0,104471.69600000001,0.0
2020-09-18,311,1054.2899999999959,2.7990000000000004,1051.490999999996,105523.187,0.010064840911551735
2020-09-21,324,-1419.1199999999985,2.9160000000000004,-1422.0359999999985,104101.15100000001,-0.013476052424383263
2020-09-22,0,0.0,0.0,0.0,104101.15100000001,0.0
2020-09-23,314,1472.6599999999994,2.8260000000000005,1469.8339999999994,105570.98500000002,0.014119286731037193
2020-09-24,328,-928.2400000000134,2.9520000000000004,-931.1920000000134,104639.793,-0.008820529618057587
2020-09-25,324,787.3200000000022,2.9160000000000004,784.4040000000022,105424.197,0.007496230425455851
2020-09-28,0,0.0,0.0,0.0,105424.197,0.0
2020-09-29,315,-62.99999999999642,2.8350000000000004,-65.83499999999641,105358.36200000001,-0.000624477130236016
2020-09-30,316,-60.03999999999928,2.8440000000000003,-62.88399999999928,105295.478,-0.0005968581781861727
2020-10-01,0,0.0,0.0,0.0,105295.478,0.0
2020-10-02,0,0.0,0.0,0.0,105295.478,0.0
2020-10-06,0,0.0,0.0,0.0,105295.478,0.0
2020-10-12,301,186.62000000000137,2.7090000000000005,183.91100000000137,105479.38900000001,0.001746618216596171
2020-10-13,0,0.0,0.0,0.0,105479.38900000001,0.0
2020-10-14,300,87.00000000000614,2.7,84.30000000000614,105563.68900000001,0.0007992082699683265
2020-10-15,0,0.0,0.0,0.0,105563.68900000001,0.0
2020-10-16,302,-1005.6599999999952,2.7180000000000004,-1008.3779999999952,104555.31100000002,-0.009552318695493818
2020-10-19,299,53.82000000000204,2.6910000000000003,51.12900000000204,104606.44000000002,0.0004890138961951156
2020-10-20,304,-401.2799999999979,2.736,-404.0159999999979,104202.42400000001,-0.003862247869251624
2020-10-21,303,-821.1299999999937,2.7270000000000003,-823.8569999999937,103378.56700000002,-0.00790631319670638
2020-10-22,0,0.0,0.0,0.0,103378.56700000002,0.0
2020-10-23,0,0.0,0.0,0.0,103378.56700000002,0.0
2020-10-26,302,33.22000000000412,2.7180000000000004,30.50200000000412,103409.06900000003,0.00029505148780021407
2020-10-27,0,0.0,0.0,0.0,103409.06900000003,0.0
2020-10-28,311,646.8799999999951,2.7990000000000004,644.0809999999951,104053.15000000002,0.006228476924011326
2020-10-29,318,674.1600000000014,2.8620000000000005,671.2980000000015,104724.44800000002,0.006451491377243278
2020-10-30,319,-516.7799999999834,2.8710000000000004,-519.6509999999834,104204.79700000004,-0.0049620791508013795
2020-11-02,315,-422.0999999999921,2.8350000000000004,-424.9349999999921,103779.86200000004,-0.004077883285929648
2020-11-03,311,192.82000000000141,2.7990000000000004,190.0210000000014,103969.88300000005,0.0018310007003092888
2020-11-04,305,282.12499999998613,2.745,279.3799999999861,104249.26300000004,0.0026871243088730417
2020-11-05,298,-412.7299999999973,2.6820000000000004,-415.4119999999973,103833.85100000004,-0.003984795556780072
2020-11-06,296,-492.84000000000606,2.664,-495.50400000000604,103338.34700000004,-0.0047720853577895885
2020-11-09,0,0.0,0.0,0.0,103338.34700000004,0.0
2020-11-10,0,0.0,0.0,0.0,103338.34700000004,0.0
2020-11-11,0,0.0,0.0,0.0,103338.34700000004,0.0
2020-11-12,290,-8.700000000008572,2.6100000000000003,-11.310000000008571,103327.03700000003,-0.00010944630263931517
2020-11-13,0,0.0,0.0,0.0,103327.03700000003,0.0
2020-11-16,0,0.0,0.0,0.0,103327.03700000003,0.0
2020-11-17,287,-650.0550000000123,2.583,-652.6380000000123,102674.39900000002,-0.006316236475454262
2020-11-18,0,0.0,0.0,0.0,102674.39900000002,0.0
2020-11-19,0,0.0,0.0,0.0,102674.39900000002,0.0
2020-11-20,0,0.0,0.0,0.0,102674.39900000002,0.0
2020-11-23,0,0.0,0.0,0.0,102674.39900000002,0.0
2020-11-24,285,228.00000000000324,2.5650000000000004,225.43500000000324,102899.83400000002,0.00219563009080777
2020-11-25,283,-166.96999999999292,2.547,-169.51699999999292,102730.31700000002,-0.001647398187250651
2020-11-30,283,-345.25999999999163,2.547,-347.80699999999166,102382.51000000004,-0.003385631526864573
2020-12-01,280,-288.4000000000083,2.5200000000000005,-290.92000000000826,102091.59000000003,-0.0028415009555832157
2020-12-07,0,0.0,0.0,0.0,102091.59000000003,0.0
2020-12-08,277,38.77999999999622,2.4930000000000003,36.28699999999622,102127.87700000002,0.00035543574157279956
2020-12-09,275,413.87499999999875,2.475,411.3999999999987,102539.27700000002,0.004028283090619799
2020-12-10,0,0.0,0.0,0.0,102539.27700000002,0.0
2020-12-11,280,-732.2000000000025,2.5200000000000005,-734.7200000000025,101804.55700000002,-0.007165254344440155
2020-12-14,276,-1344.1200000000013,2.4840000000000004,-1346.6040000000012,100457.95300000001,-0.013227345019535824
2020-12-15,273,129.6749999999907,2.4570000000000003,127.2179999999907,100585.171,0.0012663805721781997
2020-12-16,0,0.0,0.0,0.0,100585.171,0.0
2020-12-17,0,0.0,0.0,0.0,100585.171,0.0
2020-12-18,271,140.91999999999507,2.4390000000000005,138.48099999999508,100723.652,0.0013767536369749282
2020-12-21,275,-1515.2499999999975,2.475,-1517.7249999999974,99205.92700000001,-0.015068208607050878
2020-12-22,0,0.0,0.0,0.0,99205.92700000001,0.0
2020-12-29,0,0.0,0.0,0.0,99205.92700000001,0.0
2020-12-30,0,0.0,0.0,0.0,99205.92700000001,0.0
2020-12-31,0,0.0,0.0,0.0,99205.92700000001,0.0
2021-01-04,264,960.9599999999964,2.3760000000000003,958.5839999999964,100164.51100000001,0.009662567842342689
2021-01-05,271,325.1999999999969,2.4390000000000005,322.7609999999969,100487.27200000001,0.0032223089473276305
2021-01-06,271,371.27000000000123,2.4390000000000005,368.8310000000012,100856.10300000002,0.003670425046467588
2021-01-07,268,233.16000000000122,2.4120000000000004,230.7480000000012,101086.85100000002,0.0022878932770186568
2021-01-08,0,0.0,0.0,0.0,101086.85100000002,0.0
2021-01-11,0,0.0,0.0,0.0,101086.85100000002,0.0
2021-01-12,0,0.0,0.0,0.0,101086.85100000002,0.0
2021-01-13,0,0.0,0.0,0.0,101086.85100000002,0.0
2021-01-15,268,-300.1600000000012,2.4120000000000004,-302.5720000000012,100784.27900000002,-0.002993188500846674
2021-01-19,0,0.0,0.0,0.0,100784.27900000002,0.0
2021-01-20,264,278.5199999999868,2.3760000000000003,276.1439999999868,101060.42300000001,0.0027399511386094924
2021-01-21,0,0.0,0.0,0.0,101060.42300000001,0.0
2021-01-22,0,0.0,0.0,0.0,101060.42300000001,0.0
2021-01-25,263,-998.0850000000041,2.3670000000000004,-1000.4520000000041,100059.971,-0.009899542969457035
2021-01-26,0,0.0,0.0,0.0,100059.971,0.0
2021-01-27,263,833.7100000000041,2.3670000000000004,831.3430000000042,100891.31400000001,0.008308447341045144
2021-01-28,268,-29.480000000003656,2.4120000000000004,-31.892000000003655,100859.422,-0.0003161025338613753
2021-01-29,268,708.8599999999951,2.4120000000000004,706.4479999999951,101565.87,0.007004283645408904
2021-02-01,271,-2.7099999999975353,2.4390000000000005,-5.148999999997535,101560.721,-5.069616397710703e-05
2021-02-02,267,105.46499999999514,2.4030000000000005,103.06199999999514,101663.783,0.001014782082927465
2021-02-03,0,0.0,0.0,0.0,101663.783,0.0
2021-02-04,265,592.2750000000036,2.3850000000000002,589.8900000000036,102253.673,0.005802361299106916
2021-02-05,0,0.0,0.0,0.0,102253.673,0.0
2021-02-08,0,0.0,0.0,0.0,102253.673,0.0
2021-02-09,0,0.0,0.0,0.0,102253.673,0.0
2021-02-10,0,0.0,0.0,0.0,102253.673,0.0
2021-02-11,0,0.0,0.0,0.0,102253.673,0.0
2021-02-12,0,0.0,0.0,0.0,102253.673,0.0
2021-02-16,0,0.0,0.0,0.0,102253.673,0.0
2021-02-17,0,0.0,0.0,0.0,102253.673,0.0
2021-02-18,262,-593.4299999999964,2.358,-595.7879999999964,101657.885,-0.005826568205525452
2021-02-19,0,0.0,0.0,0.0,101657.885,0.0
2021-02-22,0,0.0,0.0,0.0,101657.885,0.0
2021-02-23,264,-2178.0,4.752000000000001,-2182.752,99475.133,-0.02147154645210256
2021-02-24,257,871.2299999999965,2.313,868.9169999999965,100344.05,0.008735017222847006
2021-02-25,256,1802.2400000000052,2.3040000000000003,1799.9360000000052,102143.986,0.017937645530552188
2021-02-26,265,-471.70000000000783,2.3850000000000002,-474.0850000000078,101669.901,-0.00464134031346699
2021-03-01,263,670.650000000003,2.3670000000000004,668.2830000000031,102338.18400000001,0.006573066300123604
2021-03-02,262,269.85999999999285,2.358,267.50199999999285,102605.686,0.002613902157966696
2021-03-03,265,842.7000000000019,2.3850000000000002,840.3150000000019,103446.001,0.008189750809716352
2021-03-04,271,65.04000000000246,2.4390000000000005,62.601000000002465,103508.60200000001,0.0006051563075889464
2021-03-05,272,-2099.839999999992,4.896000000000001,-2104.735999999992,101403.86600000002,-0.02033392355159035
2021-03-08,263,-1388.6400000000078,2.3670000000000004,-1391.0070000000078,100012.85900000001,-0.013717494755081699
2021-03-09,259,-104.89499999999293,2.3310000000000004,-107.22599999999294,99905.63300000002,-0.0010721221358144849
2021-03-10,0,0.0,0.0,0.0,99905.63300000002,0.0
2021-03-11,254,-132.07999999999538,2.2860000000000005,-134.36599999999538,99771.26700000002,-0.0013449291693091556
2021-03-12,0,0.0,0.0,0.0,99771.26700000002,0.0
2021-03-15,0,0.0,0.0,0.0,99771.26700000002,0.0
2021-03-16,0,0.0,0.0,0.0,99771.26700000002,0.0
2021-03-17,0,0.0,0.0,0.0,99771.26700000002,0.0
2021-03-18,0,0.0,0.0,0.0,99771.26700000002,0.0
2021-03-19,255,-244.80000000000928,2.2950000000000004,-247.09500000000926,99524.172,-0.002476614835411574
2021-03-22,255,302.1750000000006,2.2950000000000004,299.88000000000056,99824.05200000001,0.0030131373511954516
2021-03-23,254,-60.96000000000231,2.2860000000000005,-63.24600000000231,99760.80600000001,-0.0006335747621224823
2021-03-24,0,0.0,0.0,0.0,99760.80600000001,0.0
2021-03-25,258,49.01999999999941,2.322,46.69799999999941,99807.50400000002,0.00046809966631584156
2021-03-26,255,958.7999999999977,2.2950000000000004,956.5049999999977,100764.00900000002,0.009583497850021354
2021-03-29,255,-673.1999999999965,2.2950000000000004,-675.4949999999965,100088.51400000002,-0.006703732877480057
2021-03-30,0,0.0,0.0,0.0,100088.51400000002,0.0
2021-03-31,253,-12.650000000002876,2.277,-14.927000000002877,100073.58700000003,-0.0001491379919977918
2021-04-01,251,330.06499999999943,2.2590000000000003,327.8059999999994,100401.39300000003,0.0032756495477672776
2021-04-05,248,419.11999999999944,2.232,416.8879999999994,100818.28100000003,0.0041522133064428625
2021-04-06,0,0.0,0.0,0.0,100818.28100000003,0.0
2021-04-07,0,0.0,0.0,0.0,100818.28100000003,0.0
2021-04-08,0,0.0,0.0,0.0,100818.28100000003,0.0
2021-04-09,246,398.5200000000011,2.2140000000000004,396.3060000000011,101214.58700000003,0.003930894239309645
2021-04-12,0,0.0,0.0,0.0,101214.58700000003,0.0
2021-04-14,245,-628.4249999999995,2.205,-630.6299999999995,100583.95700000002,-0.00623062365506663
2021-04-15,243,270.9450000000022,2.1870000000000003,268.7580000000022,100852.71500000003,0.0026719768044122794
2021-04-16,0,0.0,0.0,0.0,100852.71500000003,0.0
2021-04-19,242,2.419999999997799,2.1780000000000004,0.24199999999779864,100852.95700000002,2.3995387729303925e-06
2021-04-20,243,12.150000000002763,2.1870000000000003,9.963000000002761,100862.92000000003,9.878738607538061e-05
2021-04-21,245,636.9999999999916,2.205,634.7949999999915,101497.71500000003,0.006293640913826323
2021-04-22,244,-185.43999999999778,2.196,-187.63599999999778,101310.07900000003,-0.001848672159762392
2021-04-23,245,612.5,2.205,610.295,101920.37400000003,0.006024030442222829
2021-04-26,0,0.0,0.0,0.0,101920.37400000003,0.0
2021-04-27,0,0.0,0.0,0.0,101920.37400000003,0.0
2021-04-28,0,0.0,0.0,0.0,101920.37400000003,0.0
2021-04-29,0,0.0,0.0,0.0,101920.37400000003,0.0
2021-04-30,0,0.0,0.0,0.0,101920.37400000003,0.0
2021-05-03,0,0.0,0.0,0.0,101920.37400000003,0.0
2021-05-04,244,-434.31999999999334,2.196,-436.51599999999337,101483.85800000004,-0.004282912070161686
2021-05-05,0,0.0,0.0,0.0,101483.85800000004,0.0
2021-05-06,244,-361.12000000000444,4.392,-365.51200000000443,101118.34600000003,-0.0036016762389936368
2021-05-07,240,256.79999999999836,2.16,254.63999999999837,101372.98600000003,0.0025182373928465786
2021-05-10,239,408.6900000000087,2.1510000000000002,406.5390000000087,101779.52500000004,0.004010328747739645
2021-05-11,246,-590.4000000000084,2.2140000000000004,-592.6140000000084,101186.91100000004,-0.005822526682061134
2021-05-12,246,944.6399999999938,2.2140000000000004,942.4259999999938,102129.33700000003,0.009313714498113234
2021-05-13,250,29.999999999986926,2.2500000000000004,27.749999999986926,102157.08700000001,0.0002717142871493126
2021-05-14,247,370.5,2.2230000000000003,368.277,102525.36400000002,0.003605006865554026
2021-05-17,0,0.0,0.0,0.0,102525.36400000002,0.0
2021-05-18,0,0.0,0.0,0.0,102525.36400000002,0.0
2021-05-19,0,0.0,0.0,0.0,102525.36400000002,0.0
2021-05-20,248,492.2800000000034,2.232,490.04800000000336,103015.41200000003,0.00477977332516472
2021-05-21,247,-787.9299999999994,2.2230000000000003,-790.1529999999993,102225.25900000002,-0.007670240643215591
2021-05-24,244,18.299999999997226,2.196,16.103999999997225,102241.36300000001,0.000157534450462945
2021-05-25,0,0.0,0.0,0.0,102241.36300000001,0.0
2021-05-26,0,0.0,0.0,0.0,102241.36300000001,0.0
2021-05-27,0,0.0,0.0,0.0,102241.36300000001,0.0
2021-05-28,0,0.0,0.0,0.0,102241.36300000001,0.0
2021-06-01,0,0.0,0.0,0.0,102241.36300000001,0.0
2021-06-02,0,0.0,0.0,0.0,102241.36300000001,0.0
2021-06-03,0,0.0,0.0,0.0,102241.36300000001,0.0
2021-06-04,242,202.06999999999505,2.1780000000000004,199.89199999999505,102441.255,0.0019550991314542143
2021-06-07,242,-142.7800000000077,2.1780000000000004,-144.9580000000077,102296.29699999999,-0.001415035378080908
2021-06-08,241,-320.52999999999616,2.169,-322.69899999999615,101973.598,-0.0031545521144328045
2021-06-09,0,0.0,0.0,0.0,101973.598,0.0
2021-06-10,241,-198.82499999999726,2.169,-200.99399999999727,101772.604,-0.001971039601838873
2021-06-11,0,0.0,0.0,0.0,101772.604,0.0
2021-06-14,239,-424.22500000000815,2.1510000000000002,-426.37600000000816,101346.228,-0.004189496811931904
2021-06-15,238,-45.21999999999946,2.1420000000000003,-47.36199999999946,101298.86600000001,-0.00046732869031888846
2021-06-16,238,357.0,2.1420000000000003,354.858,101653.724,0.0035030796889671005
2021-06-17,241,-621.7799999999961,2.169,-623.9489999999961,101029.77500000001,-0.006137984674324338
2021-06-18,242,171.8200000000088,2.1780000000000004,169.6420000000088,101199.41700000002,0.0016791287518952585
2021-06-21,242,694.5400000000011,2.1780000000000004,692.3620000000011,101891.77900000002,0.006841561152471866
2021-06-22,242,275.8799999999967,2.1780000000000004,273.7019999999967,102165.48100000001,0.0026862029761988613
2021-06-23,0,0.0,0.0,0.0,102165.48100000001,0.0
2021-06-24,0,0.0,0.0,0.0,102165.48100000001,0.0
2021-06-25,0,0.0,0.0,0.0,102165.48100000001,0.0
2021-06-28,0,0.0,0.0,0.0,102165.48100000001,0.0
2021-06-29,0,0.0,0.0,0.0,102165.48100000001,0.0
2021-06-30,0,0.0,0.0,0.0,102165.48100000001,0.0
2021-07-01,238,280.8400000000016,2.1420000000000003,278.6980000000016,102444.17900000002,0.0027279076775452325
2021-07-02,237,125.60999999999353,2.1330000000000005,123.47699999999354,102567.65600000002,0.0012053100645180973
2021-07-06,236,29.5,2.124,27.376,102595.03200000002,0.00026690675274864426
2021-07-07,0,0.0,0.0,0.0,102595.03200000002,0.0
2021-07-08,0,0.0,0.0,0.0,102595.03200000002,0.0
2021-07-09,237,474.0,2.1330000000000005,471.867,103066.89900000002,0.004599316270986688
2021-07-12,236,158.12000000000376,2.124,155.99600000000376,103222.89500000002,0.0015135412194753597
2021-07-13,0,0.0,0.0,0.0,103222.89500000002,0.0
2021-07-14,0,0.0,0.0,0.0,103222.89500000002,0.0
2021-07-15,237,-468.0750000000054,2.1330000000000005,-470.20800000000537,102752.68700000002,-0.004555268479924006
2021-07-16,235,425.35000000000053,2.115,423.2350000000005,103175.92200000002,0.004118967711277472
2021-07-19,242,-108.900000000011,2.1780000000000004,-111.078000000011,103064.84400000001,-0.0010765883923965418
2021-07-20,242,684.8599999999961,2.1780000000000004,682.6819999999962,103747.52600000001,0.006623810540090626
2021-07-21,239,207.9300000000011,2.1510000000000002,205.77900000000108,103953.30500000001,0.001983459345334182
2021-07-22,0,0.0,0.0,0.0,103953.30500000001,0.0
2021-07-23,237,111.39000000000647,2.1330000000000005,109.25700000000647,104062.56200000002,0.0010510199747858567
2021-07-26,0,0.0,0.0,0.0,104062.56200000002,0.0
2021-07-27,236,-69.62000000000376,2.124,-71.74400000000375,103990.81800000001,-0.0006894314210715256
2021-07-28,0,0.0,0.0,0.0,103990.81800000001,0.0
2021-07-29,236,-49.55999999999517,2.124,-51.68399999999517,103939.13400000002,-0.0004970054183052505
2021-07-30,0,0.0,0.0,0.0,103939.13400000002,0.0
2021-08-02,0,0.0,0.0,0.0,103939.13400000002,0.0
2021-08-03,237,-774.9900000000091,4.266000000000001,-779.2560000000091,103159.87800000001,-0.0074972339099920625
2021-08-04,0,0.0,0.0,0.0,103159.87800000001,0.0
2021-08-05,0,0.0,0.0,0.0,103159.87800000001,0.0
2021-08-06,0,0.0,0.0,0.0,103159.87800000001,0.0
2021-08-09,233,-94.36499999999364,2.0970000000000004,-96.46199999999364,103063.41600000001,-0.0009350728390740597
2021-08-10,232,-90.47999999999683,2.088,-92.56799999999683,102970.84800000001,-0.0008981654557228806
2021-08-11,0,0.0,0.0,0.0,102970.84800000001,0.0
2021-08-12,232,53.35999999999103,2.088,51.27199999999103,103022.12000000001,0.0004979273357056458
2021-08-13,0,0.0,0.0,0.0,103022.12000000001,0.0
2021-08-16,231,-839.6849999999979,2.079,-841.7639999999978,102180.35600000001,-0.00817071129967038
2021-08-17,229,-215.25999999999948,2.0610000000000004,-217.3209999999995,101963.03500000002,-0.002126837373712022
2021-08-18,230,511.74999999999216,2.0700000000000003,509.67999999999216,102472.71500000001,0.004998674274456346
2021-08-19,234,-236.34000000001117,2.1060000000000003,-238.44600000001117,102234.269,-0.0023269218542712675
2021-08-20,232,359.60000000000264,2.088,357.5120000000026,102591.781,0.003496987883778996
2021-08-23,230,211.60000000000366,2.0700000000000003,209.53000000000367,102801.311,0.002042366337319007
2021-08-24,0,0.0,0.0,0.0,102801.311,0.0
2021-08-25,229,-90.45499999999583,2.0610000000000004,-92.51599999999584,102708.79500000001,-0.0008999496125102513
2021-08-26,228,280.44000000000415,2.052,278.3880000000041,102987.18300000002,0.0027104592162726093
2021-08-27,230,174.80000000001098,2.0700000000000003,172.730000000011,103159.91300000003,0.0016771989966946758
2021-08-30,228,18.24000000000933,2.052,16.188000000009332,103176.10100000004,0.0001569214196604579
2021-08-31,228,-104.8800000000083,2.052,-106.9320000000083,103069.16900000002,-0.0010364028002958579
2021-09-01,0,0.0,0.0,0.0,103069.16900000002,0.0
2021-09-02,0,0.0,0.0,0.0,103069.16900000002,0.0
2021-09-03,0,0.0,0.0,0.0,103069.16900000002,0.0
2021-09-07,227,49.940000000006194,2.043,47.897000000006194,103117.06600000004,0.00046470734619007343
2021-09-08,228,-263.34000000000674,2.052,-265.39200000000676,102851.67400000003,-0.0025736961910844776
2021-09-09,228,-465.12000000000467,4.104,-469.22400000000465,102382.45000000003,-0.004562142566585786
2021-09-10,226,442.9600000000082,2.0340000000000003,440.92600000000823,102823.37600000003,0.004306656072403113
2021-09-13,0,0.0,0.0,0.0,102823.37600000003,0.0
2021-09-14,229,204.95500000000885,2.0610000000000004,202.89400000000884,103026.27000000005,0.00197322834449638
2021-09-15,231,428.5050000000042,2.079,426.4260000000042,103452.69600000005,0.004139002605840277
2021-09-16,231,-246.01499999999947,2.079,-248.09399999999948,103204.60200000006,-0.002398139532294058
2021-09-17,232,486.04000000000633,2.088,483.9520000000063,103688.55400000006,0.004689248256584585
2021-09-20,238,-265.37000000000216,2.1420000000000003,-267.51200000000216,103421.04200000006,-0.002579956896688925
2021-09-21,0,0.0,0.0,0.0,103421.04200000006,0.0
2021-09-22,237,68.73000000000485,2.1330000000000005,66.59700000000485,103487.63900000007,0.0006439405242117442
2021-09-23,235,178.60000000001122,2.115,176.4850000000112,103664.12400000008,0.001705372754711421
2021-09-24,0,0.0,0.0,0.0,103664.12400000008,0.0
2021-09-27,0,0.0,0.0,0.0,103664.12400000008,0.0
2021-09-28,235,970.5499999999989,2.115,968.4349999999989,104632.55900000008,0.00934204585570991
2021-09-29,0,0.0,0.0,0.0,104632.55900000008,0.0
2021-09-30,240,312.00000000000273,2.16,309.8400000000027,104942.39900000008,0.00296121974805187
2021-10-01,243,48.59999999999724,2.1870000000000003,46.41299999999724,104988.81200000008,0.0004422711929808009
2021-10-04,242,333.9599999999989,2.1780000000000004,331.7819999999989,105320.59400000007,0.0031601652945648976
2021-10-05,244,407.4800000000039,2.196,405.28400000000386,105725.87800000007,0.0038480983120927287
2021-10-06,0,0.0,0.0,0.0,105725.87800000007,0.0
2021-10-07,241,-527.7900000000132,2.169,-529.9590000000131,105195.91900000005,-0.0050125760128472314
2021-10-08,0,0.0,0.0,0.0,105195.91900000005,0.0
2021-10-11,240,-1154.4000000000005,2.16,-1156.5600000000006,104039.35900000005,-0.010994342850885689
2021-10-12,0,0.0,0.0,0.0,104039.35900000005,0.0
2021-10-13,0,0.0,0.0,0.0,104039.35900000005,0.0
2021-10-14,236,316.2399999999941,2.124,314.1159999999941,104353.47500000005,0.0030192035304638307
2021-10-15,0,0.0,0.0,0.0,104353.47500000005,0.0
2021-10-18,0,0.0,0.0,0.0,104353.47500000005,0.0
2021-10-19,0,0.0,0.0,0.0,104353.47500000005,0.0
2021-10-20,0,0.0,0.0,0.0,104353.47500000005,0.0
2021-10-21,0,0.0,0.0,0.0,104353.47500000005,0.0
2021-10-22,0,0.0,0.0,0.0,104353.47500000005,0.0
2021-10-25,0,0.0,0.0,0.0,104353.47500000005,0.0
2021-10-26,0,0.0,0.0,0.0,104353.47500000005,0.0
2021-10-27,0,0.0,0.0,0.0,104353.47500000005,0.0
2021-10-28,229,318.3100000000099,2.0610000000000004,316.2490000000099,104669.72400000006,0.003030555522947461
2021-10-29,0,0.0,0.0,0.0,104669.72400000006,0.0
2021-11-01,0,0.0,0.0,0.0,104669.72400000006,0.0
2021-11-02,227,140.74000000000103,2.043,138.69700000000103,104808.42100000006,0.0013250918670617774
2021-11-03,227,175.92500000000774,2.043,173.88200000000774,104982.30300000007,0.001659046079894741
2021-11-04,225,105.75000000000614,2.0250000000000004,103.72500000000613,105086.02800000008,0.0009880236671889935
2021-11-05,223,-374.6400000000015,2.007,-376.6470000000015,104709.38100000008,-0.0035841777177076407
2021-11-08,0,0.0,0.0,0.0,104709.38100000008,0.0
2021-11-09,223,-104.81000000000608,2.007,-106.81700000000609,104602.56400000007,-0.0010201282729386588
2021-11-10,224,109.76000000000204,2.016,107.74400000000203,104710.30800000008,0.001030032112788382
2021-11-11,0,0.0,0.0,0.0,104710.30800000008,0.0
2021-11-12,225,96.75000000000153,2.0250000000000004,94.72500000000153,104805.03300000008,0.0009046387295508811
2021-11-15,0,0.0,0.0,0.0,104805.03300000008,0.0
2021-11-16,224,154.5599999999995,2.016,152.5439999999995,104957.57700000008,0.001455502618848461
2021-11-17,223,-142.71999999999696,2.007,-144.72699999999696,104812.85000000008,-0.0013789094997876796
2021-11-18,223,-635.5500000000051,2.007,-637.557000000005,104175.29300000008,-0.006082813319168447
2021-11-19,0,0.0,0.0,0.0,104175.29300000008,0.0
2021-11-22,221,-1180.1400000000071,1.9890000000000003,-1182.1290000000072,102993.16400000008,-0.01134749868186122
2021-11-23,220,-1487.199999999998,3.9600000000000004,-1491.159999999998,101502.00400000007,-0.014478242458887824
2021-11-24,0,0.0,0.0,0.0,101502.00400000007,0.0
2021-11-29,218,-427.27999999999554,1.9620000000000002,-429.2419999999955,101072.76200000008,-0.004228901726905759
2021-11-30,218,410.929999999998,1.9620000000000002,408.967999999998,101481.73000000007,0.004046273119557154
2021-12-01,219,-1401.6000000000074,3.9420000000000006,-1405.5420000000074,100076.18800000007,-0.013850197469042029
2021-12-02,222,319.6799999999995,1.9980000000000002,317.6819999999995,100393.87000000007,0.0031744014869950813
2021-12-03,218,438.179999999998,1.9620000000000002,436.217999999998,100830.08800000006,0.00434506608819839
2021-12-06,221,152.4899999999995,1.9890000000000003,150.5009999999995,100980.58900000007,0.0014926199409842765
2021-12-07,217,223.51000000000641,1.9530000000000003,221.5570000000064,101202.14600000007,0.00219405533473375
2021-12-08,0,0.0,0.0,0.0,101202.14600000007,0.0
2021-12-09,0,0.0,0.0,0.0,101202.14600000007,0.0
2021-12-10,0,0.0,0.0,0.0,101202.14600000007,0.0
2021-12-13,215,434.2999999999961,1.9350000000000003,432.3649999999961,101634.51100000006,0.004272290826718198
2021-12-14,0,0.0,0.0,0.0,101634.51100000006,0.0
2021-12-15,219,-1497.9599999999946,3.9420000000000006,-1501.9019999999946,100132.60900000005,-0.014777480456416952
2021-12-16,211,92.83999999999952,1.8990000000000002,90.94099999999952,100223.55000000006,0.0009082056375860482
2021-12-17,217,-112.84000000000839,1.9530000000000003,-114.79300000000839,100108.75700000006,-0.001145369526423763
2021-12-20,220,-637.999999999995,1.9800000000000002,-639.979999999995,99468.77700000006,-0.00639284733102814
2021-12-21,216,261.3599999999956,1.9440000000000002,259.41599999999556,99728.19300000006,0.002608014372188324
2021-12-22,215,335.4000000000005,1.9350000000000003,333.4650000000005,100061.65800000005,0.0033437385153464107
2021-12-23,213,85.19999999999516,1.9170000000000003,83.28299999999516,100144.94100000005,0.0008323168101011789
2021-12-27,212,542.7200000000005,1.9080000000000001,540.8120000000005,100685.75300000006,0.005400292761668313
2021-12-28,0,0.0,0.0,0.0,100685.75300000006,0.0
2021-12-29,0,0.0,0.0,0.0,100685.75300000006,0.0
2021-12-30,0,0.0,0.0,0.0,100685.75300000006,0.0
2021-12-31,0,0.0,0.0,0.0,100685.75300000006,0.0
2022-01-03,0,0.0,0.0,0.0,100685.75300000006,0.0
2022-01-04,210,-373.8000000000062,1.8900000000000001,-375.6900000000062,100310.06300000005,-0.0037313124131872558
2022-01-05,210,1033.2000000000035,1.8900000000000001,1031.3100000000034,101341.37300000005,0.010281221735450439
2022-01-06,0,0.0,0.0,0.0,101341.37300000005,0.0
2022-01-07,216,-153.36000000000786,1.9440000000000002,-155.30400000000785,101186.06900000005,-0.0015324836777177646
2022-01-10,218,-1373.4000000000024,1.9620000000000002,-1375.3620000000024,99810.70700000004,-0.013592404701481205
2022-01-11,214,-498.6199999999966,3.8520000000000003,-502.47199999999657,99308.23500000004,-0.005034249481871683
2022-01-12,0,0.0,0.0,0.0,99308.23500000004,0.0
2022-01-13,210,600.5999999999909,1.8900000000000001,598.7099999999909,99906.94500000004,0.006028805164042948
2022-01-14,0,0.0,0.0,0.0,99906.94500000004,0.0
2022-01-18,217,336.35000000000247,1.9530000000000003,334.3970000000025,100241.34200000003,0.0033470846296021
2022-01-19,218,-527.5600000000036,3.9240000000000004,-531.4840000000036,99709.85800000004,-0.005302043941111676
2022-01-20,219,-2231.6099999999997,1.9710000000000003,-2233.5809999999997,97476.27700000003,-0.02240080414115121
2022-01-21,218,1227.339999999999,1.9620000000000002,1225.377999999999,98701.65500000003,0.012571038181936294
2022-01-24,228,-2510.279999999998,2.052,-2512.331999999998,96189.32300000003,-0.02545379811513796
2022-01-25,222,-1216.560000000004,1.9980000000000002,-1218.558000000004,94970.76500000003,-0.0126683291034287
2022-01-26,0,0.0,0.0,0.0,94970.76500000003,0.0
2022-01-27,216,-2413.79999999999,3.8880000000000003,-2417.68799999999,92553.07700000003,-0.025457181481058824
2022-01-28,213,85.19999999999527,3.8340000000000005,81.36599999999527,92634.44300000003,0.0008791279840430938
2022-01-31,209,1123.375,1.8810000000000002,1121.494,93755.93700000003,0.012106663177107888
2022-02-01,0,0.0,0.0,0.0,93755.93700000003,0.0
2022-02-02,0,0.0,0.0,0.0,93755.93700000003,0.0
2022-02-03,0,0.0,0.0,0.0,93755.93700000003,0.0
2022-02-04,210,-222.60000000000048,1.8900000000000001,-224.49000000000046,93531.44700000003,-0.0023944083669069447
2022-02-07,0,0.0,0.0,0.0,93531.44700000003,0.0
2022-02-08,209,356.34500000000855,1.8810000000000002,354.4640000000086,93885.91100000004,0.0037897841995324683
2022-02-09,0,0.0,0.0,0.0,93885.91100000004,0.0
2022-02-10,0,0.0,0.0,0.0,93885.91100000004,0.0
2022-02-11,208,1333.2799999999934,1.8720000000000003,1331.4079999999933,95217.31900000003,0.014181126708138272
2022-02-14,216,-235.4399999999946,1.9440000000000002,-237.3839999999946,94979.93500000004,-0.002493075865746593
2022-02-15,214,117.70000000000243,1.9260000000000002,115.77400000000243,95095.70900000005,0.0012189311352971803
2022-02-16,0,0.0,0.0,0.0,95095.70900000005,0.0
2022-02-17,214,808.9199999999942,1.9260000000000002,806.9939999999941,95902.70300000004,0.008486124226698743
2022-02-18,219,-558.44999999999,3.9420000000000006,-562.39199999999,95340.31100000005,-0.005864193421117545
2022-02-22,220,184.800000000007,1.9800000000000002,182.820000000007,95523.13100000005,0.0019175519576394807
2022-02-23,220,1278.2000000000005,1.9800000000000002,1276.2200000000005,96799.35100000005,0.01336032421299088
2022-02-24,0,0.0,0.0,0.0,96799.35100000005,0.0
2022-02-25,225,1284.7499999999955,2.0250000000000004,1282.7249999999954,98082.07600000004,0.013251380166794658
2022-02-28,0,0.0,0.0,0.0,98082.07600000004,0.0
2022-03-01,225,593.9999999999969,2.0250000000000004,591.974999999997,98674.05100000004,0.00603550642627096
2022-03-02,228,212.04000000000156,2.052,209.98800000000156,98884.03900000003,0.0021280974873525917
2022-03-03,224,-145.5999999999949,2.016,-147.6159999999949,98736.42300000004,-0.0014928192809761224
2022-03-04,228,-827.639999999999,2.052,-829.691999999999,97906.73100000004,-0.008403099634265651
2022-03-07,226,1869.019999999996,2.0340000000000003,1866.9859999999958,99773.71700000003,0.019069026010070697
2022-03-08,237,-3578.6999999999916,4.266000000000001,-3582.9659999999917,96190.75100000005,-0.03591092030780001
2022-03-09,0,0.0,0.0,0.0,96190.75100000005,0.0
2022-03-10,0,0.0,0.0,0.0,96190.75100000005,0.0
2022-03-11,0,0.0,0.0,0.0,96190.75100000005,0.0
2022-03-14,228,-1723.6800000000005,2.052,-1725.7320000000004,94465.01900000004,-0.01794072696240826
2022-03-15,225,477.000000000001,2.0250000000000004,474.97500000000105,94939.99400000005,0.005028051706632281
2022-03-16,220,803.0000000000075,1.9800000000000002,801.0200000000075,95741.01400000005,0.00843711871311059
2022-03-17,220,349.800000000007,1.9800000000000002,347.820000000007,96088.83400000006,0.0036329258012663913
2022-03-18,0,0.0,0.0,0.0,96088.83400000006,0.0
2022-03-21,0,0.0,0.0,0.0,96088.83400000006,0.0
2022-03-22,215,219.3000000000083,1.9350000000000003,217.3650000000083,96306.19900000007,0.002262125482759091
2022-03-23,0,0.0,0.0,0.0,96306.19900000007,0.0
2022-03-24,215,427.85000000000196,1.9350000000000003,425.91500000000195,96732.11400000007,0.004422508669457525
2022-03-25,0,0.0,0.0,0.0,96732.11400000007,0.0
2022-03-28,0,0.0,0.0,0.0,96732.11400000007,0.0
2022-03-29,0,0.0,0.0,0.0,96732.11400000007,0.0
2022-03-30,0,0.0,0.0,0.0,96732.11400000007,0.0
2022-03-31,0,0.0,0.0,0.0,96732.11400000007,0.0
2022-04-01,0,0.0,0.0,0.0,96732.11400000007,0.0
2022-04-04,213,455.8199999999971,1.9170000000000003,453.9029999999971,97186.01700000007,0.004692371346293505
2022-04-05,213,308.8499999999976,1.9170000000000003,306.9329999999976,97492.95000000007,0.003158201246173072
2022-04-06,218,-233.2599999999985,1.9620000000000002,-235.2219999999985,97257.72800000008,-0.0024127077906658722
2022-04-07,218,-117.72000000000446,1.9620000000000002,-119.68200000000446,97138.04600000007,-0.0012305654518271739
2022-04-08,216,-1232.2799999999966,3.8880000000000003,-1236.1679999999965,95901.87800000008,-0.012725889091901185
2022-04-11,215,580.4999999999975,1.9350000000000003,578.5649999999976,96480.44300000009,0.006032884986882082
2022-04-12,217,-1406.160000000004,3.9060000000000006,-1410.066000000004,95070.37700000008,-0.014615044833490272
2022-04-13,217,763.839999999996,1.9530000000000003,761.8869999999961,95832.26400000008,0.008013926356892383
2022-04-14,216,916.920000000001,1.9440000000000002,914.976000000001,96747.24000000008,0.009547682187702465
2022-04-18,0,0.0,0.0,0.0,96747.24000000008,0.0
2022-04-19,220,743.6000000000115,1.9800000000000002,741.6200000000115,97488.86000000009,0.007665541673333636
2022-04-20,0,0.0,0.0,0.0,97488.86000000009,0.0
2022-04-21,217,795.3049999999921,1.9530000000000003,793.3519999999921,98282.21200000009,0.008137873393944615
2022-04-22,224,1843.5199999999913,2.016,1841.5039999999913,100123.71600000007,0.018736900223613094
2022-04-25,236,-1935.1999999999973,2.124,-1937.3239999999973,98186.39200000008,-0.019349301817763096
2022-04-26,230,1777.9000000000042,2.0700000000000003,1775.8300000000042,99962.22200000008,0.01808631485308069
2022-04-27,239,-861.5950000000043,2.1510000000000002,-863.7460000000043,99098.47600000008,-0.008640724292823379
2022-04-28,234,491.4000000000053,2.1060000000000003,489.2940000000053,99587.77000000009,0.004937452317632059
2022-04-29,235,2164.3499999999954,2.115,2162.2349999999956,101750.00500000009,0.021711852770676495
2022-05-02,246,-3429.24,4.428000000000001,-3433.6679999999997,98316.33700000009,-0.033746121191836766
2022-05-03,236,-415.35999999999785,2.124,-417.4839999999979,97898.85300000009,-0.004246333953633744
2022-05-04,234,1226.1600000000021,2.1060000000000003,1224.0540000000021,99122.9070000001,0.01250325169795402
2022-05-05,233,1728.8600000000038,2.0970000000000004,1726.7630000000038,100849.6700000001,0.01742042331345268
2022-05-06,245,-1276.450000000009,2.205,-1278.6550000000088,99571.01500000009,-0.012678821854350219
2022-05-09,245,984.8999999999955,2.205,982.6949999999955,100553.71000000008,0.009869287764114835
2022-05-10,0,0.0,0.0,0.0,100553.71000000008,0.0
2022-05-11,252,-1597.6800000000223,4.5360000000000005,-1602.2160000000224,98951.49400000005,-0.015933932223883347
2022-05-12,0,0.0,0.0,0.0,98951.49400000005,0.0
2022-05-13,249,151.8900000000034,2.241,149.64900000000338,99101.14300000005,0.0015123470495554449
2022-05-16,0,0.0,0.0,0.0,99101.14300000005,0.0
2022-05-17,0,0.0,0.0,0.0,99101.14300000005,0.0
2022-05-18,245,2253.9999999999973,2.205,2251.7949999999973,101352.93800000005,0.022722189995326252
2022-05-19,0,0.0,0.0,0.0,101352.93800000005,0.0
2022-05-20,257,-1320.9799999999964,2.313,-1323.2929999999965,100029.64500000006,-0.013056286538037958
2022-05-23,0,0.0,0.0,0.0,100029.64500000006,0.0
2022-05-24,254,-822.9600000000023,2.2860000000000005,-825.2460000000023,99204.39900000006,-0.008250014283265742
2022-05-25,0,0.0,0.0,0.0,99204.39900000006,0.0
2022-05-26,248,664.6400000000017,2.232,662.4080000000017,99866.80700000006,0.006677203901008476
2022-05-27,244,1047.9800000000039,2.196,1045.784000000004,100912.59100000006,0.010471787688175546
2022-05-31,243,-444.68999999999613,2.1870000000000003,-446.87699999999614,100465.71400000007,-0.004428357210647736
2022-06-01,242,-209.3300000000022,2.1780000000000004,-211.5080000000022,100254.20600000006,-0.0021052754375487947
2022-06-02,244,829.5999999999945,2.196,827.4039999999944,101081.61000000006,0.00825306022572254
2022-06-03,0,0.0,0.0,0.0,101081.61000000006,0.0
2022-06-06,0,0.0,0.0,0.0,101081.61000000006,0.0
2022-06-07,0,0.0,0.0,0.0,101081.61000000006,0.0
2022-06-08,0,0.0,0.0,0.0,101081.61000000006,0.0
2022-06-09,246,730.6200000000067,2.2140000000000004,728.4060000000067,101810.01600000006,0.007206117908094323
2022-06-10,257,169.62000000000643,2.313,167.30700000000644,101977.32300000006,0.001643325544708748
2022-06-13,268,565.4800000000037,2.4120000000000004,563.0680000000036,102540.39100000006,0.0055215020696317285
2022-06-14,0,0.0,0.0,0.0,102540.39100000006,0.0
2022-06-15,271,-837.3900000000086,2.4390000000000005,-839.8290000000086,101700.56200000005,-0.008190226229974177
2022-06-16,274,460.32000000000187,2.466,457.85400000000186,102158.41600000006,0.004501981021501156
2022-06-17,279,-756.0899999999942,2.511,-758.6009999999942,101399.81500000006,-0.007425731816358564
2022-06-21,272,73.43999999999505,2.4480000000000004,70.99199999999504,101470.80700000006,0.0007001196205337752
2022-06-22,0,0.0,0.0,0.0,101470.80700000006,0.0
2022-06-23,0,0.0,0.0,0.0,101470.80700000006,0.0
2022-06-24,266,1667.8199999999952,2.394,1665.4259999999952,103136.23300000005,0.016412858527871905
2022-06-27,263,-165.6899999999988,2.3670000000000004,-168.0569999999988,102968.17600000005,-0.0016294661450355543
2022-06-28,263,-347.16000000001327,4.734000000000001,-351.89400000001325,102616.28200000004,-0.0034175025106787664
2022-06-29,0,0.0,0.0,0.0,102616.28200000004,0.0
2022-06-30,272,-1077.12000000001,2.4480000000000004,-1079.56800000001,101536.71400000002,-0.010520435733580852
2022-07-01,0,0.0,0.0,0.0,101536.71400000002,0.0
2022-07-05,269,-2221.939999999998,2.4210000000000003,-2224.3609999999976,99312.35300000002,-0.021906962638164527
2022-07-06,0,0.0,0.0,0.0,99312.35300000002,0.0
2022-07-07,257,391.92499999999416,2.313,389.61199999999417,99701.96500000001,0.003923097059234858
2022-07-08,0,0.0,0.0,0.0,99701.96500000001,0.0
2022-07-11,0,0.0,0.0,0.0,99701.96500000001,0.0
2022-07-12,0,0.0,0.0,0.0,99701.96500000001,0.0
2022-07-13,0,0.0,0.0,0.0,99701.96500000001,0.0
2022-07-14,266,-1601.3199999999952,2.394,-1603.7139999999952,98098.25100000002,-0.016085079165691418
2022-07-15,0,0.0,0.0,0.0,98098.25100000002,0.0
2022-07-18,0,0.0,0.0,0.0,98098.25100000002,0.0
2022-07-19,254,1033.7799999999984,2.2860000000000005,1031.4939999999983,99129.74500000001,0.010514907141412726
2022-07-20,252,-270.89999999999714,2.2680000000000002,-273.1679999999971,98856.57700000002,-0.002755661280072869
2022-07-21,250,-922.4999999999995,4.500000000000001,-926.9999999999995,97929.57700000002,-0.00937722130516414
2022-07-22,245,382.20000000000056,2.205,379.9950000000006,98309.57200000001,0.0038802883831510933
2022-07-25,0,0.0,0.0,0.0,98309.57200000001,0.0
2022-07-26,249,131.9699999999932,2.241,129.7289999999932,98439.301,0.001319596834375326
2022-07-27,249,1215.119999999999,2.241,1212.878999999999,99652.18000000001,0.012321085051182951
2022-07-28,247,-605.1499999999971,4.446000000000001,-609.5959999999972,99042.58400000002,-0.006117236973641691
2022-07-29,242,735.680000000005,2.1780000000000004,733.502000000005,99776.08600000002,0.007405925515836752
2022-08-01,0,0.0,0.0,0.0,99776.08600000002,0.0
2022-08-02,0,0.0,0.0,0.0,99776.08600000002,0.0
2022-08-03,243,750.869999999994,2.1870000000000003,748.682999999994,100524.76900000001,0.007503631681844022
2022-08-04,0,0.0,0.0,0.0,100524.76900000001,0.0
2022-08-05,0,0.0,0.0,0.0,100524.76900000001,0.0
2022-08-08,242,-1028.5,2.1780000000000004,-1030.678,99494.09100000001,-0.010252975562669533
2022-08-09,0,0.0,0.0,0.0,99494.09100000001,0.0
2022-08-10,0,0.0,0.0,0.0,99494.09100000001,0.0
2022-08-11,0,0.0,0.0,0.0,99494.09100000001,0.0
2022-08-12,235,835.4249999999882,2.115,833.3099999999882,100327.401,0.008375472267996177
2022-08-15,0,0.0,0.0,0.0,100327.401,0.0
2022-08-16,0,0.0,0.0,0.0,100327.401,0.0
2022-08-17,0,0.0,0.0,0.0,100327.401,0.0
2022-08-18,0,0.0,0.0,0.0,100327.401,0.0
2022-08-19,236,231.2800000000043,2.124,229.1560000000043,100556.557,0.0022840818930414063
2022-08-22,241,354.2699999999929,2.169,352.1009999999929,100908.658,0.0035015220340130866
2022-08-23,0,0.0,0.0,0.0,100908.658,0.0
2022-08-24,244,-200.07999999999834,2.196,-202.27599999999833,100706.382,-0.0020045455366178625
2022-08-25,242,745.3599999999961,2.1780000000000004,743.1819999999962,101449.564,0.007379691189779772
2022-08-26,241,2248.529999999996,2.169,2246.3609999999962,103695.92499999999,0.02214263828674509
2022-08-29,0,0.0,0.0,0.0,103695.92499999999,0.0
2022-08-30,256,465.91999999999825,2.3040000000000003,463.6159999999983,104159.54099999998,0.004470918215927948
2022-08-31,0,0.0,0.0,0.0,104159.54099999998,0.0
2022-09-01,265,-1592.6499999999976,2.3850000000000002,-1595.0349999999976,102564.50599999998,-0.01531338353343932
2022-09-02,256,304.6399999999994,2.3040000000000003,302.33599999999944,102866.84199999998,0.002947764404968708
2022-09-06,261,-114.8399999999994,2.349,-117.18899999999941,102749.65299999998,-0.001139230073768566
2022-09-07,263,1338.6699999999935,2.3670000000000004,1336.3029999999935,104085.95599999998,0.013005425916134176
2022-09-08,263,123.61000000000718,2.3670000000000004,121.24300000000717,104207.19899999998,0.0011648353405142111
2022-09-09,258,570.1799999999947,2.322,567.8579999999947,104775.05699999997,0.005449316414310252
2022-09-12,256,-7.680000000007567,2.3040000000000003,-9.984000000007567,104765.07299999996,-9.528985510365859e-05
2022-09-13,260,1404.0000000000089,2.3400000000000003,1401.660000000009,106166.73299999996,0.013379077204480252
2022-09-14,0,0.0,0.0,0.0,106166.73299999996,0.0
2022-09-15,0,0.0,0.0,0.0,106166.73299999996,0.0
2022-09-16,276,-841.8000000000031,2.4840000000000004,-844.2840000000032,105322.44899999996,-0.007952434591728497
2022-09-19,0,0.0,0.0,0.0,105322.44899999996,0.0
2022-09-20,273,-767.1300000000006,2.4570000000000003,-769.5870000000006,104552.86199999996,-0.007306960741104689
2022-09-21,0,0.0,0.0,0.0,104552.86199999996,0.0
2022-09-22,277,163.42999999999307,2.4930000000000003,160.93699999999308,104713.79899999996,0.001539288326703033
2022-09-23,282,-132.53999999999166,2.5380000000000003,-135.07799999999168,104578.72099999996,-0.0012899732536682366
2022-09-26,285,-1955.100000000004,5.130000000000001,-1960.230000000004,102618.49099999995,-0.01874406171022119
2022-09-27,278,-326.64999999998736,2.5020000000000002,-329.15199999998737,102289.33899999996,-0.0032075310871603788
2022-09-28,280,1136.8000000000006,2.5200000000000005,1134.2800000000007,103423.61899999996,0.011088936648617908
2022-09-29,281,129.26000000001022,2.5290000000000004,126.73100000001023,103550.34999999998,0.0012253583970989284
2022-09-30,286,-2325.1799999999985,2.5740000000000003,-2327.7539999999985,101222.59599999998,-0.022479441160749326
2022-10-03,280,599.2000000000121,2.5200000000000005,596.6800000000121,101819.27599999998,0.005894731251508431
2022-10-04,273,514.6049999999975,2.4570000000000003,512.1479999999975,102331.42399999998,0.005029970945776492
2022-10-05,0,0.0,0.0,0.0,102331.42399999998,0.0
2022-10-06,0,0.0,0.0,0.0,102331.42399999998,0.0
2022-10-07,277,756.210000000005,2.4930000000000003,753.717000000005,103085.14099999999,0.00736545012800765
2022-10-10,283,11.320000000005791,2.547,8.77300000000579,103093.91399999999,8.510440898563443e-05
2022-10-11,287,-387.4500000000065,2.583,-390.03300000000655,102703.88099999998,-0.003783278613323446
2022-10-12,0,0.0,0.0,0.0,102703.88099999998,0.0
2022-10-13,294,1637.579999999998,2.6460000000000004,1634.9339999999982,104338.81499999997,0.01591891157452948
2022-10-14,283,1209.8249999999935,2.547,1207.2779999999934,105546.09299999996,0.011570746706295196
2022-10-17,289,212.41500000000394,2.6010000000000004,209.81400000000394,105755.90699999996,0.0019878897838502088
2022-10-18,0,0.0,0.0,0.0,105755.90699999996,0.0
2022-10-19,0,0.0,0.0,0.0,105755.90699999996,0.0
2022-10-20,287,-1954.4700000000007,2.583,-1957.0530000000008,103798.85399999996,-0.01850537767124442
2022-10-21,284,1439.879999999998,2.5560000000000005,1437.323999999998,105236.17799999996,0.01384720490266683
2022-10-24,0,0.0,0.0,0.0,105236.17799999996,0.0
2022-10-25,277,631.5599999999924,2.4930000000000003,629.0669999999924,105865.24499999995,0.005977668630268886
2022-10-26,0,0.0,0.0,0.0,105865.24499999995,0.0
2022-10-27,0,0.0,0.0,0.0,105865.24499999995,0.0
2022-10-28,278,1773.6399999999987,2.5020000000000002,1771.1379999999988,107636.38299999994,0.016730117613197794
2022-10-31,0,0.0,0.0,0.0,107636.38299999994,0.0
2022-11-01,0,0.0,0.0,0.0,107636.38299999994,0.0
2022-11-02,280,558.6000000000013,2.5200000000000005,556.0800000000013,108192.46299999995,0.005166282854376494
2022-11-03,291,-533.9850000000106,2.619,-536.6040000000106,107655.85899999994,-0.004959717018365789
2022-11-04,0,0.0,0.0,0.0,107655.85899999994,0.0
2022-11-07,0,0.0,0.0,0.0,107655.85899999994,0.0
2022-11-08,282,-589.379999999993,2.5380000000000003,-591.917999999993,107063.94099999995,-0.005498242320466676
2022-11-09,281,536.709999999991,2.5290000000000004,534.1809999999911,107598.12199999994,0.004989364252899969
2022-11-10,277,1123.235000000002,2.4930000000000003,1120.742000000002,108718.86399999994,0.010415999639845039
2022-11-11,274,-205.5,2.466,-207.966,108510.89799999994,-0.0019128787070475655
2022-11-14,0,0.0,0.0,0.0,108510.89799999994,0.0
2022-11-15,0,0.0,0.0,0.0,108510.89799999994,0.0
2022-11-16,0,0.0,0.0,0.0,108510.89799999994,0.0
2022-11-17,0,0.0,0.0,0.0,108510.89799999994,0.0
2022-11-18,0,0.0,0.0,0.0,108510.89799999994,0.0
2022-11-21,0,0.0,0.0,0.0,108510.89799999994,0.0
2022-11-22,273,116.0250000000031,2.4570000000000003,113.56800000000311,108624.46599999994,0.0010466045539499929
2022-11-23,271,224.9299999999957,2.4390000000000005,222.4909999999957,108846.95699999994,0.0020482586307949795
2022-11-28,272,24.48000000000866,2.4480000000000004,22.032000000008658,108868.98899999994,0.00020241264071359084
2022-11-29,274,-491.83000000000436,2.466,-494.29600000000437,108374.69299999994,-0.004540282816441004
2022-11-30,274,501.4199999999955,4.932,496.4879999999955,108871.18099999994,0.0045812171297223035
2022-12-01,266,-561.2600000000036,2.394,-563.6540000000036,108307.52699999993,-0.0051772562290842055
2022-12-02,0,0.0,0.0,0.0,108307.52699999993,0.0
2022-12-05,268,774.5199999999963,2.4120000000000004,772.1079999999963,109079.63499999992,0.007128848948790021
2022-12-06,273,851.7600000000012,2.4570000000000003,849.3030000000012,109928.93799999992,0.007786082159149156
2022-12-07,0,0.0,0.0,0.0,109928.93799999992,0.0
2022-12-08,278,-12.510000000004425,2.5020000000000002,-15.012000000004425,109913.92599999992,-0.00013656094812818475
2022-12-09,0,0.0,0.0,0.0,109913.92599999992,0.0
2022-12-12,278,200.15999999999178,2.5020000000000002,197.65799999999177,110111.58399999992,0.0017982980609753847
2022-12-13,0,0.0,0.0,0.0,110111.58399999992,0.0
2022-12-14,274,-1223.4100000000087,2.466,-1225.8760000000086,108885.70799999991,-0.011133033923115751
2022-12-15,276,507.8399999999931,2.4840000000000004,505.3559999999931,109391.06399999991,0.00464116006850039
2022-12-16,284,-195.95999999999935,2.5560000000000005,-198.51599999999937,109192.54799999991,-0.0018147368966079306
2022-12-19,284,678.7599999999961,2.5560000000000005,676.2039999999961,109868.7519999999,0.006192766927647816
2022-12-20,0,0.0,0.0,0.0,109868.7519999999,0.0
2022-12-21,286,-143.0,2.5740000000000003,-145.574,109723.17799999991,-0.0013249809190514891
2022-12-22,286,207.34999999999025,2.5740000000000003,204.77599999999023,109927.9539999999,0.001866296654294778
2022-12-23,289,-1182.0099999999927,2.6010000000000004,-1184.6109999999928,108743.3429999999,-0.01077624896029625
2022-12-27,284,-222.93999999999096,2.5560000000000005,-225.49599999999097,108517.84699999992,-0.0020736533729700693
2022-12-28,284,692.9599999999994,2.5560000000000005,690.4039999999993,109208.25099999992,0.006362124010809022
2022-12-29,287,473.5499999999935,2.583,470.96699999999345,109679.2179999999,0.004312558764447146
2022-12-30,0,0.0,0.0,0.0,109679.2179999999,0.0
2023-01-03,285,-518.699999999998,2.5650000000000004,-521.264999999998,109157.9529999999,-0.004752632353742698
2023-01-04,0,0.0,0.0,0.0,109157.9529999999,0.0
2023-01-05,286,168.7400000000091,2.5740000000000003,166.1660000000091,109324.11899999992,0.0015222528036963944
2023-01-06,285,773.7749999999928,2.5650000000000004,771.2099999999928,110095.32899999991,0.007054344522090256
2023-01-09,282,-1345.1400000000108,2.5380000000000003,-1347.6780000000108,108747.6509999999,-0.012241009788889517
2023-01-10,0,0.0,0.0,0.0,108747.6509999999,0.0
2023-01-11,0,0.0,0.0,0.0,108747.6509999999,0.0
2023-01-12,274,-909.6799999999981,2.466,-912.1459999999981,107835.5049999999,-0.008387730600268314
2023-01-13,0,0.0,0.0,0.0,107835.5049999999,0.0
2023-01-17,0,0.0,0.0,0.0,107835.5049999999,0.0
2023-01-18,270,997.6500000000135,2.43,995.2200000000136,108830.72499999992,0.009229056793493149
2023-01-19,0,0.0,0.0,0.0,108830.72499999992,0.0
2023-01-20,279,966.7349999999931,2.511,964.2239999999931,109794.9489999999,0.008859850929045945
2023-01-23,276,743.8199999999981,2.4840000000000004,741.3359999999981,110536.2849999999,0.006752004593581064
2023-01-24,0,0.0,0.0,0.0,110536.2849999999,0.0
2023-01-25,279,-1657.2599999999993,2.511,-1659.7709999999993,108876.51399999991,-0.015015621340992243
2023-01-26,0,0.0,0.0,0.0,108876.51399999991,0.0
2023-01-27,0,0.0,0.0,0.0,108876.51399999991,0.0
2023-01-30,0,0.0,0.0,0.0,108876.51399999991,0.0
2023-01-31,271,1025.7350000000067,2.4390000000000005,1023.2960000000068,109899.80999999991,0.00939868445824788
2023-02-01,271,-163.95500000000493,2.4390000000000005,-166.39400000000492,109733.41599999991,-0.0015140517531377449
2023-02-02,264,55.440000000009604,2.3760000000000003,53.06400000000961,109786.47999999992,0.0004835719321816214
2023-02-03,0,0.0,0.0,0.0,109786.47999999992,0.0
2023-02-06,0,0.0,0.0,0.0,109786.47999999992,0.0
2023-02-07,268,227.8000000000061,2.4120000000000004,225.3880000000061,110011.86799999993,0.002052966813400031
2023-02-08,266,0.0,2.394,-2.394,110009.47399999993,-2.1761288518435136e-05
2023-02-09,265,308.7250000000054,2.3850000000000002,306.34000000000543,110315.81399999994,0.0027846692549407664
2023-02-10,0,0.0,0.0,0.0,110315.81399999994,0.0
2023-02-13,269,640.2199999999988,2.4210000000000003,637.7989999999987,110953.61299999994,0.005781573619173032
2023-02-14,269,-875.5950000000141,2.4210000000000003,-878.0160000000142,110075.59699999992,-0.007913361054768128
2023-02-15,0,0.0,0.0,0.0,110075.59699999992,0.0
2023-02-16,0,0.0,0.0,0.0,110075.59699999992,0.0
2023-02-17,271,-686.9849999999914,2.4390000000000005,-689.4239999999913,109386.17299999994,-0.006263186562594721
2023-02-21,271,715.4399999999963,2.4390000000000005,713.0009999999963,110099.17399999993,0.006518200431054451
2023-02-22,0,0.0,0.0,0.0,110099.17399999993,0.0
2023-02-23,274,-1135.7300000000105,2.466,-1138.1960000000104,108960.97799999992,-0.010337915886635182
2023-02-24,275,-561.0000000000057,2.475,-563.4750000000057,108397.50299999991,-0.005171346754982376
2023-02-27,0,0.0,0.0,0.0,108397.50299999991,0.0
2023-02-28,0,0.0,0.0,0.0,108397.50299999991,0.0
2023-03-01,0,0.0,0.0,0.0,108397.50299999991,0.0
2023-03-02,276,237.35999999998808,2.4840000000000004,234.87599999998807,108632.3789999999,0.0021668026799472333
2023-03-03,271,982.375,2.4390000000000005,979.936,109612.3149999999,0.009020662246566476
2023-03-06,270,-626.3999999999982,2.43,-628.8299999999981,108983.4849999999,-0.0057368553889223005
2023-03-07,269,898.4599999999932,2.4210000000000003,896.0389999999932,109879.52399999989,0.008221786998277712
2023-03-08,0,0.0,0.0,0.0,109879.52399999989,0.0
2023-03-09,274,93.1600000000085,4.932,88.22800000000849,109967.75199999989,0.0008029521496653788
2023-03-10,281,989.1199999999949,2.5290000000000004,986.5909999999949,110954.34299999989,0.00897163924929552
2023-03-13,290,-667.0000000000033,2.6100000000000003,-669.6100000000033,110284.73299999989,-0.006035004866821698
2023-03-14,282,-166.37999999999295,2.5380000000000003,-168.91799999999296,110115.8149999999,-0.00153165352451815
2023-03-15,0,0.0,0.0,0.0,110115.8149999999,0.0
2023-03-16,284,1215.5199999999923,2.5560000000000005,1212.9639999999922,111328.7789999999,0.011015347795409709
2023-03-17,283,305.6399999999955,2.547,303.09299999999547,111631.87199999989,0.002722503585528372
2023-03-20,285,341.99999999999676,2.5650000000000004,339.43499999999676,111971.30699999988,0.0030406638706192896
2023-03-21,0,0.0,0.0,0.0,111971.30699999988,0.0
2023-03-22,0,0.0,0.0,0.0,111971.30699999988,0.0
2023-03-23,283,-965.029999999991,2.547,-967.576999999991,111003.7299999999,-0.008641294148687502
2023-03-24,0,0.0,0.0,0.0,111003.7299999999,0.0
2023-03-27,0,0.0,0.0,0.0,111003.7299999999,0.0
2023-03-28,0,0.0,0.0,0.0,111003.7299999999,0.0
2023-03-29,0,0.0,0.0,0.0,111003.7299999999,0.0
2023-03-30,0,0.0,0.0,0.0,111003.7299999999,0.0
2023-03-31,274,1043.9400000000005,2.466,1041.4740000000006,112045.2039999999,0.009382333368437273
2023-04-03,274,228.7899999999944,2.466,226.32399999999438,112271.52799999989,0.0020199347399108185
2023-04-04,272,46.24000000000433,2.4480000000000004,43.79200000000433,112315.31999999989,0.00039005436890468233
2023-04-05,0,0.0,0.0,0.0,112315.31999999989,0.0
2023-04-06,276,-720.3600000000038,4.968000000000001,-725.3280000000037,111589.99199999988,-0.006457961389416907
2023-04-10,0,0.0,0.0,0.0,111589.99199999988,0.0
2023-04-11,0,0.0,0.0,0.0,111589.99199999988,0.0
2023-04-12,270,-129.6000000000049,2.43,-132.03000000000492,111457.96199999988,-0.0011831706198169192
2023-04-13,272,699.0399999999981,2.4480000000000004,696.5919999999982,112154.55399999989,0.0062498182050018
2023-04-14,271,-1012.1849999999883,4.878000000000001,-1017.0629999999884,111137.49099999989,-0.00906840572875881
2023-04-17,0,0.0,0.0,0.0,111137.49099999989,0.0
2023-04-18,0,0.0,0.0,0.0,111137.49099999989,0.0
2023-04-19,0,0.0,0.0,0.0,111137.49099999989,0.0
2023-04-20,0,0.0,0.0,0.0,111137.49099999989,0.0
2023-04-21,269,-330.8700000000049,2.4210000000000003,-333.2910000000049,110804.19999999988,-0.0029989070024984206
2023-04-24,268,-104.51999999999634,2.4120000000000004,-106.93199999999635,110697.26799999988,-0.0009650536712506968
2023-04-25,269,910.5649999999976,2.4210000000000003,908.1439999999975,111605.41199999988,0.008203851968595995
2023-04-26,274,276.7399999999975,2.466,274.2739999999975,111879.68599999987,0.0024575331526037266
2023-04-27,274,1142.5800000000045,2.466,1140.1140000000046,113019.79999999987,0.010190536287347158
2023-04-28,274,330.16999999999564,2.466,327.70399999999563,113347.50399999987,0.0028995273394572985
2023-05-01,0,0.0,0.0,0.0,113347.50399999987,0.0
2023-05-02,273,828.5550000000069,2.4570000000000003,826.0980000000069,114173.60199999988,0.007288188719179981
2023-05-03,277,-1189.7150000000045,2.4930000000000003,-1192.2080000000044,112981.39399999988,-0.010442063481539329
2023-05-04,277,174.5100000000145,2.4930000000000003,172.0170000000145,113153.4109999999,0.0015225250274396036
2023-05-05,276,688.6200000000013,2.4840000000000004,686.1360000000012,113839.5469999999,0.006063767710900043
2023-05-08,0,0.0,0.0,0.0,113839.5469999999,0.0
2023-05-09,0,0.0,0.0,0.0,113839.5469999999,0.0
2023-05-10,0,0.0,0.0,0.0,113839.5469999999,0.0
2023-05-11,276,-489.8999999999937,2.4840000000000004,-492.3839999999937,113347.16299999991,-0.00432524560204016
2023-05-12,274,-419.2200000000081,2.466,-421.6860000000081,112925.47699999991,-0.0037203048478593897
2023-05-15,0,0.0,0.0,0.0,112925.47699999991,0.0
2023-05-16,0,0.0,0.0,0.0,112925.47699999991,0.0
2023-05-17,273,177.4499999999938,2.4570000000000003,174.9929999999938,113100.4699999999,0.0015496325953087977
2023-05-18,272,616.0799999999963,2.4480000000000004,613.6319999999963,113714.1019999999,0.005425547745292278
2023-05-19,0,0.0,0.0,0.0,113714.1019999999,0.0
2023-05-22,0,0.0,0.0,0.0,113714.1019999999,0.0
2023-05-23,272,61.200000000006185,2.4480000000000004,58.752000000006184,113772.8539999999,0.0005166641512941486
2023-05-24,275,27.49999999999062,2.475,25.02499999999062,113797.8789999999,0.00021995580773591773
2023-05-25,0,0.0,0.0,0.0,113797.8789999999,0.0
2023-05-26,273,816.269999999987,2.4570000000000003,813.812999999987,114611.69199999988,0.007151389877837598
2023-05-30,0,0.0,0.0,0.0,114611.69199999988,0.0
2023-05-31,274,-279.4800000000106,2.466,-281.9460000000106,114329.74599999987,-0.0024600107988983436
2023-06-01,273,657.9300000000069,2.4570000000000003,655.4730000000069,114985.21899999988,0.0057331798847870055
2023-06-02,270,238.94999999999754,2.43,236.51999999999754,115221.73899999988,0.0020569600341414124
2023-06-05,0,0.0,0.0,0.0,115221.73899999988,0.0
2023-06-06,0,0.0,0.0,0.0,115221.73899999988,0.0
2023-06-07,268,-728.9600000000073,2.4120000000000004,-731.3720000000073,114490.36699999988,-0.0063475174593572836
2023-06-08,268,308.20000000000914,2.4120000000000004,305.78800000000916,114796.1549999999,0.0026708622569094347
2023-06-09,266,-273.97999999999274,2.394,-276.37399999999275,114519.7809999999,-0.0024075196595216364
2023-06-12,265,140.44999999999277,2.3850000000000002,138.06499999999278,114657.84599999989,0.0012055995810889028
2023-06-13,0,0.0,0.0,0.0,114657.84599999989,0.0
2023-06-14,262,-1792.0799999999936,4.716,-1796.7959999999935,112861.0499999999,-0.015670938035936898
2023-06-15,258,993.2999999999912,2.322,990.9779999999912,113852.02799999989,0.008780513737910396
2023-06-16,256,512.0,2.3040000000000003,509.696,114361.72399999989,0.004476828467210092
2023-06-20,261,-553.3200000000012,2.349,-555.6690000000012,113806.05499999989,-0.00485887218699153
2023-06-21,260,137.7999999999929,2.3400000000000003,135.4599999999929,113941.51499999988,0.0011902705879752447
2023-06-22,0,0.0,0.0,0.0,113941.51499999988,0.0
2023-06-23,0,0.0,0.0,0.0,113941.51499999988,0.0
2023-06-26,263,-752.1800000000036,2.3670000000000004,-754.5470000000035,113186.96799999988,-0.0066222307119578345
2023-06-27,261,601.6050000000018,2.349,599.2560000000018,113786.22399999989,0.005294390428410472
2023-06-28,0,0.0,0.0,0.0,113786.22399999989,0.0
2023-06-29,261,133.10999999999763,2.349,130.76099999999764,113916.98499999988,0.0011491812928074471
2023-06-30,258,214.14000000001056,2.322,211.81800000001056,114128.8029999999,0.0018594066547671603
2023-07-05,0,0.0,0.0,0.0,114128.8029999999,0.0
2023-07-06,259,-385.91000000000236,2.3310000000000004,-388.2410000000024,113740.56199999989,-0.00340177930368728
2023-07-07,259,-968.6600000000024,2.3310000000000004,-970.9910000000024,112769.57099999988,-0.008536892933586906
2023-07-10,0,0.0,0.0,0.0,112769.57099999988,0.0
2023-07-11,0,0.0,0.0,0.0,112769.57099999988,0.0
2023-07-12,0,0.0,0.0,0.0,112769.57099999988,0.0
2023-07-13,251,85.34000000000799,2.2590000000000003,83.08100000000799,112852.65199999989,0.0007367324293537312
2023-07-14,0,0.0,0.0,0.0,112852.65199999989,0.0
2023-07-17,251,117.97000000000685,2.2590000000000003,115.71100000000685,112968.3629999999,0.0010253281420449646
2023-07-18,250,473.75000000000966,2.2500000000000004,471.50000000000966,113439.86299999991,0.004173734906648245
2023-07-19,249,-252.7349999999966,2.241,-254.97599999999662,113184.88699999992,-0.002247675493049536
2023-07-20,249,-34.8599999999966,2.241,-37.1009999999966,113147.78599999992,-0.0003277911122533226
2023-07-21,0,0.0,0.0,0.0,113147.78599999992,0.0
2023-07-24,249,-28.635000000002265,2.241,-30.876000000002264,113116.90999999992,-0.00027288205179730414
2023-07-25,249,0.0,2.241,-2.241,113114.66899999992,-1.9811361537368742e-05
2023-07-26,0,0.0,0.0,0.0,113114.66899999992,0.0
2023-07-27,246,349.3200000000039,2.2140000000000004,347.1060000000039,113461.77499999992,0.003068620569450671
2023-07-28,248,17.360000000012406,2.232,15.128000000012406,113476.90299999993,0.00013333124746208507
2023-07-31,0,0.0,0.0,0.0,113476.90299999993,0.0
2023-08-01,0,0.0,0.0,0.0,113476.90299999993,0.0
2023-08-02,250,447.4999999999909,2.2500000000000004,445.2499999999909,113922.15299999992,0.003923705954505924
2023-08-03,0,0.0,0.0,0.0,113922.15299999992,0.0
2023-08-04,252,-1443.9599999999903,2.2680000000000002,-1446.2279999999903,112475.92499999993,-0.012694879458607066
2023-08-07,250,263.7500000000017,2.2500000000000004,261.5000000000017,112737.42499999993,0.002324941982028615
2023-08-08,251,-582.3199999999983,2.2590000000000003,-584.5789999999984,112152.84599999993,-0.00518531445968363
2023-08-09,249,390.9299999999983,2.241,388.6889999999983,112541.53499999993,0.0034657078608598
2023-08-10,251,-1362.9300000000017,2.2590000000000003,-1365.1890000000017,111176.34599999993,-0.012130534739907382
2023-08-11,0,0.0,0.0,0.0,111176.34599999993,0.0
2023-08-14,249,204.18000000001246,2.241,201.93900000001244,111378.28499999995,0.001816384575186637
2023-08-15,249,557.7600000000023,2.241,555.5190000000023,111933.80399999995,0.004987677804519998
2023-08-16,252,124.74000000000115,2.2680000000000002,122.47200000000115,112056.27599999994,0.0010941466797644186
2023-08-17,254,217.17000000000462,2.2860000000000005,214.88400000000462,112271.15999999995,0.001917643595437749
2023-08-18,0,0.0,0.0,0.0,112271.15999999995,0.0
2023-08-21,256,142.08000000000175,2.3040000000000003,139.77600000000174,112410.93599999994,0.0012449858004495707
2023-08-22,0,0.0,0.0,0.0,112410.93599999994,0.0
2023-08-23,255,643.8750000000086,2.2950000000000004,641.5800000000087,113052.51599999995,0.00570745180878139
2023-08-24,254,1068.069999999996,2.2860000000000005,1065.783999999996,114118.29999999994,0.009427335522545969
2023-08-25,260,-227.5,2.3400000000000003,-229.84,113888.45999999995,-0.0020140503319800605
2023-08-28,0,0.0,0.0,0.0,113888.45999999995,0.0
2023-08-29,257,1310.7000000000057,2.313,1308.3870000000056,115196.84699999995,0.011488319360890526
2023-08-30,256,-58.88000000000466,2.3040000000000003,-61.18400000000466,115135.66299999994,-0.0005311256479094839
2023-08-31,0,0.0,0.0,0.0,115135.66299999994,0.0
2023-09-01,0,0.0,0.0,0.0,115135.66299999994,0.0
2023-09-05,255,45.90000000000174,2.2950000000000004,43.60500000000174,115179.26799999994,0.0003787271368733227
2023-09-06,256,-37.11999999999534,2.3040000000000003,-39.423999999995345,115139.84399999994,-0.0003422838214251836
2023-09-07,0,0.0,0.0,0.0,115139.84399999994,0.0
2023-09-08,258,-77.40000000000293,2.322,-79.72200000000294,115060.12199999993,-0.0006923928088699076
2023-09-11,0,0.0,0.0,0.0,115060.12199999993,0.0
2023-09-12,0,0.0,0.0,0.0,115060.12199999993,0.0
2023-09-13,257,-128.5,2.313,-130.813,114929.30899999994,-0.0011369099712930956
2023-09-14,0,0.0,0.0,0.0,114929.30899999994,0.0
2023-09-15,256,835.8399999999965,2.3040000000000003,833.5359999999965,115762.84499999993,0.007252597333548721
2023-09-18,0,0.0,0.0,0.0,115762.84499999993,0.0
2023-09-19,261,-298.84499999999525,2.349,-301.19399999999524,115461.65099999994,-0.0026018192624757573
2023-09-20,260,612.3000000000047,2.3400000000000003,609.9600000000047,116071.61099999995,0.005282792985525601
2023-09-21,266,788.6899999999933,2.394,786.2959999999933,116857.90699999993,0.006774231814530374
2023-09-22,270,-970.6500000000074,2.43,-973.0800000000073,115884.82699999993,-0.00832703601306164
2023-09-25,270,89.10000000001105,2.43,86.67000000001104,115971.49699999994,0.0007478977381569642
2023-09-26,270,556.2000000000006,2.43,553.7700000000007,116525.26699999995,0.004775052614867953
2023-09-27,272,-486.88000000000557,2.4480000000000004,-489.32800000000555,116035.93899999994,-0.0041993295754474075
2023-09-28,272,440.64000000000124,2.4480000000000004,438.19200000000126,116474.13099999994,0.0037763472573786082
2023-09-29,269,-269.0,2.4210000000000003,-271.421,116202.70999999993,-0.002330311440572157
2023-10-02,0,0.0,0.0,0.0,116202.70999999993,0.0
2023-10-03,273,232.0499999999907,2.4570000000000003,229.5929999999907,116432.30299999993,0.001975797294228257
2023-10-04,275,-701.2500000000032,4.95,-706.2000000000032,115726.10299999993,-0.006065327076799329
2023-10-05,272,-282.88000000000557,2.4480000000000004,-285.32800000000555,115440.77499999992,-0.0024655457377667483
2023-10-06,273,135.13500000000124,2.4570000000000003,132.67800000000125,115573.45299999992,0.0011493166084514015
2023-10-09,270,27.00000000000614,2.43,24.57000000000614,115598.02299999993,0.00021259207337178163
2023-10-10,266,-167.5799999999988,2.394,-169.9739999999988,115428.04899999993,-0.0014703884684948193
2023-10-11,0,0.0,0.0,0.0,115428.04899999993,0.0
2023-10-12,264,456.7200000000048,2.3760000000000003,454.3440000000048,115882.39299999994,0.003936166329901366
2023-10-13,266,-1869.980000000008,4.788,-1874.768000000008,114007.62499999993,-0.016178195422664503
2023-10-16,262,18.339999999998213,2.358,15.981999999998212,114023.60699999993,0.00014018360614036319
2023-10-17,0,0.0,0.0,0.0,114023.60699999993,0.0
2023-10-18,262,73.35999999999285,2.358,71.00199999999285,114094.60899999992,0.0006226956142511164
2023-10-19,264,133.3199999999988,2.3760000000000003,130.9439999999988,114225.55299999993,0.0011476791160220277
2023-10-20,268,1010.3599999999951,2.4120000000000004,1007.9479999999951,115233.50099999992,0.008824190152968625
2023-10-23,274,-1076.820000000002,2.466,-1079.2860000000019,114154.21499999991,-0.009366078359452107
2023-10-24,270,-78.30000000000553,2.43,-80.73000000000553,114073.4849999999,-0.0007072012189826332
2023-10-25,270,599.399999999992,2.43,596.9699999999921,114670.45499999989,0.005233205595498311
2023-10-26,275,717.7499999999882,2.475,715.2749999999882,115385.72999999988,0.0062376572936768135
2023-10-27,278,-286.3399999999924,2.5020000000000002,-288.8419999999924,115096.88799999989,-0.0025032731517146247
2023-10-30,278,208.5,2.5020000000000002,205.998,115302.8859999999,0.001789779059882142
2023-10-31,277,-950.110000000002,2.4930000000000003,-952.603000000002,114350.2829999999,-0.008261744636643378
2023-11-01,272,380.8000000000093,2.4480000000000004,378.3520000000093,114728.63499999991,0.0033087106570607234
2023-11-02,268,852.2400000000018,2.4120000000000004,849.8280000000018,115578.46299999992,0.00740728764009092
2023-11-03,266,-47.879999999986694,2.394,-50.27399999998669,115528.18899999993,-0.00043497723273917154
2023-11-06,0,0.0,0.0,0.0,115528.18899999993,0.0
2023-11-07,265,-67.5749999999988,2.3850000000000002,-69.9599999999988,115458.22899999993,-0.0006055664907895236
2023-11-08,0,0.0,0.0,0.0,115458.22899999993,0.0
2023-11-09,263,228.8100000000012,2.3670000000000004,226.4430000000012,115684.67199999993,0.0019612547495423765
2023-11-10,265,518.0750000000108,2.3850000000000002,515.6900000000109,116200.36199999995,0.0044577210712929295
2023-11-13,0,0.0,0.0,0.0,116200.36199999995,0.0
2023-11-14,260,176.80000000000177,2.3400000000000003,174.46000000000177,116374.82199999996,0.0015013722590640625
2023-11-15,0,0.0,0.0,0.0,116374.82199999996,0.0
2023-11-16,0,0.0,0.0,0.0,116374.82199999996,0.0
2023-11-17,0,0.0,0.0,0.0,116374.82199999996,0.0
2023-11-20,258,539.2199999999935,2.322,536.8979999999935,116911.71999999994,0.004613523705325141
2023-11-21,257,-287.83999999998656,2.313,-290.15299999998655,116621.56699999995,-0.0024818127729194874
2023-11-22,0,0.0,0.0,0.0,116621.56699999995,0.0
2023-11-27,0,0.0,0.0,0.0,116621.56699999995,0.0
2023-11-28,256,-176.63999999999942,2.3040000000000003,-178.94399999999942,116442.62299999995,-0.0015343988646628244
2023-11-29,254,-889.0,2.2860000000000005,-891.286,115551.33699999996,-0.007654293393923292
2023-11-30,253,-691.954999999989,2.277,-694.2319999999891,114857.10499999997,-0.006007996255378588
2023-12-01,252,385.56000000000745,2.2680000000000002,383.2920000000075,115240.39699999997,0.0033371205029066996
2023-12-04,252,-444.77999999999656,2.2680000000000002,-447.04799999999653,114793.34899999997,-0.003879264664456134
2023-12-05,0,0.0,0.0,0.0,114793.34899999997,0.0
2023-12-06,250,62.5,2.2500000000000004,60.25,114853.59899999997,0.0005248561917990563
2023-12-07,251,43.924999999988586,2.2590000000000003,41.665999999988586,114895.26499999996,0.00036277487482119385
2023-12-08,251,58.98499999998916,2.2590000000000003,56.725999999989156,114951.99099999995,0.0004937192146255042
2023-12-11,250,114.99999999999488,2.2500000000000004,112.74999999999488,115064.74099999995,0.00098084425523343
2023-12-12,249,155.625,2.241,153.384,115218.12499999996,0.0013330234671974802
2023-12-13,248,762.6000000000113,2.232,760.3680000000113,115978.49299999997,0.006599378353015306
2023-12-14,245,-269.50000000000557,2.205,-271.70500000000555,115706.78799999997,-0.0023427188349481797
2023-12-15,0,0.0,0.0,0.0,115706.78799999997,0.0
2023-12-18,245,46.54999999999944,2.205,44.344999999999445,115751.13299999997,0.00038325322797828817
2023-12-19,244,312.31999999999334,2.196,310.1239999999933,116061.25699999997,0.0026792307942246525
2023-12-20,244,591.7000000000028,2.196,589.5040000000027,116650.76099999997,0.0050792487970383
2023-12-21,0,0.0,0.0,0.0,116650.76099999997,0.0
2023-12-22,246,-341.93999999999664,2.2140000000000004,-344.15399999999664,116306.60699999997,-0.0029502936547494683
2023-12-26,245,231.52499999999833,2.205,229.31999999999832,116535.92699999997,0.0019716850651485206
2023-12-27,0,0.0,0.0,0.0,116535.92699999997,0.0
2023-12-28,0,0.0,0.0,0.0,116535.92699999997,0.0
2023-12-29,244,24.399999999991678,2.196,22.203999999991677,116558.13099999996,0.0001905335167582413
2024-01-02,0,0.0,0.0,0.0,116558.13099999996,0.0
2024-01-03,247,288.99000000000393,2.2230000000000003,286.7670000000039,116844.89799999997,0.002460291680552119
2024-01-04,249,-624.9900000000118,2.241,-627.2310000000118,116217.66699999996,-0.005368064936819167
2024-01-05,248,-79.35999999999831,2.232,-81.59199999999831,116136.07499999995,-0.0007020619334924211
2024-01-08,247,1170.7799999999881,2.2230000000000003,1168.5569999999882,117304.63199999994,0.010061963950477822
2024-01-09,0,0.0,0.0,0.0,117304.63199999994,0.0
2024-01-10,247,311.21999999999775,2.2230000000000003,308.99699999999774,117613.62899999994,0.002634141506023376
2024-01-11,246,-346.86000000000615,2.2140000000000004,-349.07400000000615,117264.55499999993,-0.0029679723597339754
2024-01-12,0,0.0,0.0,0.0,117264.55499999993,0.0
2024-01-16,246,-81.18000000001007,2.2140000000000004,-83.39400000001007,117181.16099999992,-0.0007111611859185421
2024-01-17,0,0.0,0.0,0.0,117181.16099999992,0.0
2024-01-18,247,182.78000000000225,2.2230000000000003,180.55700000000223,117361.71799999992,0.0015408364148227064
2024-01-19,245,754.60000000001,2.205,752.39500000001,118114.11299999992,0.006410906493376405
2024-01-22,244,-383.07999999999834,2.196,-385.27599999999836,117728.83699999993,-0.003261896400136355
2024-01-23,0,0.0,0.0,0.0,117728.83699999993,0.0
2024-01-24,0,0.0,0.0,0.0,117728.83699999993,0.0
2024-01-25,0,0.0,0.0,0.0,117728.83699999993,0.0
2024-01-26,0,0.0,0.0,0.0,117728.83699999993,0.0
2024-01-29,241,67.47999999999342,2.169,65.31099999999343,117794.14799999991,0.0005547578797537384
2024-01-30,0,0.0,0.0,0.0,117794.14799999991,0.0
2024-01-31,241,1142.3400000000022,2.169,1140.171000000002,118934.31899999992,0.009679351812961055
2024-02-01,245,742.3500000000072,2.205,740.1450000000071,119674.46399999992,0.006223140689946757
2024-02-02,244,894.260000000005,2.196,892.064000000005,120566.52799999992,0.007454088116910267
2024-02-05,244,-289.14000000000055,2.196,-291.3360000000006,120275.19199999992,-0.0024163920520295715
2024-02-06,0,0.0,0.0,0.0,120275.19199999992,0.0
2024-02-07,242,15.72999999999945,2.1780000000000004,13.551999999999449,120288.74399999992,0.00011267493965006065
2024-02-08,0,0.0,0.0,0.0,120288.74399999992,0.0
2024-02-09,241,368.7299999999934,2.169,366.56099999999344,120655.3049999999,0.0030473424845137106
2024-02-12,240,-460.8000000000038,2.16,-462.96000000000384,120192.3449999999,-0.003837046369407497
2024-02-13,243,-85.05000000000553,2.1870000000000003,-87.23700000000552,120105.10799999989,-0.0007258116147081214
2024-02-14,241,202.44000000000767,2.169,200.27100000000766,120305.3789999999,0.0016674644678726558
2024-02-15,240,108.00000000001091,2.16,105.84000000001092,120411.21899999991,0.0008797611618015102
2024-02-16,239,-11.950000000002717,2.1510000000000002,-14.101000000002717,120397.1179999999,-0.00011710702804198608
2024-02-20,241,-27.715000000002192,2.169,-29.884000000002192,120367.2339999999,-0.00024821192148471706
2024-02-21,0,0.0,0.0,0.0,120367.2339999999,0.0
2024-02-22,238,542.640000000007,2.1420000000000003,540.498000000007,120907.7319999999,0.004490408078996045
2024-02-23,0,0.0,0.0,0.0,120907.7319999999,0.0
2024-02-26,237,159.9750000000027,2.1330000000000005,157.84200000000268,121065.5739999999,0.0013054748227350986
2024-02-27,0,0.0,0.0,0.0,121065.5739999999,0.0
2024-02-28,0,0.0,0.0,0.0,121065.5739999999,0.0
2024-02-29,0,0.0,0.0,0.0,121065.5739999999,0.0
2024-03-01,237,599.6099999999935,2.1330000000000005,597.4769999999935,121663.0509999999,0.004935151920231213
2024-03-04,0,0.0,0.0,0.0,121663.0509999999,0.0
2024-03-05,238,625.9399999999989,2.1420000000000003,623.7979999999989,122286.8489999999,0.00512725922022126
2024-03-06,0,0.0,0.0,0.0,122286.8489999999,0.0
2024-03-07,238,207.06000000000108,2.1420000000000003,204.9180000000011,122491.7669999999,0.0016757157591001568
2024-03-08,237,-1104.4200000000196,4.266000000000001,-1108.6860000000197,121383.08099999989,-0.009051106267411593
2024-03-11,237,-432.5249999999973,2.1330000000000005,-434.6579999999973,120948.4229999999,-0.0035808779643680135
2024-03-12,235,394.79999999998824,2.115,392.68499999998824,121341.10799999988,0.0032467145106967505
2024-03-13,234,11.699999999989359,2.1060000000000003,9.593999999989359,121350.70199999986,7.90663622421296e-05
2024-03-14,234,-242.18999999999255,2.1060000000000003,-244.29599999999255,121106.40599999987,-0.0020131403936995175
2024-03-15,237,-319.9499999999919,2.1330000000000005,-322.0829999999919,120784.32299999987,-0.002659504237950817
2024-03-18,235,-549.9000000000075,2.115,-552.0150000000075,120232.30799999986,-0.0045702537075114295
2024-03-19,234,250.3799999999851,2.1060000000000003,248.2739999999851,120480.58199999985,0.0020649524585354
2024-03-20,233,660.5550000000085,2.0970000000000004,658.4580000000085,121139.03999999986,0.005465262443702416
2024-03-21,0,0.0,0.0,0.0,121139.03999999986,0.0
2024-03-22,0,0.0,0.0,0.0,121139.03999999986,0.0
2024-03-25,0,0.0,0.0,0.0,121139.03999999986,0.0
2024-03-26,0,0.0,0.0,0.0,121139.03999999986,0.0
2024-03-27,0,0.0,0.0,0.0,121139.03999999986,0.0
2024-03-28,0,0.0,0.0,0.0,121139.03999999986,0.0
2024-04-01,231,-46.200000000010505,2.079,-48.279000000010505,121090.76099999985,-0.00039854203896622065
2024-04-02,233,-298.23999999999364,2.0970000000000004,-300.3369999999936,120790.42399999985,-0.002480263543805741
2024-04-03,233,-205.03999999999894,2.0970000000000004,-207.13699999999895,120583.28699999985,-0.0017148462033712143
2024-04-04,230,1064.899999999999,2.0700000000000003,1062.829999999999,121646.11699999985,0.008814073877418853
2024-04-05,236,611.2399999999807,2.124,609.1159999999807,122255.23299999983,0.005007278612929185
2024-04-08,0,0.0,0.0,0.0,122255.23299999983,0.0
2024-04-09,234,-421.20000000001596,2.1060000000000003,-423.30600000001596,121831.92699999982,-0.003462477553005985
2024-04-10,0,0.0,0.0,0.0,121831.92699999982,0.0
2024-04-11,236,-1062.0,4.248,-1066.248,120765.67899999981,-0.008751794593218587
2024-04-12,234,312.3900000000085,2.1060000000000003,310.2840000000085,121075.96299999983,0.0025693061353963737
2024-04-15,235,446.500000000008,2.115,444.385000000008,121520.34799999984,0.0036702991162664437
2024-04-16,0,0.0,0.0,0.0,121520.34799999984,0.0
2024-04-17,240,284.40000000000055,2.16,282.2400000000005,121802.58799999984,0.0023225739939454495
2024-04-18,0,0.0,0.0,0.0,121802.58799999984,0.0
2024-04-19,243,504.22499999999724,2.1870000000000003,502.0379999999972,122304.62599999984,0.0041217350816880665
2024-04-22,245,-475.29999999999944,2.205,-477.5049999999994,121827.12099999984,-0.0039042268115026166
2024-04-23,242,575.9599999999989,2.1780000000000004,573.7819999999989,122400.90299999983,0.0047098051344412846
2024-04-24,0,0.0,0.0,0.0,122400.90299999983,0.0
2024-04-25,245,-1313.1999999999894,2.205,-1315.4049999999893,121085.49799999985,-0.01074669359261174
2024-04-26,239,53.77499999999185,2.1510000000000002,51.623999999991845,121137.12199999984,0.000426343375983736
2024-04-30,238,-242.7600000000092,4.284000000000001,-247.0440000000092,120890.07799999983,-0.0020393748499325376
2024-05-01,241,-1793.0399999999995,2.169,-1795.2089999999996,119094.86899999983,-0.0148499283787376
2024-05-02,0,0.0,0.0,0.0,119094.86899999983,0.0
2024-05-03,0,0.0,0.0,0.0,119094.86899999983,0.0
2024-05-06,0,0.0,0.0,0.0,119094.86899999983,0.0
2024-05-07,0,0.0,0.0,0.0,119094.86899999983,0.0
2024-05-09,230,225.40000000000418,2.0700000000000003,223.3300000000042,119318.19899999983,0.0018752277228669231
2024-05-10,0,0.0,0.0,0.0,119318.19899999983,0.0
2024-05-13,0,0.0,0.0,0.0,119318.19899999983,0.0
2024-05-14,228,233.69999999999482,2.052,231.64799999999482,119549.84699999983,0.0019414305775768133
2024-05-15,227,587.9299999999814,2.043,585.8869999999814,120135.73399999982,0.004900775824497561
2024-05-16,226,-589.8600000000031,2.0340000000000003,-591.8940000000031,119543.83999999982,-0.004926877127166876
2024-05-20,225,-247.50000000000512,2.0250000000000004,-249.52500000000512,119294.31499999981,-0.0020873095594051982
2024-05-21,0,0.0,0.0,0.0,119294.31499999981,0.0
2024-05-23,223,870.8149999999939,2.007,868.807999999994,120163.1229999998,0.007282895249450867
2024-05-28,0,0.0,0.0,0.0,120163.1229999998,0.0
2024-05-29,0,0.0,0.0,0.0,120163.1229999998,0.0
2024-05-30,0,0.0,0.0,0.0,120163.1229999998,0.0
2024-05-31,229,-1436.9750000000208,2.0610000000000004,-1439.0360000000207,118724.08699999978,-0.01197568741618028
2024-06-04,225,-679.4999999999959,2.0250000000000004,-681.5249999999959,118042.56199999979,-0.005740410536911496
2024-06-05,222,561.6599999999939,1.9980000000000002,559.6619999999939,118602.22399999978,0.0047411881826149695
2024-06-06,0,0.0,0.0,0.0,118602.22399999978,0.0
2024-06-07,222,-508.3799999999919,1.9980000000000002,-510.3779999999919,118091.84599999979,-0.004303275122395621
2024-06-10,0,0.0,0.0,0.0,118091.84599999979,0.0
2024-06-12,218,-305.19999999999504,1.9620000000000002,-307.16199999999503,117784.68399999979,-0.0026010432591594477
2024-06-13,216,-569.159999999998,1.9440000000000002,-571.103999999998,117213.5799999998,-0.004848711908926962
2024-06-14,0,0.0,0.0,0.0,117213.5799999998,0.0
2024-06-17,216,343.4399999999823,1.9440000000000002,341.4959999999823,117555.07599999978,0.0029134508134636182
2024-06-18,0,0.0,0.0,0.0,117555.07599999978,0.0
2024-06-20,213,-219.3899999999942,1.9170000000000003,-221.3069999999942,117333.76899999978,-0.0018825814038008414
2024-06-21,215,-24.725000000001955,1.9350000000000003,-26.660000000001954,117307.10899999978,-0.0002272150654258963
2024-06-24,215,-623.4999999999951,1.9350000000000003,-625.4349999999951,116681.67399999978,-0.005331603560360491
2024-06-28,213,-845.6100000000058,1.9170000000000003,-847.5270000000058,115834.14699999978,-0.007263582797072379
2024-07-01,0,0.0,0.0,0.0,115834.14699999978,0.0
2024-07-10,207,469.88999999999623,1.8630000000000002,468.02699999999624,116302.17399999978,0.00404049248102977
2024-07-11,207,689.3100000000085,1.8630000000000002,687.4470000000084,116989.6209999998,0.005910869731463573
2024-07-12,209,218.40499999999145,1.8810000000000002,216.52399999999145,117206.14499999979,0.0018507966616969536
2024-07-15,208,-435.7600000000057,1.8720000000000003,-437.6320000000057,116768.51299999977,-0.003733865660371361
2024-07-16,0,0.0,0.0,0.0,116768.51299999977,0.0
2024-07-17,208,52.0,1.8720000000000003,50.128,116818.64099999977,0.00042929381142329094
2024-07-18,209,206.9100000000019,1.8810000000000002,205.0290000000019,117023.66999999977,0.0017551051633959884
2024-07-19,211,483.1899999999923,1.8990000000000002,481.2909999999923,117504.96099999976,0.004112766246349933
2024-07-24,214,1179.139999999998,1.9260000000000002,1177.2139999999981,118682.17499999976,0.010018419562728084
2024-07-25,219,-1642.499999999975,3.9420000000000006,-1646.441999999975,117035.73299999977,-0.013872698237961837
2024-07-30,0,0.0,0.0,0.0,117035.73299999977,0.0
2024-07-31,213,-581.4900000000039,1.9170000000000003,-583.4070000000039,116452.32599999977,-0.004984862187345851
2024-08-01,210,-424.20000000002005,3.7800000000000002,-427.98000000002,116024.34599999974,-0.0036751520102743236
2024-08-02,216,268.920000000001,1.9440000000000002,266.97600000000097,116291.32199999974,0.0023010343018869638
2024-08-05,0,0.0,0.0,0.0,116291.32199999974,0.0
2024-08-06,223,120.42000000001724,2.007,118.41300000001723,116409.73499999975,0.001018244508390897
2024-08-07,220,-2762.100000000014,1.9800000000000002,-2764.080000000014,113645.65499999974,-0.023744405912443835
2024-08-08,216,585.3600000000079,1.9440000000000002,583.4160000000079,114229.07099999975,0.005133641052973026
2024-08-09,0,0.0,0.0,0.0,114229.07099999975,0.0
2024-08-12,213,-400.43999999999903,1.9170000000000003,-402.356999999999,113826.71399999975,-0.003522369537610963
2024-08-13,0,0.0,0.0,0.0,113826.71399999975,0.0
2024-08-14,0,0.0,0.0,0.0,113826.71399999975,0.0
2024-08-15,0,0.0,0.0,0.0,113826.71399999975,0.0
2024-08-16,0,0.0,0.0,0.0,113826.71399999975,0.0
2024-08-19,0,0.0,0.0,0.0,113826.71399999975,0.0
2024-08-20,0,0.0,0.0,0.0,113826.71399999975,0.0
2024-08-21,0,0.0,0.0,0.0,113826.71399999975,0.0
2024-08-22,202,303.0,1.8180000000000003,301.182,114127.89599999975,0.0026459693811419407
2024-08-23,203,-111.64999999999077,1.8270000000000002,-113.47699999999077,114014.41899999976,-0.0009942967843724292
2024-08-26,202,-208.0599999999945,1.8180000000000003,-209.8779999999945,113804.54099999976,-0.0018408022585283265
2024-08-28,202,-12.120000000011942,1.8180000000000003,-13.938000000011941,113790.60299999976,-0.00012247314454712287
2024-08-29,203,-598.8500000000092,1.8270000000000002,-600.6770000000092,113189.92599999974,-0.00527879266093713
2024-08-30,201,353.760000000021,1.8090000000000002,351.951000000021,113541.87699999976,0.0031093844870966857
2024-09-03,202,1399.8600000000129,1.8180000000000003,1398.0420000000129,114939.91899999978,0.012313007649151475
2024-09-04,208,-686.3999999999905,1.8720000000000003,-688.2719999999905,114251.64699999978,-0.005988102358067539
2024-09-05,207,-1189.215000000001,3.7260000000000004,-1192.9410000000012,113058.70599999977,-0.010441346197836461
2024-09-06,205,1512.8999999999992,1.8450000000000002,1511.0549999999992,114569.76099999977,0.013365224611716343
2024-09-09,0,0.0,0.0,0.0,114569.76099999977,0.0
2024-09-10,0,0.0,0.0,0.0,114569.76099999977,0.0
2024-09-11,208,-958.8799999999792,3.7440000000000007,-962.6239999999792,113607.13699999978,-0.008402077403303487
2024-09-12,204,236.6399999999935,1.8360000000000003,234.8039999999935,113841.94099999977,0.0020668067711273625
2024-09-13,203,171.53500000000554,1.8270000000000002,169.70800000000554,114011.64899999977,0.0014907335425702719
2024-09-16,0,0.0,0.0,0.0,114011.64899999977,0.0
2024-09-17,0,0.0,0.0,0.0,114011.64899999977,0.0
2024-09-19,0,0.0,0.0,0.0,114011.64899999977,0.0
2024-09-20,0,0.0,0.0,0.0,114011.64899999977,0.0
2024-09-23,0,0.0,0.0,0.0,114011.64899999977,0.0
2024-09-24,0,0.0,0.0,0.0,114011.64899999977,0.0
2024-09-25,0,0.0,0.0,0.0,114011.64899999977,0.0
2024-09-26,0,0.0,0.0,0.0,114011.64899999977,0.0
2024-09-27,0,0.0,0.0,0.0,114011.64899999977,0.0
2024-09-30,0,0.0,0.0,0.0,114011.64899999977,0.0
2024-10-01,198,56.4299999999937,1.7820000000000003,54.647999999993694,114066.29699999976,0.00047931944217378876
2024-10-03,0,0.0,0.0,0.0,114066.29699999976,0.0
2024-10-04,0,0.0,0.0,0.0,114066.29699999976,0.0
2024-10-07,199,300.4899999999982,1.7910000000000001,298.6989999999982,114364.99599999975,0.002618643787480879
2024-10-08,200,266.0000000000082,1.8000000000000003,264.2000000000082,114629.19599999976,0.002310147416085327
2024-10-09,199,419.8900000000027,1.7910000000000001,418.0990000000027,115047.29499999977,0.0036474041046227314
2024-10-10,0,0.0,0.0,0.0,115047.29499999977,0.0
2024-10-11,199,471.6300000000009,1.7910000000000001,469.8390000000009,115517.13399999977,0.004083876982939946
2024-10-14,198,172.2599999999784,1.7820000000000003,170.47799999997838,115687.61199999975,0.0014757810733079537
2024-10-15,197,394.0,1.7730000000000001,392.227,116079.83899999975,0.003390397582067826
2024-10-17,0,0.0,0.0,0.0,116079.83899999975,0.0
2024-10-18,0,0.0,0.0,0.0,116079.83899999975,0.0
2024-10-21,198,-583.1100000000099,1.7820000000000003,-584.89200000001,115494.94699999974,-0.005038704438589127
2024-10-22,0,0.0,0.0,0.0,115494.94699999974,0.0
2024-10-23,198,162.3600000000099,1.7820000000000003,160.5780000000099,115655.52499999975,0.0013903465404422435
2024-10-24,0,0.0,0.0,0.0,115655.52499999975,0.0
2024-10-25,198,-885.0600000000054,1.7820000000000003,-886.8420000000054,114768.68299999974,-0.007667960523286781
2024-10-28,0,0.0,0.0,0.0,114768.68299999974,0.0
2024-10-29,0,0.0,0.0,0.0,114768.68299999974,0.0
2024-10-30,0,0.0,0.0,0.0,114768.68299999974,0.0
2024-10-31,199,1044.75,1.7910000000000001,1042.959,115811.64199999975,0.009087487742627512
2024-11-01,202,-434.2999999999954,1.8180000000000003,-436.1179999999954,115375.52399999974,-0.003765752669321417
2024-11-04,201,-180.89999999999543,1.8090000000000002,-182.70899999999543,115192.81499999974,-0.00158360277522983
2024-11-05,201,512.5500000000137,1.8090000000000002,510.7410000000137,115703.55599999975,0.004433792159693422
2024-11-06,0,0.0,0.0,0.0,115703.55599999975,0.0
2024-11-07,195,105.2999999999929,1.7550000000000001,103.54499999999291,115807.10099999975,0.0008949163152772343
2024-11-08,194,-148.40999999999735,1.7460000000000002,-150.15599999999736,115656.94499999975,-0.0012966044284279052
2024-11-11,0,0.0,0.0,0.0,115656.94499999975,0.0
2024-11-12,193,-88.77999999998508,1.737,-90.51699999998507,115566.42799999977,-0.000782633502899331
2024-11-13,0,0.0,0.0,0.0,115566.42799999977,0.0
2024-11-14,193,260.5500000000044,1.737,258.81300000000437,115825.24099999978,0.002239517171890135
2024-11-15,196,201.87999999999465,1.7640000000000002,200.11599999999464,116025.35699999977,0.0017277408470921724
2024-11-18,198,5.940000000017108,1.7820000000000003,4.158000000017108,116029.51499999978,3.583699380487246e-05
2024-11-19,198,-147.5099999999784,1.7820000000000003,-149.2919999999784,115880.22299999981,-0.0012866726194622005
2024-11-20,196,-599.7600000000116,1.7640000000000002,-601.5240000000116,115278.6989999998,-0.005190911653665117
2024-11-21,194,-1166.9099999999974,1.7460000000000002,-1168.6559999999974,114110.0429999998,-0.01013765778185959
2024-11-22,192,-74.87999999999738,1.7280000000000002,-76.60799999999738,114033.43499999981,-0.0006713519510285129
2024-11-25,0,0.0,0.0,0.0,114033.43499999981,0.0
2024-11-26,0,0.0,0.0,0.0,114033.43499999981,0.0
2024-11-27,189,-68.03999999998109,1.7010000000000003,-69.74099999998109,113963.69399999983,-0.0006115837868076253
2024-12-02,0,0.0,0.0,0.0,113963.69399999983,0.0
2024-12-03,0,0.0,0.0,0.0,113963.69399999983,0.0
2024-12-04,0,0.0,0.0,0.0,113963.69399999983,0.0
2024-12-05,0,0.0,0.0,0.0,113963.69399999983,0.0
2024-12-06,187,-202.8950000000068,1.6830000000000003,-204.5780000000068,113759.11599999982,-0.0017951155567141155
2024-12-09,187,136.5100000000034,1.6830000000000003,134.8270000000034,113893.94299999982,0.0011851973251972494
2024-12-10,188,-37.599999999987176,1.6920000000000002,-39.291999999987176,113854.65099999984,-0.00034498761712014166
2024-12-11,187,17.765000000005102,1.6830000000000003,16.082000000005102,113870.73299999985,0.0001412502682916759
2024-12-12,187,101.91499999999235,1.6830000000000003,100.23199999999234,113970.96499999984,0.0008802261771687416
2024-12-13,187,-208.5050000000017,1.6830000000000003,-210.1880000000017,113760.77699999984,-0.0018442240969004868
2024-12-16,187,-162.69000000000085,1.6830000000000003,-164.37300000000084,113596.40399999983,-0.0014449004686386863
2024-12-17,188,-174.84000000001197,1.6920000000000002,-176.53200000001198,113419.87199999983,-0.0015540280658885314
2024-12-18,187,1721.3350000000078,3.3660000000000005,1717.9690000000078,115137.84099999984,0.0151469841193262
2024-12-19,0,0.0,0.0,0.0,115137.84099999984,0.0
2024-12-20,197,778.1499999999866,1.7730000000000001,776.3769999999865,115914.21799999983,0.0067430220443336925
2024-12-27,0,0.0,0.0,0.0,115914.21799999983,0.0
2024-12-30,197,-626.4599999999901,1.7730000000000001,-628.2329999999902,115285.98499999984,-0.005419809673391327
2024-12-31,195,-212.5500000000062,1.7550000000000001,-214.3050000000062,115071.67999999983,-0.001858898980652388
2025-01-02,195,-1883.699999999994,3.5100000000000002,-1887.209999999994,113184.46999999984,-0.0164002993612329
2025-01-03,192,263.0400000000009,1.7280000000000002,261.31200000000086,113445.78199999985,0.002308726630075674
2025-01-06,190,-469.3000000000052,1.7100000000000002,-471.01000000000516,112974.77199999984,-0.004151851145950986
2025-01-07,189,893.9700000000034,1.7010000000000003,892.2690000000034,113867.04099999984,0.007897949110266889
2025-01-08,193,-416.8800000000158,1.737,-418.6170000000158,113448.42399999982,-0.003676366719672784
2025-01-10,193,422.6699999999886,1.737,420.93299999998857,113869.35699999981,0.003710346826854018
2025-01-13,0,0.0,0.0,0.0,113869.35699999981,0.0
2025-01-14,0,0.0,0.0,0.0,113869.35699999981,0.0
2025-01-15,192,161.2800000000061,1.7280000000000002,159.5520000000061,114028.90899999983,0.0014011846927352576
2025-01-16,0,0.0,0.0,0.0,114028.90899999983,0.0
2025-01-17,0,0.0,0.0,0.0,114028.90899999983,0.0
2025-01-21,0,0.0,0.0,0.0,114028.90899999983,0.0
2025-01-22,0,0.0,0.0,0.0,114028.90899999983,0.0
2025-01-23,0,0.0,0.0,0.0,114028.90899999983,0.0
2025-01-24,0,0.0,0.0,0.0,114028.90899999983,0.0
2025-01-27,0,0.0,0.0,0.0,114028.90899999983,0.0
2025-01-28,189,372.33000000000516,1.7010000000000003,370.62900000000514,114399.53799999983,0.0032503073409218155
2025-01-29,189,-481.9500000000129,1.7010000000000003,-483.6510000000129,113915.88699999981,-0.004227735605016286
2025-01-30,0,0.0,0.0,0.0,113915.88699999981,0.0
2025-01-31,187,-1362.2949999999942,3.3660000000000005,-1365.6609999999941,112550.22599999982,-0.011988327844034577
2025-02-03,0,0.0,0.0,0.0,112550.22599999982,0.0
2025-02-04,188,494.43999999999915,1.6920000000000002,492.74799999999914,113042.97399999981,0.004378027637190173
2025-02-05,0,0.0,0.0,0.0,113042.97399999981,0.0
2025-02-06,0,0.0,0.0,0.0,113042.97399999981,0.0
2025-02-07,186,503.12999999998647,1.6740000000000002,501.4559999999865,113544.4299999998,0.004435976710945232
2025-02-10,0,0.0,0.0,0.0,113544.4299999998,0.0
2025-02-11,0,0.0,0.0,0.0,113544.4299999998,0.0
2025-02-12,0,0.0,0.0,0.0,113544.4299999998,0.0
2025-02-13,187,473.11000000001616,1.6830000000000003,471.42700000001616,114015.85699999981,0.004151916566933464
2025-02-14,0,0.0,0.0,0.0,114015.85699999981,0.0
2025-02-18,0,0.0,0.0,0.0,114015.85699999981,0.0
2025-02-19,0,0.0,0.0,0.0,114015.85699999981,0.0
2025-02-20,186,-377.5799999999949,1.6740000000000002,-379.2539999999949,113636.60299999981,-0.0033263267932985455
2025-02-21,186,1472.1899999999932,1.6740000000000002,1470.5159999999933,115107.1189999998,0.012940513542102237
2025-02-24,191,285.54500000000087,1.7190000000000003,283.8260000000009,115390.9449999998,0.0024657553978047297
2025-02-25,193,181.42000000001053,1.737,179.68300000001054,115570.62799999981,0.0015571672456622212
2025-02-26,193,-642.6900000000079,1.737,-644.4270000000079,114926.2009999998,-0.005576044806125039
2025-02-27,192,1411.2000000000044,1.7280000000000002,1409.4720000000043,116335.6729999998,0.01226414853824331
2025-02-28,198,1151.3699999999883,1.7820000000000003,1149.5879999999884,117485.2609999998,0.009881646535022754
2025-03-03,197,813.6099999999991,1.7730000000000001,811.8369999999991,118297.0979999998,0.006910117857251903
2025-03-04,204,-250.9200000000037,1.8360000000000003,-252.75600000000372,118044.34199999979,-0.002136620460461373
2025-03-05,204,468.17999999999165,1.8360000000000003,466.34399999999164,118510.68599999978,0.003950583247776437
2025-03-06,205,-45.10000000000559,1.8450000000000002,-46.94500000000559,118463.74099999978,-0.00039612461613803906
2025-03-07,207,-1986.1649999999822,3.7260000000000004,-1989.8909999999823,116473.84999999979,-0.016797468855892252
2025-03-11,208,4.1599999999962165,1.8720000000000003,2.287999999996216,116476.13799999979,1.9643894316159554e-05
2025-03-12,0,0.0,0.0,0.0,116476.13799999979,0.0
2025-03-13,208,691.5999999999858,1.8720000000000003,689.7279999999859,117165.86599999978,0.005921624908270801
2025-03-14,210,520.8000000000038,1.8900000000000001,518.9100000000038,117684.77599999978,0.004428849610517152
2025-03-17,209,280.06000000000665,1.8810000000000002,278.1790000000067,117962.95499999978,0.0023637636868171223
2025-03-18,208,-58.239999999994325,1.8720000000000003,-60.111999999994325,117902.84299999979,-0.0005095837078682408
2025-03-19,209,305.1400000000076,1.8810000000000002,303.25900000000763,118206.1019999998,0.002572109308678911
2025-03-20,209,-792.1099999999924,1.8810000000000002,-793.9909999999924,117412.1109999998,-0.006717005184723829
2025-03-21,0,0.0,0.0,0.0,117412.1109999998,0.0
2025-03-24,0,0.0,0.0,0.0,117412.1109999998,0.0
2025-03-25,0,0.0,0.0,0.0,117412.1109999998,0.0
2025-03-26,204,773.1599999999926,1.8360000000000003,771.3239999999926,118183.4349999998,0.006569373409869054
2025-03-27,0,0.0,0.0,0.0,118183.4349999998,0.0
2025-03-28,209,815.0999999999952,1.8810000000000002,813.2189999999953,118996.65399999979,0.006880989708921531
2025-03-31,0,0.0,0.0,0.0,118996.65399999979,0.0
2025-04-01,213,-1288.6500000000146,1.9170000000000003,-1290.5670000000146,117706.08699999978,-0.010845405787628421
2025-04-02,212,-224.72000000001253,1.9080000000000001,-226.62800000001252,117479.45899999977,-0.0019253719648331606
2025-04-03,215,596.6250000000196,1.9350000000000003,594.6900000000196,118074.14899999979,0.005062076426484231
2025-04-04,225,2325.3749999999955,2.0250000000000004,2323.3499999999954,120397.49899999978,0.01967704209326971
2025-04-07,0,0.0,0.0,0.0,120397.49899999978,0.0
2025-04-08,230,192.0499999999953,2.0700000000000003,189.9799999999953,120587.47899999977,0.0015779397543797455
2025-04-09,243,10312.920000000013,2.1870000000000003,10310.733000000013,130898.21199999978,0.0855041757693602
2025-04-10,245,1278.9000000000067,2.205,1276.6950000000068,132174.90699999977,0.009753341779794585
2025-04-11,252,564.4800000000023,2.2680000000000002,562.2120000000023,132737.11899999977,0.0042535456446358855
2025-04-14,0,0.0,0.0,0.0,132737.11899999977,0.0
2025-04-15,0,0.0,0.0,0.0,132737.11899999977,0.0
2025-04-16,0,0.0,0.0,0.0,132737.11899999977,0.0
2025-04-17,0,0.0,0.0,0.0,132737.11899999977,0.0
2025-04-21,254,883.9200000000046,2.2860000000000005,881.6340000000047,133618.75299999976,0.006641955216761983
2025-04-22,256,509.4400000000023,2.3040000000000003,507.13600000000235,134125.88899999976,0.003795395396333352
2025-04-23,248,-2059.640000000016,2.232,-2061.8720000000158,132064.01699999976,-0.015372662320247655
2025-04-24,246,1731.840000000019,2.2140000000000004,1729.626000000019,133793.64299999978,0.013096875585724628
2025-04-25,0,0.0,0.0,0.0,133793.64299999978,0.0
2025-04-28,0,0.0,0.0,0.0,133793.64299999978,0.0
2025-04-29,0,0.0,0.0,0.0,133793.64299999978,0.0
2025-04-30,244,-2915.7999999999834,2.196,-2917.9959999999833,130875.6469999998,-0.02180967596494841
2025-05-01,233,-1162.6700000000021,2.0970000000000004,-1164.767000000002,129710.87999999979,-0.008899799364506706
2025-05-02,0,0.0,0.0,0.0,129710.87999999979,0.0
2025-05-05,0,0.0,0.0,0.0,129710.87999999979,0.0
2025-05-06,0,0.0,0.0,0.0,129710.87999999979,0.0
2025-05-07,0,0.0,0.0,0.0,129710.87999999979,0.0
2025-05-08,229,-1163.3199999999833,2.0610000000000004,-1165.3809999999833,128545.4989999998,-0.00898445064901252
2025-05-09,0,0.0,0.0,0.0,128545.4989999998,0.0
2025-05-12,0,0.0,0.0,0.0,128545.4989999998,0.0
2025-05-13,220,-19.800000000007003,1.9800000000000002,-21.780000000007004,128523.7189999998,-0.00016943417054226875
2025-05-14,0,0.0,0.0,0.0,128523.7189999998,0.0
2025-05-15,219,53.655000000000996,1.9710000000000003,51.68400000000099,128575.40299999979,0.00040213588901828366
2025-05-16,217,91.13999999999112,1.9530000000000003,89.18699999999112,128664.58999999978,0.0006936552242421614
2025-05-19,0,0.0,0.0,0.0,128664.58999999978,0.0
2025-05-20,0,0.0,0.0,0.0,128664.58999999978,0.0
2025-05-21,218,361.87999999999306,1.9620000000000002,359.91799999999307,129024.50799999977,0.002797335304142295
2025-05-22,221,-285.0900000000171,1.9890000000000003,-287.07900000001706,128737.42899999976,-0.002224995889928273
2025-05-23,0,0.0,0.0,0.0,128737.42899999976,0.0
2025-05-27,219,696.419999999989,1.9710000000000003,694.448999999989,129431.87799999975,0.005394305334464854
2025-05-28,218,331.3600000000208,1.9620000000000002,329.39800000002083,129761.27599999977,0.0025449526429649847
2025-05-29,0,0.0,0.0,0.0,129761.27599999977,0.0
2025-05-30,220,-411.400000000001,1.9800000000000002,-413.380000000001,129347.89599999976,-0.003185696170250374
2025-06-02,0,0.0,0.0,0.0,129347.89599999976,0.0
2025-06-03,218,379.320000000002,1.9620000000000002,377.358000000002,129725.25399999977,0.00291738800297148
2025-06-04,0,0.0,0.0,0.0,129725.25399999977,0.0
2025-06-05,217,260.3999999999852,1.9530000000000003,258.4469999999852,129983.70099999975,0.0019922643589503834
2025-06-06,217,-298.375,1.9530000000000003,-300.328,129683.37299999976,-0.0023105050686316473
2025-06-09,0,0.0,0.0,0.0,129683.37299999976,0.0
2025-06-10,0,0.0,0.0,0.0,129683.37299999976,0.0
2025-06-11,0,0.0,0.0,0.0,129683.37299999976,0.0
2025-06-12,0,0.0,0.0,0.0,129683.37299999976,0.0
2025-06-13,216,4.319999999996071,1.9440000000000002,2.375999999996071,129685.74899999975,1.8321546895576778e-05
2025-06-16,215,-76.32499999997947,1.9350000000000003,-78.25999999997947,129607.48899999977,-0.0006034587501204903
2025-06-17,215,68.79999999998631,1.9350000000000003,66.86499999998631,129674.35399999976,0.0005159038302176075
2025-06-18,216,-710.6399999999921,1.9440000000000002,-712.5839999999921,128961.76999999977,-0.005495180643043677
2025-06-20,215,406.3500000000215,1.9350000000000003,404.4150000000215,129366.1849999998,0.003135929353327131
2025-06-23,217,705.25,1.9530000000000003,703.297,130069.4819999998,0.005436482493473864
2025-06-24,215,202.10000000001173,1.9350000000000003,200.16500000001173,130269.64699999981,0.0015389082582800786
2025-06-25,0,0.0,0.0,0.0,130269.64699999981,0.0
2025-06-26,213,328.01999999999225,1.9170000000000003,326.1029999999923,130595.7499999998,0.002503292267307616
2025-06-27,213,74.55000000000484,1.9170000000000003,72.63300000000484,130668.3829999998,0.0005561666440141043
2025-06-30,0,0.0,0.0,0.0,130668.3829999998,0.0
2025-07-01,0,0.0,0.0,0.0,130668.3829999998,0.0
2025-07-02,211,169.85499999998945,1.8990000000000002,167.95599999998944,130836.33899999979,0.0012853606675456426
2025-07-07,209,-645.8100000000067,1.8810000000000002,-647.6910000000066,130188.64799999978,-0.004950390732042783
2025-07-08,0,0.0,0.0,0.0,130188.64799999978,0.0
2025-07-09,209,-42.845000000008554,1.8810000000000002,-44.726000000008554,130143.92199999977,-0.0003435476186833788
2025-07-10,208,55.11999999999716,1.8720000000000003,53.24799999999716,130197.16999999977,0.00040914703646319537
2025-07-11,0,0.0,0.0,0.0,130197.16999999977,0.0
2025-07-14,0,0.0,0.0,0.0,130197.16999999977,0.0
2025-07-15,0,0.0,0.0,0.0,130197.16999999977,0.0
2025-07-16,0,0.0,0.0,0.0,130197.16999999977,0.0
2025-07-17,208,460.7200000000066,1.8720000000000003,458.8480000000066,130656.01799999978,0.0035242547898699135
2025-07-18,0,0.0,0.0,0.0,130656.01799999978,0.0
2025-07-21,207,-429.5249999999859,1.8630000000000002,-431.3879999999859,130224.62999999979,-0.0033017078478542535
2025-07-22,207,-429.5249999999859,1.8630000000000002,-431.3879999999859,129793.2419999998,-0.003312645234622564
2025-07-23,0,0.0,0.0,0.0,129793.2419999998,0.0
2025-07-24,0,0.0,0.0,0.0,129793.2419999998,0.0
2025-07-25,204,57.119999999994434,1.8360000000000003,55.283999999994435,129848.5259999998,0.00042593897146042876
2025-07-28,0,0.0,0.0,0.0,129848.5259999998,0.0
2025-07-29,203,2.0299999999981537,1.8270000000000002,0.20299999999815355,129848.72899999979,1.5633600646198622e-06
2025-07-30,204,-354.95999999997866,1.8360000000000003,-356.7959999999787,129491.93299999982,-0.002747781997927598
2025-07-31,0,0.0,0.0,0.0,129491.93299999982,0.0
2025-08-01,206,-72.10000000000468,1.8540000000000003,-73.95400000000468,129417.97899999982,-0.0005711089354114808
2025-08-04,206,397.5800000000131,1.8540000000000003,395.72600000001313,129813.70499999983,0.003057735896184978
2025-08-05,205,-70.7250000000056,1.8450000000000002,-72.57000000000559,129741.13499999982,-0.0005590318834209815
2025-08-06,206,165.83000000001311,1.8540000000000003,163.9760000000131,129905.11099999983,0.0012638705526972099
2025-08-07,204,-465.11999999999443,1.8360000000000003,-466.95599999999445,129438.15499999984,-0.0035945929794863503
2025-08-08,204,281.5199999999991,1.8360000000000003,279.68399999999906,129717.83899999983,0.002160753913712687
2025-08-11,0,0.0,0.0,0.0,129717.83899999983,0.0
2025-08-12,203,303.4850000000009,1.8270000000000002,301.6580000000009,130019.49699999983,0.0023254935660776874
2025-08-13,0,0.0,0.0,0.0,130019.49699999983,0.0
2025-08-14,0,0.0,0.0,0.0,130019.49699999983,0.0
2025-08-15,0,0.0,0.0,0.0,130019.49699999983,0.0
2025-08-18,0,0.0,0.0,0.0,130019.49699999983,0.0
2025-08-19,202,197.96000000000367,1.8180000000000003,196.14200000000366,130215.63899999984,0.0015085583664425646
2025-08-20,203,-533.8899999999991,1.8270000000000002,-535.7169999999991,129679.92199999983,-0.004114075729413728
2025-08-21,0,0.0,0.0,0.0,129679.92199999983,0.0
2025-08-22,203,207.0599999999963,1.8270000000000002,205.2329999999963,129885.15499999982,0.0015826119944766512
2025-08-25,0,0.0,0.0,0.0,129885.15499999982,0.0
2025-08-26,0,0.0,0.0,0.0,129885.15499999982,0.0
2025-08-27,0,0.0,0.0,0.0,129885.15499999982,0.0
2025-08-28,0,0.0,0.0,0.0,129885.15499999982,0.0
2025-08-29,200,114.00000000001,1.8000000000000003,112.20000000001001,129997.35499999984,0.0008638400593201752
2025-09-02,203,-1017.0299999999982,1.8270000000000002,-1018.8569999999982,128978.49799999983,-0.00783752100186961
2025-09-03,0,0.0,0.0,0.0,128978.49799999983,0.0
2025-09-04,200,559.9999999999909,1.8000000000000003,558.199999999991,129536.69799999983,0.004327853158903988
2025-09-05,198,-139.5900000000081,1.7820000000000003,-141.37200000000811,129395.32599999983,-0.0010913664018208052
2025-09-08,0,0.0,0.0,0.0,129395.32599999983,0.0
2025-09-09,0,0.0,0.0,0.0,129395.32599999983,0.0
2025-09-10,0,0.0,0.0,0.0,129395.32599999983,0.0
2025-09-11,197,385.13499999998567,1.7730000000000001,383.36199999998564,129778.6879999998,0.0029627190707026477
2025-09-12,0,0.0,0.0,0.0,129778.6879999998,0.0
2025-09-15,196,33.32000000001426,1.7640000000000002,31.55600000001426,129810.24399999982,0.00024315240419146717
2025-09-16,0,0.0,0.0,0.0,129810.24399999982,0.0
2025-09-17,196,-203.83999999999287,1.7640000000000002,-205.60399999999288,129604.63999999982,-0.0015838811611816488
2025-09-18,195,-425.1000000000124,1.7550000000000001,-426.8550000000124,129177.78499999981,-0.0032935163432421324
2025-09-19,0,0.0,0.0,0.0,129177.78499999981,0.0
2025-09-22,195,354.8999999999876,1.7550000000000001,353.1449999999876,129530.9299999998,0.002733790488821186
2025-09-23,194,67.90000000000441,1.7460000000000002,66.15400000000442,129597.08399999981,0.0005107197176767318
2025-09-24,195,-132.60000000001241,1.7550000000000001,-134.3550000000124,129462.7289999998,-0.0010367131408605815
2025-09-25,196,-393.9599999999982,1.7640000000000002,-395.7239999999982,129067.0049999998,-0.003056663512785976
2025-09-26,195,-12.675000000010641,1.7550000000000001,-14.430000000010642,129052.5749999998,-0.00011180239287345874
2025-09-29,0,0.0,0.0,0.0,129052.5749999998,0.0
2025-09-30,0,0.0,0.0,0.0,129052.5749999998,0.0
2025-10-01,194,105.72999999999206,1.7460000000000002,103.98399999999206,129156.55899999979,0.0008057491297635264
2025-10-02,0,0.0,0.0,0.0,129156.55899999979,0.0
2025-10-03,192,-414.7199999999939,1.7280000000000002,-416.4479999999939,128740.1109999998,-0.0032243658643770043
2025-10-06,0,0.0,0.0,0.0,128740.1109999998,0.0
2025-10-07,191,18.14500000000521,1.7190000000000003,16.42600000000521,128756.53699999981,0.00012759038245667843
2025-10-08,192,221.75999999999476,1.7280000000000002,220.03199999999475,128976.5689999998,0.0017088996421206566
2025-10-09,191,122.2399999999974,1.7190000000000003,120.5209999999974,129097.0899999998,0.0009344410456444813
2025-10-10,192,3045.1200000000026,1.7280000000000002,3043.3920000000026,132140.48199999979,0.023574443080010613
2025-10-13,200,47.00000000000273,1.8000000000000003,45.20000000000273,132185.6819999998,0.0003420602022626405
2025-10-14,0,0.0,0.0,0.0,132185.6819999998,0.0
2025-10-15,198,-653.399999999991,1.7820000000000003,-655.181999999991,131530.4999999998,-0.004956527742543191
2025-10-16,197,-394.0,1.7730000000000001,-395.773,131134.7269999998,-0.0030089827074328817
2025-10-17,198,380.1599999999919,1.7820000000000003,378.3779999999919,131513.1049999998,0.002885414174080619
2025-10-20,197,494.4699999999982,1.7730000000000001,492.6969999999982,132005.8019999998,0.003746371891987486
2025-10-21,0,0.0,0.0,0.0,132005.8019999998,0.0
2025-10-22,196,313.5999999999822,1.7640000000000002,311.83599999998216,132317.63799999977,0.0023622901060059666
2025-10-23,198,284.1299999999892,1.7820000000000003,282.3479999999892,132599.98599999977,0.0021338651767649425
2025-10-24,0,0.0,0.0,0.0,132599.98599999977,0.0
2025-10-27,0,0.0,0.0,0.0,132599.98599999977,0.0
2025-10-28,0,0.0,0.0,0.0,132599.98599999977,0.0
2025-10-29,0,0.0,0.0,0.0,132599.98599999977,0.0
2025-10-30,0,0.0,0.0,0.0,132599.98599999977,0.0
2025-10-31,0,0.0,0.0,0.0,132599.98599999977,0.0
2025-11-03,193,-580.9299999999982,1.737,-582.6669999999982,132017.31899999978,-0.004394170901345338
2025-11-04,0,0.0,0.0,0.0,132017.31899999978,0.0
2025-11-05,195,87.75000000000887,1.7550000000000001,85.99500000000887,132103.31399999978,0.0006513918071613696
2025-11-06,195,750.7500000000044,1.7550000000000001,748.9950000000044,132852.30899999978,0.005669766921971433
2025-11-07,198,-916.7399999999991,1.7820000000000003,-918.5219999999991,131933.78699999978,-0.006913858004530434
2025-11-10,194,281.29999999998677,1.7460000000000002,279.5539999999868,132213.34099999975,0.0021188962005614775
2025-11-11,0,0.0,0.0,0.0,132213.34099999975,0.0
2025-11-12,0,0.0,0.0,0.0,132213.34099999975,0.0
2025-11-13,194,1295.9199999999903,1.7460000000000002,1294.1739999999902,133507.51499999975,0.00978852807297255
2025-11-14,200,-551.0000000000218,1.8000000000000003,-552.8000000000218,132954.71499999973,-0.004140590887337112
2025-11-17,198,8.909999999991896,1.7820000000000003,7.127999999991896,132961.84299999973,5.36122393251861e-05
2025-11-18,200,-324.0000000000009,1.8000000000000003,-325.8000000000009,132636.04299999974,-0.002450327046083451
2025-11-19,200,-610.0000000000136,1.8000000000000003,-611.8000000000136,132024.24299999973,-0.004612622528252104
2025-11-20,196,1195.6000000000045,1.7640000000000002,1193.8360000000046,133218.07899999974,0.009042551374447245
2025-11-21,203,-322.77000000000646,1.8270000000000002,-324.59700000000646,132893.48199999973,-0.0024365837012257706
2025-11-24,200,650.9999999999991,1.8000000000000003,649.1999999999991,133542.68199999974,0.004885115434028589
2025-11-25,199,191.04000000000724,1.7910000000000001,189.24900000000724,133731.93099999975,0.0014171424234239029
2025-11-26,0,0.0,0.0,0.0,133731.93099999975,0.0
2025-12-01,0,0.0,0.0,0.0,133731.93099999975,0.0
2025-12-02,0,0.0,0.0,0.0,133731.93099999975,0.0
2025-12-03,0,0.0,0.0,0.0,133731.93099999975,0.0
2025-12-04,0,0.0,0.0,0.0,133731.93099999975,0.0
2025-12-05,195,-438.75,1.7550000000000001,-440.505,133291.42599999974,-0.0032939403230482093
2025-12-08,0,0.0,0.0,0.0,133291.42599999974,0.0
2025-12-09,0,0.0,0.0,0.0,133291.42599999974,0.0
2025-12-10,195,-109.19999999998936,1.7550000000000001,-110.95499999998935,133180.47099999976,-0.0008324241350676942
2025-12-11,194,-1262.9399999999982,1.7460000000000002,-1264.6859999999983,131915.78499999977,-0.00949603189194308
2025-12-12,191,362.90000000001737,1.7190000000000003,361.1810000000174,132276.96599999978,0.002737966498853932
2025-12-15,192,-194.87999999999738,1.7280000000000002,-196.6079999999974,132080.35799999977,-0.0014863358749852011
2025-12-16,194,-636.3199999999947,1.7460000000000002,-638.0659999999947,131442.29199999978,-0.004830892417780968
2025-12-17,193,580.9300000000202,1.737,579.1930000000202,132021.4849999998,0.004406443247353151
2025-12-18,194,-666.3900000000115,1.7460000000000002,-668.1360000000114,131353.3489999998,-0.005060812639700367
2025-12-19,194,97.0,1.7460000000000002,95.254,131448.6029999998,0.000725173744903909
2025-12-22,0,0.0,0.0,0.0,131448.6029999998,0.0
2025-12-23,192,66.23999999998341,1.7280000000000002,64.51199999998342,131513.1149999998,0.0004907773725064505
2025-12-26,0,0.0,0.0,0.0,131513.1149999998,0.0
2025-12-29,0,0.0,0.0,0.0,131513.1149999998,0.0
2025-12-30,0,0.0,0.0,0.0,131513.1149999998,0.0
2025-12-31,191,477.5,1.7190000000000003,475.781,131988.89599999978,0.0036177456522111942
2026-01-02,0,0.0,0.0,0.0,131988.89599999978,0.0
2026-01-05,192,-168.95999999999913,1.7280000000000002,-170.68799999999914,131818.20799999978,-0.0012931996946167308
2026-01-06,191,323.74499999998784,1.7190000000000003,322.02599999998785,132140.23399999976,0.0024429553768473954
2026-01-07,0,0.0,0.0,0.0,132140.23399999976,0.0
2026-01-08,0,0.0,0.0,0.0,132140.23399999976,0.0
2026-01-09,191,463.1749999999913,1.7190000000000003,461.4559999999913,132601.68999999977,0.0034921687818412076
2026-01-12,0,0.0,0.0,0.0,132601.68999999977,0.0
2026-01-13,190,-182.4000000000069,1.7100000000000002,-184.11000000000692,132417.57999999975,-0.001388443842608697
2026-01-14,191,-454.57999999999913,1.7190000000000003,-456.2989999999991,131961.28099999976,-0.0034459095234937835
2026-01-15,0,0.0,0.0,0.0,131961.28099999976,0.0
2026-01-16,0,0.0,0.0,0.0,131961.28099999976,0.0
2026-01-20,193,226.77500000001316,1.737,225.03800000001317,132186.31899999976,0.0017053335515893756
2026-01-21,194,533.5,1.7460000000000002,531.754,132718.07299999974,0.004022761235979353
2026-01-22,0,0.0,0.0,0.0,132718.07299999974,0.0
2026-01-23,0,0.0,0.0,0.0,132718.07299999974,0.0
2026-01-26,192,102.71999999999389,1.7280000000000002,100.9919999999939,132819.06499999974,0.0007609513739699498
2026-01-27,191,-126.06000000001563,1.7190000000000003,-127.77900000001563,132691.28599999973,-0.0009620531510293035
2026-01-28,0,0.0,0.0,0.0,132691.28599999973,0.0
2026-01-29,190,-461.7000000000121,1.7100000000000002,-463.4100000000121,132227.87599999973,-0.003492392107798345
2026-01-30,191,-517.6099999999852,1.7190000000000003,-519.3289999999853,131708.54699999973,-0.003927530379448781
2026-02-02,190,132.0499999999879,1.7100000000000002,130.3399999999879,131838.88699999973,0.0009896092772171282
2026-02-03,189,750.3300000000052,1.7010000000000003,748.6290000000051,132587.51599999974,0.005678362560812628
2026-02-04,192,78.71999999999389,1.7280000000000002,76.9919999999939,132664.50799999974,0.0005806881546826328
2026-02-05,194,-135.80000000000882,1.7460000000000002,-137.54600000000883,132526.96199999974,-0.0010367957645462274
2026-02-06,194,1144.5999999999956,1.7460000000000002,1142.8539999999955,133669.81599999973,0.008623558427303252
2026-02-09,193,-49.21499999999912,1.737,-50.951999999999124,133618.86399999974,-0.00038117805144580457
2026-02-10,0,0.0,0.0,0.0,133618.86399999974,0.0
2026-02-11,0,0.0,0.0,0.0,133618.86399999974,0.0
2026-02-12,192,462.7199999999939,1.7280000000000002,460.9919999999939,134079.85599999974,0.0034500517831074717
2026-02-13,0,0.0,0.0,0.0,134079.85599999974,0.0
2026-02-17,197,-1248.9800000000064,1.7730000000000001,-1250.7530000000063,132829.10299999974,-0.009328418431475707
2026-02-18,194,-2.9099999999973534,1.7460000000000002,-4.655999999997354,132824.44699999975,-3.505255922715493e-05
2026-02-19,0,0.0,0.0,0.0,132824.44699999975,0.0
2026-02-20,194,122.22000000002117,1.7460000000000002,120.47400000002118,132944.92099999977,0.000907016763262123
2026-02-23,193,409.1600000000009,1.737,407.42300000000085,133352.34399999978,0.0030645999631682174
2026-02-24,195,202.7999999999929,1.7550000000000001,201.0449999999929,133553.38899999976,0.0015076225431777431
2026-02-25,0,0.0,0.0,0.0,133553.38899999976,0.0
2026-02-26,192,264.9599999999991,1.7280000000000002,263.2319999999991,133816.62099999975,0.0019709870484829074
2026-02-27,0,0.0,0.0,0.0,133816.62099999975,0.0
2026-03-02,0,0.0,0.0,0.0,133816.62099999975,0.0
2026-03-03,198,-1574.0999999999865,1.7820000000000003,-1575.8819999999864,132240.73899999977,-0.011776429476574434
2026-03-04,193,-214.23000000000263,1.737,-215.96700000000263,132024.77199999976,-0.0016331351566328059
2026-03-05,193,-978.5099999999877,1.737,-980.2469999999877,131044.52499999978,-0.007424720263860705
2026-03-06,194,-291.0,1.7460000000000002,-292.746,130751.77899999978,-0.0022339430052495555
2026-03-09,196,-2426.4800000000214,3.5280000000000005,-2430.008000000021,128321.77099999976,-0.018584894359257823
2026-03-10,189,-1149.1200000000076,1.7010000000000003,-1150.8210000000076,127170.94999999975,-0.008968244367512741
2026-03-11,0,0.0,0.0,0.0,127170.94999999975,0.0
2026-03-12,189,525.4200000000163,1.7010000000000003,523.7190000000163,127694.66899999976,0.004118228258891023
2026-03-13,0,0.0,0.0,0.0,127694.66899999976,0.0
2026-03-16,191,-328.5200000000052,1.7190000000000003,-330.2390000000052,127364.42999999976,-0.0025861612124152638
2026-03-17,0,0.0,0.0,0.0,127364.42999999976,0.0
2026-03-18,190,357.19999999999914,1.7100000000000002,355.48999999999916,127719.91999999977,0.0027911246491661747
2026-03-19,0,0.0,0.0,0.0,127719.91999999977,0.0
2026-03-20,194,894.3400000000026,1.7460000000000002,892.5940000000027,128612.51399999976,0.0069886827364126465
2026-03-23,195,-941.850000000008,1.7550000000000001,-943.605000000008,127668.90899999975,-0.007336805499346741
2026-03-24,0,0.0,0.0,0.0,127668.90899999975,0.0
2026-03-25,0,0.0,0.0,0.0,127668.90899999975,0.0
2026-03-26,195,834.5999999999947,1.7550000000000001,832.8449999999947,128501.75399999975,0.006523475500209658
2026-03-27,200,994.0000000000055,1.8000000000000003,992.2000000000055,129493.95399999977,0.00772129538403038
2026-03-30,202,-477.73000000000184,1.8180000000000003,-479.5480000000018,129014.40599999977,-0.003703246253489199
2026-03-31,201,1499.4600000000073,1.8090000000000002,1497.6510000000073,130512.05699999978,0.01160840131295113
2026-04-01,199,-248.75,1.7910000000000001,-250.541,130261.51599999978,-0.0019196770456234584
2026-04-02,0,0.0,0.0,0.0,130261.51599999978,0.0
2026-04-06,198,170.2800000000027,1.7820000000000003,168.4980000000027,130430.01399999979,0.0012935363043065074
2026-04-07,198,-1031.5800000000072,1.7820000000000003,-1033.3620000000071,129396.65199999978,-0.007922731649787362
2026-04-08,0,0.0,0.0,0.0,129396.65199999978,0.0
2026-04-09,191,196.7299999999948,1.7190000000000003,195.0109999999948,129591.66299999978,0.0015070791785246121
2026-04-10,0,0.0,0.0,0.0,129591.66299999978,0.0
2026-04-13,0,0.0,0.0,0.0,129591.66299999978,0.0
2026-04-14,188,633.5600000000009,1.6920000000000002,631.8680000000008,130223.53099999978,0.004875838347718417
2026-04-15,0,0.0,0.0,0.0,130223.53099999978,0.0
2026-04-16,0,0.0,0.0,0.0,130223.53099999978,0.0
2026-04-17,184,147.19999999999163,1.6560000000000001,145.54399999999163,130369.07499999978,0.0011176474703330835
2026-04-20,0,0.0,0.0,0.0,130369.07499999978,0.0
2026-04-21,183,137.25,1.6470000000000002,135.603,130504.67799999978,0.0010401469827104337
2026-04-22,0,0.0,0.0,0.0,130504.67799999978,0.0
2026-04-23,0,0.0,0.0,0.0,130504.67799999978,0.0
2026-04-24,183,36.60000000000832,1.6470000000000002,34.95300000000832,130539.63099999979,0.0002678294796452307
2026-04-27,0,0.0,0.0,0.0,130539.63099999979,0.0
2026-04-28,0,0.0,0.0,0.0,130539.63099999979,0.0
2026-04-29,0,0.0,0.0,0.0,130539.63099999979,0.0
2026-04-30,182,92.81999999999834,1.6380000000000001,91.18199999999834,130630.81299999979,0.000698500518972652
2026-05-01,181,-669.7000000000082,1.6290000000000002,-671.3290000000083,129959.48399999978,-0.005139132066796594
2026-05-04,180,-99.00000000001228,1.62,-100.62000000001228,129858.86399999977,-0.0007742413012351792
2026-05-05,179,76.96999999999105,1.6110000000000002,75.35899999999104,129934.22299999977,0.0005803146406701292
2026-05-06,178,728.0200000000057,1.602,726.4180000000057,130660.64099999977,0.005590659513929652
2026-05-07,177,-153.9900000000008,1.5930000000000002,-155.5830000000008,130505.05799999977,-0.0011907411352742488
2026-05-08,177,154.875,1.5930000000000002,153.282,130658.33999999978,0.001174529189512335
2026-05-11,177,-83.1899999999847,1.5930000000000002,-84.78299999998471,130573.5569999998,-0.0006488908400335169
2026-05-12,177,-528.3450000000024,1.5930000000000002,-529.9380000000024,130043.61899999979,-0.004058539969160856
2026-05-13,176,100.3199999999888,1.584,98.73599999998879,130142.35499999978,0.0007592529395847478
2026-05-14,175,364.00000000000716,1.5750000000000002,362.4250000000072,130504.77999999978,0.002784835113825993
2026-05-15,175,43.75,1.5750000000000002,42.175,130546.95499999978,0.0003231682395081626
2026-05-18,176,-489.2799999999952,1.584,-490.8639999999952,130056.09099999978,-0.003760057061461112
2026-05-19,176,-227.0399999999936,1.584,-228.6239999999936,129827.46699999979,-0.0017578876794012977
2026-05-20,176,587.8399999999856,1.584,586.2559999999856,130413.72299999977,0.004515654611053812
2026-05-21,0,0.0,0.0,0.0,130413.72299999977,0.0
2026-05-22,174,-327.1199999999992,1.5660000000000003,-328.6859999999992,130085.03699999976,-0.0025203329253931333
2026-05-26,173,-187.70499999998663,1.5570000000000002,-189.2619999999866,129895.77499999978,-0.0014549098371704884
2026-05-27,0,0.0,0.0,0.0,129895.77499999978,0.0
2026-05-28,173,332.1599999999929,1.5570000000000002,330.6029999999929,130226.37799999976,0.002545140517464817
2026-05-29,172,-251.1199999999867,1.5480000000000003,-252.6679999999867,129973.70999999977,-0.0019402213582258056
2026-06-01,172,-187.47999999998592,1.5480000000000003,-189.02799999998592,129784.68199999978,-0.0014543556539240608
2026-06-02,0,0.0,0.0,0.0,129784.68199999978,0.0
2026-06-03,171,302.67000000001633,1.5390000000000001,301.13100000001634,130085.8129999998,0.002320235295564517
2026-06-04,172,79.12000000000626,1.5480000000000003,77.57200000000626,130163.3849999998,0.0005963140653931753
2026-06-05,173,1956.6299999999906,1.5570000000000002,1955.0729999999905,132118.4579999998,0.015020145642340152
2026-06-08,177,-1020.4049999999976,1.5930000000000002,-1021.9979999999975,131096.45999999982,-0.007735467212310327
2026-06-09,176,-1066.5600000000104,1.584,-1068.1440000000105,130028.3159999998,-0.008147771495889454
2026-06-10,177,704.4599999999831,1.5930000000000002,702.8669999999831,130731.18299999979,0.005405491831486799
2026-06-11,179,488.6699999999829,1.6110000000000002,487.0589999999829,131218.24199999977,0.003725652815365281
2026-06-12,177,-419.4900000000008,1.5930000000000002,-421.0830000000008,130797.15899999977,-0.0032090279033002256
2026-06-15,173,247.38999999999135,1.5570000000000002,245.83299999999136,131042.99199999975,0.00187949800958591
2026-06-16,0,0.0,0.0,0.0,131042.99199999975,0.0
2026-06-17,174,889.1400000000024,1.5660000000000003,887.5740000000023,131930.56599999976,0.006773151211321579
2026-06-18,0,0.0,0.0,0.0,131930.56599999976,0.0
2026-06-22,176,-872.9599999999864,3.168,-876.1279999999864,131054.43799999978,-0.0066408265086954
2026-06-23,0,0.0,0.0,0.0,131054.43799999978,0.0
2026-06-24,178,-1137.4199999999976,1.602,-1139.0219999999977,129915.41599999978,-0.008691212731002667
2026-06-25,175,-603.750000000008,1.5750000000000002,-605.325000000008,129310.09099999977,-0.004659377760065126
2026-06-26,0,0.0,0.0,0.0,129310.09099999977,0.0
2026-06-29,175,73.49999999999284,1.5750000000000002,71.92499999999283,129382.01599999976,0.0005562210918248675
2026-06-30,174,487.1999999999921,1.5660000000000003,485.6339999999921,129867.64999999975,0.0037534892020850336
2026-07-01,0,0.0,0.0,0.0,129867.64999999975,0.0
2026-07-02,173,-1944.5199999999818,3.1140000000000003,-1947.6339999999818,127920.01599999977,-0.014997068169016577
2026-07-06,170,-11.900000000008504,1.5300000000000002,-13.430000000008505,127906.58599999976,-0.00010498747905103865
2026-07-07,170,-187.00000000000387,1.5300000000000002,-188.53000000000387,127718.05599999976,-0.001473966321014965
2026-07-08,171,-904.5899999999938,1.5390000000000001,-906.1289999999938,126811.92699999976,-0.007094760352443788
2026-07-09,169,143.64999999998463,1.5210000000000001,142.12899999998464,126954.05599999975,0.0011207857443881041
2026-07-10,0,0.0,0.0,0.0,126954.05599999975,0.0
2026-07-13,168,3.359999999996944,1.5120000000000002,1.8479999999969439,126955.90399999975,1.455644709765671e-05
2026-07-14,0,0.0,0.0,0.0,126955.90399999975,0.0
2026-07-15,0,0.0,0.0,0.0,126955.90399999975,0.0
2026-07-16,168,-307.4400000000069,1.5120000000000002,-308.9520000000069,126646.95199999974,-0.0024335378683925366
2026-07-17,0,0.0,0.0,0.0,126646.95199999974,0.0
2026-07-20,0,0.0,0.0,0.0,126646.95199999974,0.0
2026-07-21,169,-77.74000000000615,1.5210000000000001,-79.26100000000615,126567.69099999973,-0.0006258421442310457
2026-07-22,0,0.0,0.0,0.0,126567.69099999973,0.0
2026-07-23,171,-367.6499999999961,1.5390000000000001,-369.1889999999961,126198.50199999973,-0.0029169292501353833
2026-07-24,170,-289.00000000000773,1.5300000000000002,-290.5300000000077,125907.97199999972,-0.0023021667880020343
2026-07-27,169,-444.46999999999923,1.5210000000000001,-445.99099999999925,125461.98099999972,-0.003542198265253611
2026-07-28,169,-1207.505000000016,3.0420000000000003,-1210.547000000016,124251.4339999997,-0.009648715812960252
2026-07-29,167,1312.6199999999833,1.5030000000000001,1311.1169999999834,125562.55099999969,0.010552127712264363
2026-07-30,170,511.69999999999845,1.5300000000000002,510.1699999999985,126072.72099999968,0.004063074506984171
2026-07-31,169,-117.45500000000845,1.5210000000000001,-118.97600000000845,125953.74499999968,-0.0009437093056792893
2026-08-03,168,717.359999999997,1.5120000000000002,715.847999999997,126669.59299999967,0.005683419734760557
2026-08-04,166,1283.180000000003,1.4940000000000002,1281.686000000003,127951.27899999967,0.010118339923931123
2026-08-05,0,0.0,0.0,0.0,127951.27899999967,0.0
2026-08-06,0,0.0,0.0,0.0,127951.27899999967,0.0
2026-08-07,0,0.0,0.0,0.0,127951.27899999967,0.0
2026-08-10,0,0.0,0.0,0.0,127951.27899999967,0.0
2026-08-11,165,-160.87500000000375,1.485,-162.36000000000377,127788.91899999967,-0.001268920492776037
2026-08-12,0,0.0,0.0,0.0,127788.91899999967,0.0
2026-08-13,164,37.72000000000298,1.4760000000000002,36.244000000002984,127825.16299999968,0.0002836239658620406
2026-08-14,0,0.0,0.0,0.0,127825.16299999968,0.0
2026-08-17,0,0.0,0.0,0.0,127825.16299999968,0.0
2026-08-18,0,0.0,0.0,0.0,127825.16299999968,0.0
2026-08-19,0,0.0,0.0,0.0,127825.16299999968,0.0
2026-08-20,0,0.0,0.0,0.0,127825.16299999968,0.0
2026-08-21,0,0.0,0.0,0.0,127825.16299999968,0.0
2026-08-24,167,-15.865000000004557,1.5030000000000001,-17.368000000004557,127807.79499999968,-0.00013587309096570134
2026-08-25,0,0.0,0.0,0.0,127807.79499999968,0.0
2026-08-26,167,-113.55999999999165,1.5030000000000001,-115.06299999999165,127692.73199999968,-0.0009002815516846366
2026-08-27,166,129.47999999999547,1.4940000000000002,127.98599999999547,127820.71799999967,0.001002296669476817
2026-08-28,165,-829.9499999999955,2.97,-832.9199999999955,126987.79799999968,-0.006516314514834736
2026-08-31,165,-103.94999999999925,1.485,-105.43499999999925,126882.36299999968,-0.0008302766223255522
2026-09-01,0,0.0,0.0,0.0,126882.36299999968,0.0
2026-09-02,166,-18.260000000002265,1.4940000000000002,-19.754000000002264,126862.60899999968,-0.00015568751663304312
2026-09-03,165,608.850000000009,1.485,607.365000000009,127469.97399999968,0.004787580870262652
2026-09-04,165,-118.79999999998574,1.485,-120.28499999998574,127349.6889999997,-0.0009436339886598396
2026-09-08,165,229.3500000000165,1.485,227.8650000000165,127577.55399999971,0.0017892858772510787
2026-09-09,166,-135.2899999999902,1.4940000000000002,-136.7839999999902,127440.76999999973,-0.001072163524940998
2026-09-10,168,-176.39999999999236,1.5120000000000002,-177.91199999999236,127262.85799999973,-0.0013960367628035575
2026-09-11,166,-348.6000000000038,1.4940000000000002,-350.0940000000038,126912.76399999973,-0.0027509518920281087
2026-09-14,0,0.0,0.0,0.0,126912.76399999973,0.0
2026-09-15,166,9.960000000009813,1.4940000000000002,8.466000000009814,126921.22999999975,6.670723836737045e-05
2026-09-16,167,-21.70999999999924,1.5030000000000001,-23.21299999999924,126898.01699999975,-0.00018289296440003998
2026-09-17,0,0.0,0.0,0.0,126898.01699999975,0.0
2026-09-18,166,-317.88999999999396,1.4940000000000002,-319.383999999994,126578.63299999975,-0.0025168557204482923
2026-09-21,165,962.775000000006,1.485,961.290000000006,127539.92299999976,0.007594409713683729
2026-09-22,0,0.0,0.0,0.0,127539.92299999976,0.0
2026-09-23,165,453.75,1.485,452.265,127992.18799999976,0.0035460661208020394
2026-09-24,0,0.0,0.0,0.0,127992.18799999976,0.0
2026-09-25,166,-39.84000000000151,1.4940000000000002,-41.33400000000151,127950.85399999976,-0.00032294158452859315
2026-09-28,166,-219.95000000000755,1.4940000000000002,-221.44400000000755,127729.40999999976,-0.0017306957560440195
2026-09-29,166,-234.05999999999472,1.4940000000000002,-235.55399999999472,127493.85599999977,-0.001844164159217483
2026-09-30,166,-941.2199999999932,1.4940000000000002,-942.7139999999932,126551.14199999977,-0.007394191607162583
2026-10-01,165,-628.6500000000098,1.485,-630.1350000000098,125921.00699999976,-0.004979291297110625
2026-10-02,0,0.0,0.0,0.0,125921.00699999976,0.0
